source_file,frame_number,active_class_index,source_number_index,azimuth,elevation,distance
fold3_room12_mix001.csv,58,1,2,121,-12,145
fold3_room12_mix001.csv,84,1,2,121,-12,145
fold3_room12_mix001.csv,85,1,2,121,-12,145
fold3_room12_mix001.csv,86,1,2,121,-12,145
fold3_room12_mix001.csv,87,1,2,121,-12,145
fold3_room12_mix001.csv,88,1,2,121,-12,145
fold3_room12_mix001.csv,89,1,2,121,-12,145
fold3_room12_mix001.csv,90,1,2,121,-12,145
fold3_room12_mix001.csv,91,1,2,121,-12,145
fold3_room12_mix001.csv,92,1,2,121,-12,145
fold3_room12_mix001.csv,97,1,2,121,-12,145
fold3_room12_mix001.csv,98,1,2,121,-12,145
fold3_room12_mix001.csv,99,1,2,121,-12,145
fold3_room12_mix001.csv,100,1,2,121,-12,145
fold3_room12_mix001.csv,101,1,2,121,-12,145
fold3_room12_mix001.csv,102,1,2,121,-12,145
fold3_room12_mix001.csv,103,1,2,121,-12,145
fold3_room12_mix001.csv,104,1,2,121,-12,145
fold3_room12_mix001.csv,105,1,2,121,-12,145
fold3_room12_mix001.csv,106,1,2,121,-12,145
fold3_room12_mix001.csv,107,1,2,121,-12,145
fold3_room12_mix001.csv,108,1,2,121,-12,145
fold3_room12_mix001.csv,109,1,2,121,-12,145
fold3_room12_mix001.csv,110,1,2,121,-12,145
fold3_room12_mix001.csv,111,1,2,121,-12,145
fold3_room12_mix001.csv,112,1,2,121,-12,145
fold3_room12_mix001.csv,113,1,2,121,-12,145
fold3_room12_mix001.csv,114,1,2,121,-12,145
fold3_room12_mix001.csv,115,1,2,121,-12,145
fold3_room12_mix001.csv,116,1,2,121,-12,145
fold3_room12_mix001.csv,117,1,2,121,-12,145
fold3_room12_mix001.csv,118,1,2,121,-12,145
fold3_room12_mix001.csv,119,1,2,121,-12,145
fold3_room12_mix001.csv,120,1,2,121,-12,145
fold3_room12_mix001.csv,121,1,2,121,-12,145
fold3_room12_mix001.csv,122,1,2,121,-12,145
fold3_room12_mix001.csv,123,1,2,121,-12,145
fold3_room12_mix001.csv,124,1,2,121,-12,145
fold3_room12_mix001.csv,125,1,2,121,-12,145
fold3_room12_mix001.csv,126,1,2,121,-12,145
fold3_room12_mix001.csv,127,1,2,121,-12,145
fold3_room12_mix001.csv,154,1,2,121,-12,146
fold3_room12_mix001.csv,155,1,2,121,-12,146
fold3_room12_mix001.csv,156,1,2,121,-12,145
fold3_room12_mix001.csv,157,1,2,121,-12,144
fold3_room12_mix001.csv,158,1,2,121,-12,144
fold3_room12_mix001.csv,159,1,2,121,-12,145
fold3_room12_mix001.csv,168,1,2,121,-12,145
fold3_room12_mix001.csv,169,1,2,121,-12,145
fold3_room12_mix001.csv,170,1,2,121,-12,145
fold3_room12_mix001.csv,171,1,2,121,-12,145
fold3_room12_mix001.csv,172,1,2,121,-12,145
fold3_room12_mix001.csv,173,1,2,121,-12,145
fold3_room12_mix001.csv,174,1,2,121,-12,145
fold3_room12_mix001.csv,175,1,2,121,-12,145
fold3_room12_mix001.csv,176,1,2,121,-12,145
fold3_room12_mix001.csv,177,1,2,121,-12,145
fold3_room12_mix001.csv,178,1,2,121,-12,145
fold3_room12_mix001.csv,179,1,2,121,-12,145
fold3_room12_mix001.csv,180,1,2,121,-12,145
fold3_room12_mix001.csv,181,1,2,121,-12,145
fold3_room12_mix001.csv,214,1,2,121,-12,145
fold3_room12_mix001.csv,215,1,2,121,-12,145
fold3_room12_mix001.csv,216,1,2,121,-12,145
fold3_room12_mix001.csv,217,1,2,121,-12,145
fold3_room12_mix001.csv,223,1,2,121,-12,145
fold3_room12_mix001.csv,224,1,2,121,-12,145
fold3_room12_mix001.csv,225,1,2,121,-12,145
fold3_room12_mix001.csv,226,1,2,121,-12,145
fold3_room12_mix001.csv,227,1,2,121,-12,144
fold3_room12_mix001.csv,228,1,2,121,-12,145
fold3_room12_mix001.csv,229,1,2,121,-12,145
fold3_room12_mix001.csv,230,1,2,121,-12,145
fold3_room12_mix001.csv,231,1,2,121,-12,145
fold3_room12_mix001.csv,232,1,2,121,-12,145
fold3_room12_mix001.csv,233,1,2,121,-12,145
fold3_room12_mix001.csv,234,1,2,121,-12,145
fold3_room12_mix001.csv,235,1,2,121,-12,145
fold3_room12_mix001.csv,236,1,2,121,-12,145
fold3_room12_mix001.csv,237,1,2,121,-12,145
fold3_room12_mix001.csv,238,1,2,121,-12,145
fold3_room12_mix001.csv,239,1,2,121,-12,145
fold3_room12_mix001.csv,240,1,2,121,-12,145
fold3_room12_mix001.csv,241,1,2,121,-12,145
fold3_room12_mix001.csv,242,1,2,121,-12,145
fold3_room12_mix001.csv,243,1,2,121,-12,145
fold3_room12_mix001.csv,244,1,2,121,-12,145
fold3_room12_mix001.csv,245,1,2,121,-12,145
fold3_room12_mix001.csv,246,1,2,121,-12,145
fold3_room12_mix001.csv,247,1,2,121,-12,145
fold3_room12_mix001.csv,248,1,2,121,-12,145
fold3_room12_mix001.csv,249,1,2,121,-12,145
fold3_room12_mix001.csv,250,1,2,121,-12,145
fold3_room12_mix001.csv,251,1,2,121,-12,145
fold3_room12_mix001.csv,252,1,2,121,-12,145
fold3_room12_mix001.csv,268,1,2,121,-12,146
fold3_room12_mix001.csv,269,1,2,121,-12,146
fold3_room12_mix001.csv,270,1,2,121,-12,146
fold3_room12_mix001.csv,271,1,2,121,-12,146
fold3_room12_mix001.csv,272,1,2,121,-12,147
fold3_room12_mix001.csv,273,1,2,121,-12,147
fold3_room12_mix001.csv,274,1,2,120,-12,146
fold3_room12_mix001.csv,275,1,2,120,-12,147
fold3_room12_mix001.csv,276,1,2,120,-12,146
fold3_room12_mix001.csv,277,1,2,120,-12,146
fold3_room12_mix001.csv,278,1,2,120,-12,146
fold3_room12_mix001.csv,279,1,2,120,-12,146
fold3_room12_mix001.csv,280,1,2,120,-12,146
fold3_room12_mix001.csv,281,1,2,120,-12,146
fold3_room12_mix001.csv,316,1,2,121,-12,146
fold3_room12_mix001.csv,317,1,2,121,-12,146
fold3_room12_mix001.csv,318,1,2,121,-12,146
fold3_room12_mix001.csv,319,1,2,121,-12,145
fold3_room12_mix001.csv,320,1,2,121,-12,145
fold3_room12_mix001.csv,321,1,2,121,-12,146
fold3_room12_mix001.csv,345,1,2,120,-12,145
fold3_room12_mix001.csv,346,1,2,120,-12,146
fold3_room12_mix001.csv,347,1,2,121,-12,146
fold3_room12_mix001.csv,364,1,2,121,-12,146
fold3_room12_mix001.csv,365,1,2,121,-12,145
fold3_room12_mix001.csv,366,1,2,121,-12,145
fold3_room12_mix001.csv,367,1,2,121,-12,145
fold3_room12_mix001.csv,368,1,2,121,-12,145
fold3_room12_mix001.csv,369,1,2,121,-12,145
fold3_room12_mix001.csv,370,1,2,121,-12,145
fold3_room12_mix001.csv,371,1,2,121,-12,145
fold3_room12_mix001.csv,372,1,2,121,-12,145
fold3_room12_mix001.csv,373,1,2,121,-12,145
fold3_room12_mix001.csv,374,1,2,121,-12,145
fold3_room12_mix001.csv,375,1,2,121,-12,145
fold3_room12_mix001.csv,376,1,2,121,-12,145
fold3_room12_mix001.csv,377,1,2,121,-12,145
fold3_room12_mix001.csv,378,1,2,121,-12,145
fold3_room12_mix001.csv,379,1,2,121,-12,146
fold3_room12_mix001.csv,380,1,2,121,-12,146
fold3_room12_mix001.csv,381,1,2,121,-12,146
fold3_room12_mix001.csv,382,1,2,121,-12,146
fold3_room12_mix001.csv,383,1,2,121,-12,146
fold3_room12_mix001.csv,384,1,2,121,-12,146
fold3_room12_mix001.csv,385,1,2,121,-12,146
fold3_room12_mix001.csv,386,1,2,121,-12,146
fold3_room12_mix001.csv,387,1,2,121,-12,146
fold3_room12_mix001.csv,388,1,2,121,-12,146
fold3_room12_mix001.csv,389,1,2,121,-12,146
fold3_room12_mix001.csv,390,1,2,121,-12,146
fold3_room12_mix001.csv,391,1,2,121,-12,146
fold3_room12_mix001.csv,392,1,2,121,-12,146
fold3_room12_mix001.csv,393,1,2,121,-12,146
fold3_room12_mix001.csv,394,1,2,121,-12,146
fold3_room12_mix001.csv,464,1,2,121,-12,147
fold3_room12_mix001.csv,465,1,2,121,-11,147
fold3_room12_mix001.csv,466,1,2,121,-11,147
fold3_room12_mix001.csv,467,1,2,121,-11,147
fold3_room12_mix001.csv,468,1,2,121,-11,147
fold3_room12_mix001.csv,469,1,2,121,-12,147
fold3_room12_mix001.csv,470,1,2,121,-12,147
fold3_room12_mix001.csv,471,1,2,121,-12,147
fold3_room12_mix001.csv,472,1,2,121,-12,147
fold3_room12_mix001.csv,473,1,2,121,-12,147
fold3_room12_mix001.csv,474,1,2,121,-12,147
fold3_room12_mix001.csv,475,1,2,121,-12,147
fold3_room12_mix001.csv,476,1,2,121,-12,147
fold3_room12_mix001.csv,477,1,2,121,-12,147
fold3_room12_mix001.csv,478,1,2,121,-12,147
fold3_room12_mix001.csv,479,1,2,121,-12,147
fold3_room12_mix001.csv,480,1,2,121,-12,147
fold3_room12_mix001.csv,481,1,2,121,-12,147
fold3_room12_mix001.csv,482,1,2,121,-12,147
fold3_room12_mix001.csv,483,1,2,121,-12,147
fold3_room12_mix001.csv,484,1,2,121,-12,147
fold3_room12_mix001.csv,485,1,2,121,-12,146
fold3_room12_mix001.csv,486,1,2,121,-12,146
fold3_room12_mix001.csv,487,1,2,121,-12,146
fold3_room12_mix001.csv,488,1,2,121,-12,146
fold3_room12_mix001.csv,489,1,2,121,-12,146
fold3_room12_mix001.csv,490,1,2,121,-12,146
fold3_room12_mix001.csv,491,1,2,121,-12,146
fold3_room12_mix001.csv,492,1,2,121,-12,146
fold3_room12_mix001.csv,493,1,2,121,-12,146
fold3_room12_mix001.csv,494,1,2,121,-12,146
fold3_room12_mix001.csv,495,1,2,121,-12,146
fold3_room12_mix001.csv,496,1,2,121,-12,146
fold3_room12_mix001.csv,497,1,2,121,-12,147
fold3_room12_mix001.csv,498,1,2,121,-12,147
fold3_room12_mix001.csv,499,1,2,121,-11,148
fold3_room12_mix001.csv,500,1,2,121,-11,148
fold3_room12_mix001.csv,501,1,2,121,-11,149
fold3_room12_mix001.csv,502,1,2,121,-11,149
fold3_room12_mix001.csv,503,1,2,121,-11,150
fold3_room12_mix001.csv,504,1,2,121,-11,150
fold3_room12_mix001.csv,505,1,2,120,-11,151
fold3_room12_mix001.csv,506,1,2,120,-11,151
fold3_room12_mix001.csv,507,1,2,120,-11,151
fold3_room12_mix001.csv,508,1,2,121,-11,151
fold3_room12_mix001.csv,509,1,2,121,-11,151
fold3_room12_mix001.csv,510,1,2,121,-11,151
fold3_room12_mix001.csv,511,1,2,121,-11,150
fold3_room12_mix001.csv,512,1,2,121,-11,150
fold3_room12_mix001.csv,513,1,2,121,-11,150
fold3_room12_mix001.csv,514,1,2,121,-11,150
fold3_room12_mix001.csv,515,1,2,121,-11,149
fold3_room12_mix001.csv,516,1,2,121,-11,149
fold3_room12_mix001.csv,517,1,2,121,-11,149
fold3_room12_mix001.csv,518,1,2,121,-11,148
fold3_room12_mix001.csv,519,1,2,121,-12,148
fold3_room12_mix001.csv,520,1,2,121,-12,148
fold3_room12_mix001.csv,521,1,2,121,-12,148
fold3_room12_mix001.csv,522,1,2,121,-12,148
fold3_room12_mix001.csv,523,1,2,121,-12,148
fold3_room12_mix001.csv,524,1,2,121,-12,148
fold3_room12_mix001.csv,525,1,2,121,-12,148
fold3_room12_mix001.csv,526,1,2,121,-12,148
fold3_room12_mix001.csv,527,1,2,121,-12,148
fold3_room12_mix001.csv,528,1,2,121,-12,148
fold3_room12_mix001.csv,529,1,2,121,-12,148
fold3_room12_mix001.csv,530,1,2,121,-12,148
fold3_room12_mix001.csv,531,1,2,121,-12,148
fold3_room12_mix001.csv,532,1,2,121,-12,148
fold3_room12_mix001.csv,533,1,2,121,-12,148
fold3_room12_mix001.csv,545,1,2,121,-12,147
fold3_room12_mix001.csv,546,1,2,121,-12,147
fold3_room12_mix001.csv,547,1,2,121,-12,147
fold3_room12_mix001.csv,548,1,2,121,-12,147
fold3_room12_mix001.csv,549,1,2,121,-12,147
fold3_room12_mix001.csv,550,1,2,121,-12,147
fold3_room12_mix001.csv,551,1,2,121,-12,147
fold3_room12_mix001.csv,552,1,2,121,-12,147
fold3_room12_mix001.csv,553,1,2,121,-12,147
fold3_room12_mix001.csv,554,1,2,121,-12,147
fold3_room12_mix001.csv,555,1,2,121,-12,147
fold3_room12_mix001.csv,556,1,2,121,-12,147
fold3_room12_mix001.csv,557,1,2,121,-12,147
fold3_room12_mix001.csv,558,1,2,121,-12,147
fold3_room12_mix001.csv,559,1,2,121,-12,147
fold3_room12_mix001.csv,582,1,2,121,-12,147
fold3_room12_mix001.csv,583,1,2,121,-12,146
fold3_room12_mix001.csv,584,1,2,121,-12,146
fold3_room12_mix001.csv,585,1,2,121,-12,147
fold3_room12_mix001.csv,586,1,2,121,-12,148
fold3_room12_mix001.csv,587,1,2,121,-12,148
fold3_room12_mix001.csv,588,1,2,121,-12,147
fold3_room12_mix001.csv,600,1,2,121,-12,147
fold3_room12_mix001.csv,629,1,2,121,-12,147
fold3_room12_mix001.csv,630,1,2,121,-12,147
fold3_room12_mix001.csv,631,1,2,121,-12,147
fold3_room12_mix001.csv,632,1,2,121,-12,147
fold3_room12_mix001.csv,633,1,2,121,-12,147
fold3_room12_mix001.csv,634,1,2,121,-12,147
fold3_room12_mix001.csv,635,1,2,121,-12,148
fold3_room12_mix001.csv,636,1,2,121,-12,148
fold3_room12_mix001.csv,637,1,2,121,-12,148
fold3_room12_mix001.csv,638,1,2,121,-12,148
fold3_room12_mix001.csv,639,1,2,121,-12,148
fold3_room12_mix001.csv,640,1,2,121,-12,147
fold3_room12_mix001.csv,641,1,2,121,-12,147
fold3_room12_mix001.csv,642,1,2,121,-12,147
fold3_room12_mix001.csv,643,1,2,121,-12,147
fold3_room12_mix001.csv,644,1,2,121,-12,147
fold3_room12_mix001.csv,645,1,2,121,-12,147
fold3_room12_mix001.csv,646,1,2,121,-12,147
fold3_room12_mix001.csv,647,1,2,121,-12,147
fold3_room12_mix001.csv,648,1,2,121,-12,147
fold3_room12_mix001.csv,649,1,2,121,-12,147
fold3_room12_mix001.csv,650,1,2,121,-12,147
fold3_room12_mix001.csv,651,1,2,121,-12,147
fold3_room12_mix001.csv,652,1,2,121,-12,147
fold3_room12_mix001.csv,653,1,2,121,-12,147
fold3_room12_mix001.csv,654,1,2,121,-12,147
fold3_room12_mix001.csv,655,1,2,121,-12,147
fold3_room12_mix001.csv,656,1,2,121,-12,147
fold3_room12_mix001.csv,657,1,2,121,-12,148
fold3_room12_mix001.csv,658,1,2,121,-12,147
fold3_room12_mix001.csv,659,1,2,121,-12,147
fold3_room12_mix001.csv,660,1,2,121,-12,147
fold3_room12_mix001.csv,661,1,2,121,-12,147
fold3_room12_mix001.csv,662,1,2,121,-12,147
fold3_room12_mix001.csv,663,1,2,121,-12,147
fold3_room12_mix001.csv,664,1,2,121,-12,147
fold3_room12_mix001.csv,665,1,2,121,-12,147
fold3_room12_mix001.csv,666,1,2,121,-12,147
fold3_room12_mix001.csv,667,1,2,121,-12,146
fold3_room12_mix001.csv,668,1,2,121,-12,146
fold3_room12_mix001.csv,669,1,2,121,-12,146
fold3_room12_mix001.csv,670,1,2,121,-12,146
fold3_room12_mix001.csv,671,1,2,121,-12,147
fold3_room12_mix001.csv,672,1,2,121,-12,147
fold3_room12_mix001.csv,673,1,2,121,-12,147
fold3_room12_mix001.csv,674,1,2,121,-12,147
fold3_room12_mix001.csv,675,1,2,121,-12,147
fold3_room12_mix001.csv,676,1,2,121,-12,147
fold3_room12_mix001.csv,677,1,2,121,-12,148
fold3_room12_mix001.csv,678,1,2,121,-11,148
fold3_room12_mix001.csv,679,1,2,121,-11,148
fold3_room12_mix001.csv,680,1,2,120,-11,148
fold3_room12_mix001.csv,681,1,2,120,-11,148
fold3_room12_mix001.csv,685,1,2,120,-11,149
fold3_room12_mix001.csv,686,1,2,120,-11,149
fold3_room12_mix001.csv,687,1,2,120,-11,148
fold3_room12_mix001.csv,688,1,2,120,-11,148
fold3_room12_mix001.csv,689,1,2,120,-11,148
fold3_room12_mix001.csv,690,1,2,120,-11,148
fold3_room12_mix001.csv,691,1,2,120,-11,148
fold3_room12_mix001.csv,692,1,2,120,-11,148
fold3_room12_mix001.csv,693,1,2,120,-11,148
fold3_room12_mix001.csv,694,1,2,120,-11,148
fold3_room12_mix001.csv,695,1,2,120,-11,148
fold3_room12_mix001.csv,696,1,2,120,-11,148
fold3_room12_mix001.csv,697,1,2,120,-11,148
fold3_room12_mix001.csv,698,1,2,120,-11,148
fold3_room12_mix001.csv,709,1,2,121,-12,148
fold3_room12_mix001.csv,710,1,2,121,-12,148
fold3_room12_mix001.csv,711,1,2,121,-12,148
fold3_room12_mix001.csv,712,1,2,121,-12,148
fold3_room12_mix001.csv,713,1,2,121,-12,148
fold3_room12_mix001.csv,714,1,2,121,-12,148
fold3_room12_mix001.csv,715,1,2,121,-12,148
fold3_room12_mix001.csv,716,1,2,121,-12,148
fold3_room12_mix001.csv,717,1,2,121,-12,148
fold3_room12_mix001.csv,718,1,2,121,-12,148
fold3_room12_mix001.csv,719,1,2,121,-12,148
fold3_room12_mix001.csv,720,1,2,121,-11,148
fold3_room12_mix001.csv,721,1,2,121,-11,148
fold3_room12_mix001.csv,722,1,2,121,-11,148
fold3_room12_mix001.csv,729,1,2,121,-12,148
fold3_room12_mix001.csv,730,1,2,121,-12,148
fold3_room12_mix001.csv,731,1,2,121,-12,149
fold3_room12_mix001.csv,732,1,2,121,-12,148
fold3_room12_mix001.csv,733,1,2,121,-11,148
fold3_room12_mix001.csv,737,1,2,121,-11,149
fold3_room12_mix001.csv,738,1,2,121,-12,149
fold3_room12_mix001.csv,739,1,2,121,-12,148
fold3_room12_mix001.csv,775,1,2,121,-11,149
fold3_room12_mix001.csv,776,1,2,121,-11,148
fold3_room12_mix001.csv,777,1,2,121,-12,148
fold3_room12_mix001.csv,778,1,2,121,-12,148
fold3_room12_mix001.csv,779,1,2,121,-12,148
fold3_room12_mix001.csv,780,1,2,121,-12,148
fold3_room12_mix001.csv,781,1,2,121,-12,148
fold3_room12_mix001.csv,782,1,2,121,-12,148
fold3_room12_mix001.csv,783,1,2,121,-12,148
fold3_room12_mix001.csv,784,1,2,121,-12,148
fold3_room12_mix001.csv,785,1,2,121,-12,148
fold3_room12_mix001.csv,786,1,2,121,-12,148
fold3_room12_mix001.csv,787,1,2,121,-12,148
fold3_room12_mix001.csv,788,1,2,121,-12,148
fold3_room12_mix001.csv,789,1,2,121,-12,148
fold3_room12_mix001.csv,790,1,2,121,-12,148
fold3_room12_mix001.csv,791,1,2,121,-12,148
fold3_room12_mix001.csv,792,1,2,121,-12,148
fold3_room12_mix001.csv,793,1,2,121,-12,148
fold3_room12_mix001.csv,794,1,2,121,-12,148
fold3_room12_mix001.csv,795,1,2,121,-12,148
fold3_room12_mix001.csv,796,1,2,121,-12,148
fold3_room12_mix001.csv,797,1,2,121,-12,148
fold3_room12_mix001.csv,798,1,2,121,-12,148
fold3_room12_mix001.csv,799,1,2,121,-12,148
fold3_room12_mix001.csv,800,1,2,121,-12,148
fold3_room12_mix001.csv,801,1,2,121,-12,148
fold3_room12_mix001.csv,802,1,2,121,-12,148
fold3_room12_mix001.csv,841,1,2,121,-12,148
fold3_room12_mix001.csv,842,1,2,121,-11,148
fold3_room12_mix001.csv,851,1,2,121,-11,148
fold3_room12_mix001.csv,852,1,2,121,-11,148
fold3_room12_mix001.csv,853,1,2,121,-11,148
fold3_room12_mix001.csv,854,1,2,121,-11,148
fold3_room12_mix001.csv,855,1,2,121,-11,148
fold3_room12_mix001.csv,856,1,2,121,-11,148
fold3_room12_mix001.csv,857,1,2,121,-11,148
fold3_room12_mix001.csv,858,1,2,121,-11,148
fold3_room12_mix001.csv,859,1,2,121,-11,148
fold3_room12_mix001.csv,860,1,2,121,-11,148
fold3_room12_mix001.csv,861,1,2,121,-11,148
fold3_room12_mix001.csv,862,1,2,121,-11,149
fold3_room12_mix001.csv,863,1,2,121,-11,149
fold3_room12_mix001.csv,864,1,2,121,-11,149
fold3_room12_mix001.csv,865,1,2,121,-11,149
fold3_room12_mix001.csv,866,1,2,121,-11,148
fold3_room12_mix001.csv,867,1,2,121,-11,148
fold3_room12_mix001.csv,868,1,2,121,-11,148
fold3_room12_mix001.csv,869,1,2,121,-11,149
fold3_room12_mix001.csv,870,1,2,121,-11,149
fold3_room12_mix001.csv,871,1,2,121,-11,149
fold3_room12_mix001.csv,872,1,2,121,-11,149
fold3_room12_mix001.csv,873,1,2,121,-11,149
fold3_room12_mix001.csv,874,1,2,121,-11,149
fold3_room12_mix001.csv,875,1,2,121,-11,149
fold3_room12_mix001.csv,876,1,2,121,-11,149
fold3_room12_mix001.csv,877,1,2,121,-11,149
fold3_room12_mix001.csv,878,1,2,121,-11,149
fold3_room12_mix001.csv,879,1,2,121,-11,149
fold3_room12_mix001.csv,880,1,2,121,-11,148
fold3_room12_mix001.csv,881,1,2,121,-11,148
fold3_room12_mix001.csv,882,1,2,121,-11,148
fold3_room12_mix001.csv,883,1,2,121,-11,148
fold3_room12_mix001.csv,884,1,2,121,-11,148
fold3_room12_mix001.csv,885,1,2,121,-11,148
fold3_room12_mix001.csv,886,1,2,121,-11,148
fold3_room12_mix001.csv,893,1,2,121,-11,149
fold3_room12_mix001.csv,894,1,2,121,-11,150
fold3_room12_mix001.csv,895,1,2,121,-11,150
fold3_room12_mix001.csv,896,1,2,121,-11,150
fold3_room12_mix001.csv,897,1,2,121,-11,150
fold3_room12_mix001.csv,898,1,2,121,-11,150
fold3_room12_mix001.csv,899,1,2,121,-11,150
fold3_room12_mix001.csv,900,1,2,121,-11,150
fold3_room12_mix001.csv,901,1,2,121,-11,150
fold3_room12_mix001.csv,902,1,2,121,-11,150
fold3_room12_mix001.csv,903,1,2,121,-11,150
fold3_room12_mix001.csv,904,1,2,121,-11,150
fold3_room12_mix001.csv,905,1,2,121,-11,150
fold3_room12_mix001.csv,906,1,2,121,-11,149
fold3_room12_mix001.csv,907,1,2,121,-11,149
fold3_room12_mix001.csv,908,1,2,121,-11,149
fold3_room12_mix001.csv,909,1,2,121,-11,148
fold3_room12_mix001.csv,910,1,2,121,-11,148
fold3_room12_mix001.csv,911,1,2,121,-11,148
fold3_room12_mix001.csv,912,1,2,121,-11,148
fold3_room12_mix001.csv,913,1,2,121,-11,148
fold3_room12_mix001.csv,914,1,2,121,-11,148
fold3_room12_mix001.csv,915,1,2,121,-11,148
fold3_room12_mix001.csv,916,1,2,121,-11,148
fold3_room12_mix001.csv,917,1,2,121,-11,148
fold3_room12_mix001.csv,918,1,2,121,-11,149
fold3_room12_mix001.csv,930,1,2,121,-11,149
fold3_room12_mix001.csv,931,1,2,121,-11,149
fold3_room12_mix001.csv,932,1,2,121,-11,149
fold3_room12_mix001.csv,933,1,2,121,-11,149
fold3_room12_mix001.csv,934,1,2,121,-11,149
fold3_room12_mix001.csv,935,1,2,121,-11,148
fold3_room12_mix001.csv,936,1,2,121,-11,148
fold3_room12_mix001.csv,937,1,2,121,-11,149
fold3_room12_mix001.csv,938,1,2,121,-11,149
fold3_room12_mix001.csv,939,1,2,121,-11,150
fold3_room12_mix001.csv,940,1,2,121,-11,150
fold3_room12_mix001.csv,941,1,2,121,-11,150
fold3_room12_mix001.csv,942,1,2,120,-11,150
fold3_room12_mix001.csv,943,1,2,120,-11,151
fold3_room12_mix001.csv,944,1,2,120,-11,151
fold3_room12_mix001.csv,945,1,2,120,-11,151
fold3_room12_mix001.csv,946,1,2,120,-11,151
fold3_room12_mix001.csv,947,1,2,120,-11,151
fold3_room12_mix001.csv,948,1,2,120,-11,151
fold3_room12_mix001.csv,949,1,2,120,-11,151
fold3_room12_mix001.csv,950,1,2,120,-11,151
fold3_room12_mix001.csv,951,1,2,120,-11,150
fold3_room12_mix001.csv,952,1,2,120,-11,150
fold3_room12_mix001.csv,953,1,2,121,-11,150
fold3_room12_mix001.csv,954,1,2,121,-11,150
fold3_room12_mix001.csv,955,1,2,121,-11,150
fold3_room12_mix001.csv,956,1,2,121,-11,150
fold3_room12_mix001.csv,957,1,2,121,-11,149
fold3_room12_mix001.csv,958,1,2,121,-11,149
fold3_room12_mix001.csv,959,1,2,121,-11,149
fold3_room12_mix001.csv,960,1,2,121,-11,149
fold3_room12_mix001.csv,961,1,2,121,-11,149
fold3_room12_mix001.csv,962,1,2,121,-11,149
fold3_room12_mix001.csv,963,1,2,121,-11,149
fold3_room12_mix001.csv,964,1,2,121,-11,149
fold3_room12_mix001.csv,965,1,2,121,-12,149
fold3_room12_mix001.csv,966,1,2,121,-12,149
fold3_room12_mix001.csv,967,1,2,121,-12,149
fold3_room12_mix001.csv,968,1,2,121,-12,149
fold3_room12_mix001.csv,969,1,2,121,-12,149
fold3_room12_mix001.csv,970,1,2,121,-12,149
fold3_room12_mix001.csv,971,1,2,121,-12,149
fold3_room12_mix001.csv,978,1,2,121,-12,149
fold3_room12_mix001.csv,979,1,2,121,-12,149
fold3_room12_mix001.csv,980,1,2,121,-12,149
fold3_room12_mix001.csv,981,1,2,121,-12,149
fold3_room12_mix001.csv,996,1,2,121,-12,148
fold3_room12_mix001.csv,997,1,2,121,-12,148
fold3_room12_mix001.csv,998,1,2,121,-12,148
fold3_room12_mix001.csv,999,1,2,121,-12,148
fold3_room12_mix001.csv,1000,1,2,121,-12,148
fold3_room12_mix001.csv,1001,1,2,121,-12,148
fold3_room12_mix001.csv,1002,1,2,121,-12,148
fold3_room12_mix001.csv,1003,1,2,121,-12,148
fold3_room12_mix001.csv,1004,1,2,121,-12,148
fold3_room12_mix001.csv,1005,1,2,121,-12,149
fold3_room12_mix001.csv,1006,1,2,121,-12,149
fold3_room12_mix001.csv,1007,1,2,121,-12,149
fold3_room12_mix001.csv,1008,1,2,121,-12,149
fold3_room12_mix001.csv,1009,1,2,121,-12,149
fold3_room12_mix001.csv,1010,1,2,121,-12,149
fold3_room12_mix001.csv,1011,1,2,121,-12,149
fold3_room12_mix001.csv,1012,1,2,121,-12,149
fold3_room12_mix001.csv,1013,1,2,121,-12,149
fold3_room12_mix001.csv,1014,1,2,121,-12,149
fold3_room12_mix001.csv,1015,1,2,121,-12,149
fold3_room12_mix001.csv,1016,1,2,121,-12,149
fold3_room12_mix001.csv,1023,1,2,121,-11,149
fold3_room12_mix001.csv,1024,1,2,121,-11,149
fold3_room12_mix001.csv,1025,1,2,121,-11,149
fold3_room12_mix001.csv,1026,1,2,121,-12,149
fold3_room12_mix001.csv,1027,1,2,121,-12,148
fold3_room12_mix001.csv,1028,1,2,121,-12,148
fold3_room12_mix001.csv,1029,1,2,121,-12,148
fold3_room12_mix001.csv,1030,1,2,121,-12,148
fold3_room12_mix001.csv,1031,1,2,121,-12,149
fold3_room12_mix001.csv,1032,1,2,121,-12,149
fold3_room12_mix001.csv,1033,1,2,121,-12,149
fold3_room12_mix001.csv,1034,1,2,121,-12,149
fold3_room12_mix001.csv,1035,1,2,121,-12,149
fold3_room12_mix001.csv,1036,1,2,121,-12,149
fold3_room12_mix001.csv,1037,1,2,121,-11,149
fold3_room12_mix001.csv,1038,1,2,121,-11,149
fold3_room12_mix001.csv,1039,1,2,121,-11,148
fold3_room12_mix001.csv,1040,1,2,121,-12,148
fold3_room12_mix001.csv,1041,1,2,121,-12,148
fold3_room12_mix001.csv,1042,1,2,121,-12,148
fold3_room12_mix001.csv,1043,1,2,121,-12,148
fold3_room12_mix001.csv,1044,1,2,121,-12,148
fold3_room12_mix001.csv,1045,1,2,121,-12,148
fold3_room12_mix001.csv,1046,1,2,121,-12,148
fold3_room12_mix001.csv,1047,1,2,121,-12,148
fold3_room12_mix001.csv,1048,1,2,121,-12,148
fold3_room12_mix001.csv,1049,1,2,121,-12,148
fold3_room12_mix001.csv,1188,1,2,121,-12,147
fold3_room12_mix001.csv,1189,1,2,121,-12,148
fold3_room12_mix001.csv,1190,1,2,121,-12,148
fold3_room12_mix001.csv,1252,1,2,121,-12,147
fold3_room12_mix001.csv,1253,1,2,121,-12,147
fold3_room12_mix001.csv,1254,1,2,121,-12,147
fold3_room12_mix001.csv,1255,1,2,121,-12,147
fold3_room12_mix001.csv,1256,1,2,121,-12,147
fold3_room12_mix001.csv,1257,1,2,121,-12,147
fold3_room12_mix001.csv,1258,1,2,121,-12,147
fold3_room12_mix001.csv,1259,1,2,121,-12,147
fold3_room12_mix001.csv,1260,1,2,121,-12,147
fold3_room12_mix001.csv,1261,1,2,121,-12,148
fold3_room12_mix001.csv,1262,1,2,121,-12,148
fold3_room12_mix001.csv,1263,1,2,121,-12,148
fold3_room12_mix001.csv,1264,1,2,121,-12,148
fold3_room12_mix001.csv,1265,1,2,121,-12,148
fold3_room12_mix001.csv,1266,1,2,121,-12,148
fold3_room12_mix001.csv,1267,1,2,121,-12,148
fold3_room12_mix001.csv,1268,1,2,121,-12,148
fold3_room12_mix001.csv,1269,1,2,121,-12,148
fold3_room12_mix001.csv,1270,1,2,121,-12,148
fold3_room12_mix001.csv,1271,1,2,121,-12,148
fold3_room12_mix001.csv,1272,1,2,121,-12,148
fold3_room12_mix001.csv,1273,1,2,121,-12,148
fold3_room12_mix001.csv,1274,1,2,121,-12,148
fold3_room12_mix001.csv,1291,1,2,121,-11,149
fold3_room12_mix001.csv,1292,1,2,121,-11,149
fold3_room12_mix001.csv,1293,1,2,121,-11,149
fold3_room12_mix001.csv,1294,1,2,121,-11,149
fold3_room12_mix001.csv,1295,1,2,121,-12,149
fold3_room12_mix001.csv,1334,1,2,121,-12,148
fold3_room12_mix001.csv,1335,1,2,121,-12,148
fold3_room12_mix001.csv,1336,1,2,121,-12,148
fold3_room12_mix001.csv,1337,1,2,121,-12,148
fold3_room12_mix001.csv,1338,1,2,121,-12,148
fold3_room12_mix001.csv,1339,1,2,121,-12,149
fold3_room12_mix001.csv,1340,1,2,121,-12,149
fold3_room12_mix001.csv,1341,1,2,121,-12,149
fold3_room12_mix001.csv,1342,1,2,121,-12,149
fold3_room12_mix001.csv,1343,1,2,121,-12,149
fold3_room12_mix001.csv,1344,1,2,121,-12,148
fold3_room12_mix001.csv,1345,1,2,121,-12,148
fold3_room12_mix001.csv,1346,1,2,121,-12,148
fold3_room12_mix001.csv,1347,1,2,121,-12,148
fold3_room12_mix001.csv,1356,1,2,121,-12,149
fold3_room12_mix001.csv,1357,1,2,121,-12,149
fold3_room12_mix001.csv,1358,1,2,121,-12,149
fold3_room12_mix001.csv,1359,1,2,121,-12,149
fold3_room12_mix001.csv,1360,1,2,121,-12,149
fold3_room12_mix001.csv,1361,1,2,121,-12,149
fold3_room12_mix001.csv,1362,1,2,121,-12,149
fold3_room12_mix001.csv,1363,1,2,121,-12,149
fold3_room12_mix001.csv,1364,1,2,121,-12,149
fold3_room12_mix001.csv,1365,1,2,121,-12,149
fold3_room12_mix001.csv,1366,1,2,121,-12,149
fold3_room12_mix001.csv,1367,1,2,121,-12,149
fold3_room12_mix001.csv,1368,1,2,121,-12,149
fold3_room12_mix001.csv,1369,1,2,121,-12,149
fold3_room12_mix001.csv,1370,1,2,121,-12,150
fold3_room12_mix001.csv,1371,1,2,121,-12,150
fold3_room12_mix001.csv,1372,1,2,121,-12,150
fold3_room12_mix001.csv,1373,1,2,121,-12,150
fold3_room12_mix001.csv,1374,1,2,121,-12,150
fold3_room12_mix001.csv,1375,1,2,121,-12,149
fold3_room12_mix001.csv,1376,1,2,121,-12,149
fold3_room12_mix001.csv,1387,1,2,121,-12,149
fold3_room12_mix001.csv,1388,1,2,121,-12,149
fold3_room12_mix001.csv,1389,1,2,121,-12,149
fold3_room12_mix001.csv,1390,1,2,121,-12,149
fold3_room12_mix001.csv,1391,1,2,121,-12,149
fold3_room12_mix001.csv,1392,1,2,121,-12,149
fold3_room12_mix001.csv,1393,1,2,121,-12,149
fold3_room12_mix001.csv,1394,1,2,121,-11,149
fold3_room12_mix001.csv,1426,1,2,121,-12,149
fold3_room12_mix001.csv,1427,1,2,121,-12,149
fold3_room12_mix001.csv,1428,1,2,121,-12,149
fold3_room12_mix001.csv,1429,1,2,121,-12,149
fold3_room12_mix001.csv,1430,1,2,121,-12,148
fold3_room12_mix001.csv,1431,1,2,121,-12,148
fold3_room12_mix001.csv,1432,1,2,121,-12,148
fold3_room12_mix001.csv,1433,1,2,121,-12,148
fold3_room12_mix001.csv,1434,1,2,121,-12,148
fold3_room12_mix001.csv,1435,1,2,121,-12,148
fold3_room12_mix001.csv,1436,1,2,121,-12,148
fold3_room12_mix001.csv,1437,1,2,121,-12,148
fold3_room12_mix001.csv,1438,1,2,121,-12,148
fold3_room12_mix001.csv,1477,1,2,121,-12,148
fold3_room12_mix001.csv,1478,1,2,121,-12,148
fold3_room12_mix001.csv,1479,1,2,121,-11,148
fold3_room12_mix001.csv,1588,1,2,121,-12,148
fold3_room12_mix001.csv,1589,1,2,121,-12,148
fold3_room12_mix001.csv,1590,1,2,121,-12,148
fold3_room12_mix001.csv,1591,1,2,121,-12,148
fold3_room12_mix001.csv,1592,1,2,121,-12,148
fold3_room12_mix001.csv,1593,1,2,121,-12,148
fold3_room12_mix001.csv,1594,1,2,121,-12,148
fold3_room12_mix001.csv,1595,1,2,121,-12,148
fold3_room12_mix001.csv,1596,1,2,121,-12,148
fold3_room12_mix001.csv,1597,1,2,121,-12,148
fold3_room12_mix001.csv,1598,1,2,121,-12,148
fold3_room12_mix001.csv,1599,1,2,121,-12,148
fold3_room12_mix001.csv,1600,1,2,121,-12,148
fold3_room12_mix001.csv,1601,1,2,121,-12,148
fold3_room12_mix001.csv,1602,1,2,121,-12,148
fold3_room12_mix001.csv,1603,1,2,121,-12,148
fold3_room12_mix001.csv,1604,1,2,121,-12,148
fold3_room12_mix001.csv,1605,1,2,121,-12,148
fold3_room12_mix001.csv,1606,1,2,121,-12,148
fold3_room12_mix001.csv,1607,1,2,121,-12,148
fold3_room12_mix001.csv,1608,1,2,121,-12,148
fold3_room12_mix001.csv,1609,1,2,121,-12,148
fold3_room12_mix001.csv,1610,1,2,121,-12,148
fold3_room12_mix001.csv,1611,1,2,121,-12,148
fold3_room12_mix001.csv,1612,1,2,121,-12,148
fold3_room12_mix001.csv,1613,1,2,121,-12,148
fold3_room12_mix001.csv,1614,1,2,121,-12,148
fold3_room12_mix001.csv,1615,1,2,121,-12,148
fold3_room12_mix001.csv,1616,1,2,121,-12,148
fold3_room12_mix001.csv,1617,1,2,121,-12,148
fold3_room12_mix001.csv,1618,1,2,121,-12,148
fold3_room12_mix001.csv,1619,1,2,121,-12,148
fold3_room12_mix001.csv,1620,1,2,121,-12,148
fold3_room12_mix001.csv,1621,1,2,121,-12,148
fold3_room12_mix001.csv,1622,1,2,121,-12,148
fold3_room12_mix001.csv,1623,1,2,121,-12,148
fold3_room12_mix001.csv,1624,1,2,121,-12,148
fold3_room12_mix001.csv,1625,1,2,121,-12,148
fold3_room12_mix001.csv,1626,1,2,121,-12,148
fold3_room12_mix001.csv,1627,1,2,121,-12,148
fold3_room12_mix001.csv,1628,1,2,121,-12,149
fold3_room12_mix001.csv,1629,1,2,121,-12,149
fold3_room12_mix001.csv,1630,1,2,121,-12,149
fold3_room12_mix001.csv,1631,1,2,121,-12,149
fold3_room12_mix001.csv,1632,1,2,121,-12,149
fold3_room12_mix001.csv,1633,1,2,121,-12,149
fold3_room12_mix001.csv,1645,1,2,121,-12,148
fold3_room12_mix001.csv,1646,1,2,121,-12,148
fold3_room12_mix001.csv,1647,1,2,121,-12,148
fold3_room12_mix001.csv,1648,1,2,121,-12,148
fold3_room12_mix001.csv,1649,1,2,121,-12,148
fold3_room12_mix001.csv,1650,1,2,121,-12,148
fold3_room12_mix001.csv,1651,1,2,121,-12,148
fold3_room12_mix001.csv,1652,1,2,121,-11,149
fold3_room12_mix001.csv,1653,1,2,121,-11,149
fold3_room12_mix001.csv,1654,1,2,121,-11,149
fold3_room12_mix001.csv,1655,1,2,121,-11,149
fold3_room12_mix001.csv,1656,1,2,121,-11,149
fold3_room12_mix001.csv,1657,1,2,121,-11,149
fold3_room12_mix001.csv,1658,1,2,121,-11,149
fold3_room12_mix001.csv,1669,1,2,121,-12,149
fold3_room12_mix001.csv,1670,1,2,121,-12,148
fold3_room12_mix001.csv,1671,1,2,121,-12,148
fold3_room12_mix001.csv,1672,1,2,121,-12,148
fold3_room12_mix001.csv,1673,1,2,121,-12,148
fold3_room12_mix001.csv,1674,1,2,121,-12,148
fold3_room12_mix001.csv,1675,1,2,121,-12,148
fold3_room12_mix001.csv,1676,1,2,121,-12,148
fold3_room12_mix001.csv,1704,1,2,121,-12,148
fold3_room12_mix001.csv,1705,1,2,121,-12,148
fold3_room12_mix001.csv,1706,1,2,121,-12,148
fold3_room12_mix001.csv,1707,1,2,121,-12,148
fold3_room12_mix001.csv,1708,1,2,121,-12,148
fold3_room12_mix001.csv,1709,1,2,121,-12,148
fold3_room12_mix001.csv,1710,1,2,121,-12,148
fold3_room12_mix001.csv,1711,1,2,121,-12,148
fold3_room12_mix001.csv,1712,1,2,121,-12,148
fold3_room12_mix001.csv,1713,1,2,121,-12,148
fold3_room12_mix001.csv,1714,1,2,121,-12,148
fold3_room12_mix001.csv,1715,1,2,121,-12,148
fold3_room12_mix001.csv,1716,1,2,121,-12,148
fold3_room12_mix001.csv,1717,1,2,121,-12,148
fold3_room12_mix001.csv,1718,1,2,121,-12,148
fold3_room12_mix001.csv,1719,1,2,121,-12,148
fold3_room12_mix001.csv,1720,1,2,121,-12,148
fold3_room12_mix001.csv,1721,1,2,121,-12,148
fold3_room12_mix001.csv,1722,1,2,121,-12,148
fold3_room12_mix001.csv,1723,1,2,121,-12,148
fold3_room12_mix001.csv,1760,1,2,121,-12,148
fold3_room12_mix001.csv,1761,1,2,121,-12,148
fold3_room12_mix001.csv,1762,1,2,121,-12,148
fold3_room12_mix001.csv,1763,1,2,121,-12,148
fold3_room12_mix001.csv,1764,1,2,121,-12,148
fold3_room12_mix001.csv,1765,1,2,121,-12,148
fold3_room12_mix001.csv,1766,1,2,121,-12,148
fold3_room12_mix001.csv,1767,1,2,121,-12,148
fold3_room12_mix001.csv,1768,1,2,121,-12,148
fold3_room12_mix001.csv,1769,1,2,121,-12,148
fold3_room12_mix001.csv,1770,1,2,121,-12,149
fold3_room12_mix001.csv,1771,1,2,121,-12,149
fold3_room12_mix001.csv,1772,1,2,121,-12,149
fold3_room12_mix001.csv,1773,1,2,121,-12,149
fold3_room12_mix001.csv,1774,1,2,122,-11,149
fold3_room12_mix001.csv,1775,1,2,122,-11,149
fold3_room12_mix001.csv,1776,1,2,122,-11,149
fold3_room12_mix001.csv,1777,1,2,122,-11,149
fold3_room12_mix001.csv,1778,1,2,122,-12,149
fold3_room12_mix001.csv,1779,1,2,122,-12,149
fold3_room12_mix001.csv,1780,1,2,122,-12,149
fold3_room12_mix001.csv,1781,1,2,122,-12,149
fold3_room12_mix001.csv,1782,1,2,122,-12,149
fold3_room12_mix001.csv,1783,1,2,122,-12,148
fold3_room12_mix001.csv,1784,1,2,122,-12,148
fold3_room12_mix001.csv,1785,1,2,122,-12,148
fold3_room12_mix001.csv,1786,1,2,122,-12,148
fold3_room12_mix001.csv,1787,1,2,122,-12,148
fold3_room12_mix001.csv,1788,1,2,122,-12,148
fold3_room12_mix001.csv,1789,1,2,122,-12,147
fold3_room12_mix001.csv,1790,1,2,123,-12,147
fold3_room12_mix001.csv,1791,1,2,123,-12,147
fold3_room12_mix001.csv,1792,1,2,123,-12,147
fold3_room12_mix001.csv,1793,1,2,123,-12,147
fold3_room12_mix001.csv,1794,1,2,123,-12,147
fold3_room12_mix001.csv,1795,1,2,123,-12,148
fold3_room12_mix001.csv,1796,1,2,123,-12,148
fold3_room12_mix001.csv,1797,1,2,123,-12,147
fold3_room12_mix001.csv,1798,1,2,123,-12,147
fold3_room12_mix001.csv,1805,1,2,123,-12,146
fold3_room12_mix001.csv,1806,1,2,123,-12,146
fold3_room12_mix001.csv,1807,1,2,123,-12,146
fold3_room12_mix001.csv,1808,1,2,123,-12,146
fold3_room12_mix001.csv,1809,1,2,123,-12,146
fold3_room12_mix001.csv,1810,1,2,123,-12,146
fold3_room12_mix001.csv,1811,1,2,123,-12,146
fold3_room12_mix001.csv,1812,1,2,123,-12,146
fold3_room12_mix001.csv,1813,1,2,123,-12,145
fold3_room12_mix001.csv,1814,1,2,123,-12,145
fold3_room12_mix001.csv,1815,1,2,123,-12,145
fold3_room12_mix001.csv,1816,1,2,123,-12,144
fold3_room12_mix001.csv,1817,1,2,123,-12,144
fold3_room12_mix001.csv,1818,1,2,123,-12,144
fold3_room12_mix001.csv,1819,1,2,123,-12,143
fold3_room12_mix001.csv,1820,1,2,122,-12,143
fold3_room12_mix001.csv,1821,1,2,122,-12,143
fold3_room12_mix001.csv,1822,1,2,122,-12,143
fold3_room12_mix001.csv,1823,1,2,122,-12,143
fold3_room12_mix001.csv,1824,1,2,122,-12,143
fold3_room12_mix001.csv,1825,1,2,122,-12,144
fold3_room12_mix001.csv,1826,1,2,122,-12,144
fold3_room12_mix001.csv,1827,1,2,122,-12,145
fold3_room12_mix001.csv,1828,1,2,122,-12,145
fold3_room12_mix001.csv,1829,1,2,122,-12,146
fold3_room12_mix001.csv,1830,1,2,122,-12,146
fold3_room12_mix001.csv,1831,1,2,122,-12,147
fold3_room12_mix001.csv,1832,1,2,122,-12,147
fold3_room12_mix001.csv,1833,1,2,122,-12,147
fold3_room12_mix001.csv,1979,1,2,121,-12,147
fold3_room12_mix001.csv,1980,1,2,121,-12,147
fold3_room12_mix001.csv,1981,1,2,121,-12,147
fold3_room12_mix001.csv,1982,1,2,121,-12,147
fold3_room12_mix001.csv,1983,1,2,121,-12,147
fold3_room12_mix001.csv,1984,1,2,121,-12,147
fold3_room12_mix001.csv,1985,1,2,121,-12,147
fold3_room12_mix001.csv,1986,1,2,121,-12,147
fold3_room12_mix001.csv,1987,1,2,121,-12,147
fold3_room12_mix001.csv,1988,1,2,121,-12,147
fold3_room12_mix001.csv,1989,1,2,121,-12,147
fold3_room12_mix001.csv,1990,1,2,121,-12,147
fold3_room12_mix001.csv,1991,1,2,121,-12,147
fold3_room12_mix001.csv,1992,1,2,121,-12,147
fold3_room12_mix001.csv,1993,1,2,121,-12,147
fold3_room12_mix001.csv,1994,1,2,121,-12,147
fold3_room12_mix001.csv,1995,1,2,121,-12,147
fold3_room12_mix001.csv,1996,1,2,121,-12,147
fold3_room12_mix001.csv,1997,1,2,121,-12,147
fold3_room12_mix001.csv,1998,1,2,121,-12,147
fold3_room12_mix001.csv,1999,1,2,121,-12,147
fold3_room12_mix001.csv,2000,1,2,121,-12,147
fold3_room12_mix001.csv,2001,1,2,121,-12,147
fold3_room12_mix001.csv,2002,1,2,121,-12,148
fold3_room12_mix001.csv,2003,1,2,121,-12,148
fold3_room12_mix001.csv,2004,1,2,121,-12,148
fold3_room12_mix001.csv,2005,1,2,122,-12,148
fold3_room12_mix001.csv,2006,1,2,122,-12,148
fold3_room12_mix001.csv,2007,1,2,122,-12,148
fold3_room12_mix001.csv,2008,1,2,122,-12,148
fold3_room12_mix001.csv,2009,1,2,122,-12,147
fold3_room12_mix001.csv,2010,1,2,122,-12,148
fold3_room12_mix001.csv,2011,1,2,121,-12,148
fold3_room12_mix001.csv,2012,1,2,121,-12,148
fold3_room12_mix001.csv,2013,1,2,121,-12,148
fold3_room12_mix001.csv,2014,1,2,121,-12,148
fold3_room12_mix001.csv,2015,1,2,121,-12,148
fold3_room12_mix001.csv,2016,1,2,121,-12,148
fold3_room12_mix001.csv,2017,1,2,121,-12,148
fold3_room12_mix001.csv,2018,1,2,121,-12,148
fold3_room12_mix001.csv,2019,1,2,121,-12,148
fold3_room12_mix001.csv,2020,1,2,121,-12,148
fold3_room12_mix001.csv,2021,1,2,121,-12,148
fold3_room12_mix001.csv,2022,1,2,121,-12,148
fold3_room12_mix001.csv,2023,1,2,121,-12,148
fold3_room12_mix001.csv,2024,1,2,121,-12,148
fold3_room12_mix001.csv,2025,1,2,121,-12,148
fold3_room12_mix001.csv,2026,1,2,121,-12,148
fold3_room12_mix001.csv,2027,1,2,121,-12,148
fold3_room12_mix001.csv,2028,1,2,121,-12,148
fold3_room12_mix001.csv,2029,1,2,121,-12,148
fold3_room12_mix001.csv,2030,1,2,121,-12,148
fold3_room12_mix001.csv,2031,1,2,121,-11,148
fold3_room12_mix001.csv,2032,1,2,121,-11,148
fold3_room12_mix001.csv,2033,1,2,121,-11,149
fold3_room12_mix001.csv,2034,1,2,121,-12,149
fold3_room12_mix001.csv,2035,1,2,121,-12,149
fold3_room12_mix001.csv,2036,1,2,121,-11,149
fold3_room12_mix001.csv,2037,1,2,121,-11,149
fold3_room12_mix001.csv,2038,1,2,121,-11,149
fold3_room12_mix001.csv,2039,1,2,121,-11,149
fold3_room12_mix001.csv,2040,1,2,121,-11,149
fold3_room12_mix001.csv,2041,1,2,121,-11,149
fold3_room12_mix001.csv,2042,1,2,121,-12,149
fold3_room12_mix001.csv,2043,1,2,121,-12,149
fold3_room12_mix001.csv,2050,1,2,121,-12,149
fold3_room12_mix001.csv,2051,1,2,121,-12,149
fold3_room12_mix001.csv,2052,1,2,121,-12,149
fold3_room12_mix001.csv,2053,1,2,121,-12,149
fold3_room12_mix001.csv,2054,1,2,121,-12,149
fold3_room12_mix001.csv,2055,1,2,121,-12,149
fold3_room12_mix001.csv,2056,1,2,121,-12,149
fold3_room12_mix001.csv,2072,1,2,121,-12,148
fold3_room12_mix001.csv,2073,1,2,121,-12,148
fold3_room12_mix001.csv,2074,1,2,121,-12,148
fold3_room12_mix001.csv,2082,1,2,121,-12,148
fold3_room12_mix001.csv,2083,1,2,121,-12,148
fold3_room12_mix001.csv,2084,1,2,121,-12,148
fold3_room12_mix001.csv,2085,1,2,121,-12,148
fold3_room12_mix001.csv,2086,1,2,121,-12,148
fold3_room12_mix001.csv,2087,1,2,121,-12,148
fold3_room12_mix001.csv,2088,1,2,121,-12,148
fold3_room12_mix001.csv,2089,1,2,121,-12,148
fold3_room12_mix001.csv,2090,1,2,121,-12,148
fold3_room12_mix001.csv,2091,1,2,121,-12,148
fold3_room12_mix001.csv,2092,1,2,121,-12,148
fold3_room12_mix001.csv,2093,1,2,121,-12,148
fold3_room12_mix001.csv,2094,1,2,121,-12,148
fold3_room12_mix001.csv,2095,1,2,121,-12,148
fold3_room12_mix001.csv,2096,1,2,121,-12,148
fold3_room12_mix001.csv,2097,1,2,121,-12,148
fold3_room12_mix001.csv,2098,1,2,121,-12,148
fold3_room12_mix001.csv,2099,1,2,121,-12,148
fold3_room12_mix001.csv,2109,1,2,121,-12,148
fold3_room12_mix001.csv,2110,1,2,121,-12,148
fold3_room12_mix001.csv,2111,1,2,121,-12,148
fold3_room12_mix001.csv,2112,1,2,121,-12,148
fold3_room12_mix001.csv,2113,1,2,121,-12,148
fold3_room12_mix001.csv,2114,1,2,121,-12,148
fold3_room12_mix001.csv,2115,1,2,121,-12,148
fold3_room12_mix001.csv,2116,1,2,121,-12,148
fold3_room12_mix001.csv,2117,1,2,121,-12,148
fold3_room12_mix001.csv,2118,1,2,121,-12,148
fold3_room12_mix001.csv,2119,1,2,121,-12,148
fold3_room12_mix001.csv,2120,1,2,121,-12,148
fold3_room12_mix001.csv,2302,1,2,121,-12,148
fold3_room12_mix001.csv,2303,1,2,121,-12,148
fold3_room12_mix001.csv,2304,1,2,121,-12,148
fold3_room12_mix001.csv,2408,1,2,121,-12,148
fold3_room12_mix001.csv,2429,1,2,121,-12,148
fold3_room12_mix001.csv,2430,1,2,121,-12,148
fold3_room12_mix001.csv,2431,1,2,121,-12,148
fold3_room12_mix001.csv,2432,1,2,121,-12,148
fold3_room12_mix001.csv,2433,1,2,121,-12,148
fold3_room12_mix001.csv,2434,1,2,121,-12,148
fold3_room12_mix001.csv,2435,1,2,121,-12,148
fold3_room12_mix001.csv,2436,1,2,121,-12,148
fold3_room12_mix001.csv,2437,1,2,121,-12,148
fold3_room12_mix001.csv,2438,1,2,121,-12,148
fold3_room12_mix001.csv,2439,1,2,121,-12,148
fold3_room12_mix001.csv,2440,1,2,121,-12,148
fold3_room12_mix001.csv,2441,1,2,121,-12,148
fold3_room12_mix001.csv,2442,1,2,121,-12,148
fold3_room12_mix001.csv,2443,1,2,121,-12,148
fold3_room12_mix001.csv,2444,1,2,121,-12,148
fold3_room12_mix001.csv,2445,1,2,121,-12,148
fold3_room12_mix001.csv,2446,1,2,121,-12,148
fold3_room12_mix001.csv,2447,1,2,121,-12,148
fold3_room12_mix001.csv,2448,1,2,121,-12,148
fold3_room12_mix001.csv,2449,1,2,121,-12,148
fold3_room12_mix001.csv,2450,1,2,121,-12,148
fold3_room12_mix001.csv,2451,1,2,121,-12,148
fold3_room12_mix001.csv,2452,1,2,121,-12,148
fold3_room12_mix001.csv,2453,1,2,121,-12,148
fold3_room12_mix001.csv,2454,1,2,121,-12,148
fold3_room12_mix001.csv,2455,1,2,121,-12,148
fold3_room12_mix001.csv,2456,1,2,121,-12,148
fold3_room12_mix001.csv,2457,1,2,121,-12,148
fold3_room12_mix001.csv,2458,1,2,121,-12,148
fold3_room12_mix001.csv,2459,1,2,121,-12,148
fold3_room12_mix001.csv,2460,1,2,121,-11,148
fold3_room12_mix001.csv,2461,1,2,121,-11,149
fold3_room12_mix001.csv,2462,1,2,120,-11,149
fold3_room12_mix001.csv,2463,1,2,120,-11,149
fold3_room12_mix001.csv,2464,1,2,121,-11,149
fold3_room12_mix001.csv,2465,1,2,121,-11,149
fold3_room12_mix001.csv,2466,1,2,121,-11,149
fold3_room12_mix001.csv,2467,1,2,121,-11,149
fold3_room12_mix001.csv,2468,1,2,121,-11,150
fold3_room12_mix001.csv,2469,1,2,121,-11,150
fold3_room12_mix001.csv,2470,1,2,121,-11,150
fold3_room12_mix001.csv,2471,1,2,121,-11,150
fold3_room12_mix001.csv,2472,1,2,121,-11,150
fold3_room12_mix001.csv,2473,1,2,121,-11,150
fold3_room12_mix001.csv,2474,1,2,121,-11,150
fold3_room12_mix001.csv,2475,1,2,121,-11,150
fold3_room12_mix001.csv,2476,1,2,121,-11,150
fold3_room12_mix001.csv,2477,1,2,121,-11,150
fold3_room12_mix001.csv,2478,1,2,121,-11,150
fold3_room12_mix001.csv,2503,1,2,121,-12,149
fold3_room12_mix001.csv,2504,1,2,121,-12,149
fold3_room12_mix001.csv,2505,1,2,121,-12,149
fold3_room12_mix002.csv,46,1,2,-18,-14,129
fold3_room12_mix002.csv,47,1,2,-18,-14,128
fold3_room12_mix002.csv,48,1,2,-18,-13,128
fold3_room12_mix002.csv,49,1,2,-19,-13,128
fold3_room12_mix002.csv,50,1,2,-19,-13,129
fold3_room12_mix002.csv,51,1,2,-19,-12,129
fold3_room12_mix002.csv,52,1,2,-19,-12,130
fold3_room12_mix002.csv,53,1,2,-19,-12,130
fold3_room12_mix002.csv,74,1,2,-19,-13,129
fold3_room12_mix002.csv,75,1,2,-19,-13,129
fold3_room12_mix002.csv,76,1,2,-19,-13,129
fold3_room12_mix002.csv,77,1,2,-19,-13,129
fold3_room12_mix002.csv,78,1,2,-19,-13,129
fold3_room12_mix002.csv,79,1,2,-19,-13,129
fold3_room12_mix002.csv,80,1,2,-19,-13,129
fold3_room12_mix002.csv,81,1,2,-19,-13,129
fold3_room12_mix002.csv,82,1,2,-19,-13,129
fold3_room12_mix002.csv,83,1,2,-19,-13,129
fold3_room12_mix002.csv,84,1,2,-19,-13,129
fold3_room12_mix002.csv,85,1,2,-19,-13,128
fold3_room12_mix002.csv,86,1,2,-19,-13,128
fold3_room12_mix002.csv,87,1,2,-19,-13,129
fold3_room12_mix002.csv,88,1,2,-19,-13,129
fold3_room12_mix002.csv,89,1,2,-19,-13,128
fold3_room12_mix002.csv,90,1,2,-19,-13,128
fold3_room12_mix002.csv,91,1,2,-19,-13,129
fold3_room12_mix002.csv,92,1,2,-19,-13,129
fold3_room12_mix002.csv,93,1,2,-19,-13,129
fold3_room12_mix002.csv,94,1,2,-19,-13,128
fold3_room12_mix002.csv,95,1,2,-19,-13,128
fold3_room12_mix002.csv,96,1,2,-19,-13,129
fold3_room12_mix002.csv,97,1,2,-19,-13,129
fold3_room12_mix002.csv,98,1,2,-19,-13,129
fold3_room12_mix002.csv,99,1,2,-19,-13,129
fold3_room12_mix002.csv,100,1,2,-19,-13,128
fold3_room12_mix002.csv,101,1,2,-19,-13,128
fold3_room12_mix002.csv,102,1,2,-19,-13,128
fold3_room12_mix002.csv,103,1,2,-19,-13,128
fold3_room12_mix002.csv,104,1,2,-19,-13,128
fold3_room12_mix002.csv,105,1,2,-19,-13,128
fold3_room12_mix002.csv,106,1,2,-19,-13,128
fold3_room12_mix002.csv,107,1,2,-19,-13,128
fold3_room12_mix002.csv,108,1,2,-19,-13,128
fold3_room12_mix002.csv,109,1,2,-19,-13,128
fold3_room12_mix002.csv,110,1,2,-19,-13,128
fold3_room12_mix002.csv,111,1,2,-19,-13,128
fold3_room12_mix002.csv,112,1,2,-19,-13,128
fold3_room12_mix002.csv,113,1,2,-19,-13,128
fold3_room12_mix002.csv,114,1,2,-19,-13,129
fold3_room12_mix002.csv,115,1,2,-19,-13,129
fold3_room12_mix002.csv,116,1,2,-19,-13,129
fold3_room12_mix002.csv,117,1,2,-18,-13,129
fold3_room12_mix002.csv,118,1,2,-18,-13,128
fold3_room12_mix002.csv,119,1,2,-18,-13,128
fold3_room12_mix002.csv,120,1,2,-18,-13,128
fold3_room12_mix002.csv,121,1,2,-18,-13,128
fold3_room12_mix002.csv,122,1,2,-18,-13,128
fold3_room12_mix002.csv,123,1,2,-18,-13,128
fold3_room12_mix002.csv,124,1,2,-18,-13,128
fold3_room12_mix002.csv,125,1,2,-18,-13,128
fold3_room12_mix002.csv,126,1,2,-18,-13,128
fold3_room12_mix002.csv,127,1,2,-18,-13,128
fold3_room12_mix002.csv,128,1,2,-18,-13,128
fold3_room12_mix002.csv,129,1,2,-18,-13,128
fold3_room12_mix002.csv,130,1,2,-18,-13,128
fold3_room12_mix002.csv,131,1,2,-18,-13,128
fold3_room12_mix002.csv,132,1,2,-18,-13,128
fold3_room12_mix002.csv,133,1,2,-18,-13,128
fold3_room12_mix002.csv,134,1,2,-18,-13,129
fold3_room12_mix002.csv,135,1,2,-18,-13,129
fold3_room12_mix002.csv,136,1,2,-18,-13,129
fold3_room12_mix002.csv,137,1,2,-18,-13,129
fold3_room12_mix002.csv,138,1,2,-18,-13,129
fold3_room12_mix002.csv,139,1,2,-19,-13,129
fold3_room12_mix002.csv,140,1,2,-19,-13,129
fold3_room12_mix002.csv,141,1,2,-19,-13,130
fold3_room12_mix002.csv,142,1,2,-19,-13,130
fold3_room12_mix002.csv,143,1,2,-19,-13,130
fold3_room12_mix002.csv,144,1,2,-19,-13,130
fold3_room12_mix002.csv,145,1,2,-19,-13,130
fold3_room12_mix002.csv,146,1,2,-19,-13,130
fold3_room12_mix002.csv,147,1,2,-19,-13,129
fold3_room12_mix002.csv,148,1,2,-19,-13,129
fold3_room12_mix002.csv,149,1,2,-19,-13,129
fold3_room12_mix002.csv,150,1,2,-19,-13,129
fold3_room12_mix002.csv,151,1,2,-19,-13,129
fold3_room12_mix002.csv,152,1,2,-19,-13,129
fold3_room12_mix002.csv,153,1,2,-19,-13,129
fold3_room12_mix002.csv,154,1,2,-19,-13,129
fold3_room12_mix002.csv,155,1,2,-19,-13,129
fold3_room12_mix002.csv,156,1,2,-19,-13,129
fold3_room12_mix002.csv,157,1,2,-19,-13,129
fold3_room12_mix002.csv,166,1,2,-18,-13,130
fold3_room12_mix002.csv,167,1,2,-18,-13,130
fold3_room12_mix002.csv,168,1,2,-18,-13,130
fold3_room12_mix002.csv,169,1,2,-18,-13,130
fold3_room12_mix002.csv,170,1,2,-18,-13,130
fold3_room12_mix002.csv,171,1,2,-18,-13,130
fold3_room12_mix002.csv,172,1,2,-18,-13,130
fold3_room12_mix002.csv,178,1,2,-19,-12,131
fold3_room12_mix002.csv,179,1,2,-19,-12,131
fold3_room12_mix002.csv,180,1,2,-19,-12,131
fold3_room12_mix002.csv,181,1,2,-19,-12,131
fold3_room12_mix002.csv,182,1,2,-20,-12,131
fold3_room12_mix002.csv,183,1,2,-20,-12,131
fold3_room12_mix002.csv,184,1,2,-20,-13,130
fold3_room12_mix002.csv,185,1,2,-20,-13,130
fold3_room12_mix002.csv,186,1,2,-20,-13,130
fold3_room12_mix002.csv,187,1,2,-20,-13,130
fold3_room12_mix002.csv,188,1,2,-20,-13,130
fold3_room12_mix002.csv,189,1,2,-20,-13,130
fold3_room12_mix002.csv,190,1,2,-19,-13,130
fold3_room12_mix002.csv,191,1,2,-20,-13,130
fold3_room12_mix002.csv,192,1,2,-20,-13,130
fold3_room12_mix002.csv,193,1,2,-20,-13,130
fold3_room12_mix002.csv,194,1,2,-20,-13,130
fold3_room12_mix002.csv,195,1,2,-20,-13,130
fold3_room12_mix002.csv,196,1,2,-20,-13,130
fold3_room12_mix002.csv,197,1,2,-20,-13,130
fold3_room12_mix002.csv,198,1,2,-19,-13,130
fold3_room12_mix002.csv,199,1,2,-19,-13,130
fold3_room12_mix002.csv,200,1,2,-19,-13,129
fold3_room12_mix002.csv,201,1,2,-19,-13,129
fold3_room12_mix002.csv,202,1,2,-19,-13,129
fold3_room12_mix002.csv,203,1,2,-19,-13,129
fold3_room12_mix002.csv,320,1,2,-19,-13,129
fold3_room12_mix002.csv,321,1,2,-19,-13,129
fold3_room12_mix002.csv,322,1,2,-19,-12,129
fold3_room12_mix002.csv,323,1,2,-19,-12,129
fold3_room12_mix002.csv,324,1,2,-19,-12,129
fold3_room12_mix002.csv,325,1,2,-19,-12,130
fold3_room12_mix002.csv,326,1,2,-19,-13,130
fold3_room12_mix002.csv,327,1,2,-19,-13,129
fold3_room12_mix002.csv,328,1,2,-19,-13,129
fold3_room12_mix002.csv,599,1,2,-19,-13,129
fold3_room12_mix002.csv,600,1,2,-19,-13,128
fold3_room12_mix002.csv,601,1,2,-19,-13,129
fold3_room12_mix002.csv,602,1,2,-19,-13,130
fold3_room12_mix002.csv,603,1,2,-19,-13,130
fold3_room12_mix002.csv,604,1,2,-19,-13,129
fold3_room12_mix002.csv,605,1,2,-19,-13,129
fold3_room12_mix002.csv,606,1,2,-19,-13,129
fold3_room12_mix002.csv,607,1,2,-19,-13,129
fold3_room12_mix002.csv,608,1,2,-19,-13,129
fold3_room12_mix002.csv,609,1,2,-19,-13,129
fold3_room12_mix002.csv,610,1,2,-19,-13,129
fold3_room12_mix002.csv,611,1,2,-19,-13,129
fold3_room12_mix002.csv,612,1,2,-19,-13,129
fold3_room12_mix002.csv,613,1,2,-19,-13,129
fold3_room12_mix002.csv,614,1,2,-19,-13,129
fold3_room12_mix002.csv,615,1,2,-19,-13,129
fold3_room12_mix002.csv,616,1,2,-19,-13,129
fold3_room12_mix002.csv,617,1,2,-19,-13,129
fold3_room12_mix002.csv,618,1,2,-19,-13,129
fold3_room12_mix002.csv,619,1,2,-19,-13,129
fold3_room12_mix002.csv,620,1,2,-19,-13,129
fold3_room12_mix002.csv,621,1,2,-19,-13,129
fold3_room12_mix002.csv,622,1,2,-19,-13,129
fold3_room12_mix002.csv,623,1,2,-19,-13,129
fold3_room12_mix002.csv,624,1,2,-19,-13,129
fold3_room12_mix002.csv,625,1,2,-19,-13,129
fold3_room12_mix002.csv,626,1,2,-19,-13,129
fold3_room12_mix002.csv,627,1,2,-19,-13,129
fold3_room12_mix002.csv,628,1,2,-19,-13,129
fold3_room12_mix002.csv,629,1,2,-19,-13,129
fold3_room12_mix002.csv,630,1,2,-19,-13,129
fold3_room12_mix002.csv,631,1,2,-19,-13,129
fold3_room12_mix002.csv,632,1,2,-19,-13,129
fold3_room12_mix002.csv,633,1,2,-19,-13,129
fold3_room12_mix002.csv,634,1,2,-19,-13,129
fold3_room12_mix002.csv,635,1,2,-19,-13,129
fold3_room12_mix002.csv,636,1,2,-19,-13,129
fold3_room12_mix002.csv,637,1,2,-19,-13,129
fold3_room12_mix002.csv,638,1,2,-19,-13,129
fold3_room12_mix002.csv,639,1,2,-19,-13,129
fold3_room12_mix002.csv,640,1,2,-19,-13,129
fold3_room12_mix002.csv,641,1,2,-19,-13,129
fold3_room12_mix002.csv,642,1,2,-19,-13,129
fold3_room12_mix002.csv,643,1,2,-19,-13,129
fold3_room12_mix002.csv,1026,1,2,-19,-13,129
fold3_room12_mix002.csv,1027,1,2,-19,-13,129
fold3_room12_mix002.csv,1028,1,2,-19,-13,129
fold3_room12_mix002.csv,1029,1,2,-19,-13,129
fold3_room12_mix002.csv,1030,1,2,-19,-13,129
fold3_room12_mix002.csv,1031,1,2,-19,-13,129
fold3_room12_mix002.csv,1032,1,2,-19,-13,129
fold3_room12_mix002.csv,1033,1,2,-19,-13,129
fold3_room12_mix002.csv,1034,1,2,-19,-13,129
fold3_room12_mix002.csv,1035,1,2,-19,-13,129
fold3_room12_mix002.csv,1036,1,2,-19,-13,129
fold3_room12_mix002.csv,1037,1,2,-19,-13,129
fold3_room12_mix002.csv,1038,1,2,-19,-13,129
fold3_room12_mix002.csv,1039,1,2,-19,-12,129
fold3_room12_mix002.csv,1040,1,2,-19,-12,129
fold3_room12_mix002.csv,1041,1,2,-19,-12,129
fold3_room12_mix002.csv,1042,1,2,-19,-12,129
fold3_room12_mix002.csv,1052,1,2,-19,-13,129
fold3_room12_mix002.csv,1053,1,2,-19,-13,129
fold3_room12_mix002.csv,1054,1,2,-20,-13,129
fold3_room12_mix002.csv,1055,1,2,-20,-13,129
fold3_room12_mix002.csv,1056,1,2,-20,-13,129
fold3_room12_mix002.csv,1057,1,2,-20,-13,129
fold3_room12_mix002.csv,1058,1,2,-20,-13,129
fold3_room12_mix002.csv,1059,1,2,-19,-13,129
fold3_room12_mix002.csv,1060,1,2,-19,-13,129
fold3_room12_mix002.csv,1061,1,2,-19,-13,129
fold3_room12_mix002.csv,1062,1,2,-19,-13,129
fold3_room12_mix002.csv,1063,1,2,-19,-13,129
fold3_room12_mix002.csv,1064,1,2,-19,-13,129
fold3_room12_mix002.csv,1065,1,2,-19,-13,129
fold3_room12_mix002.csv,1066,1,2,-19,-13,129
fold3_room12_mix002.csv,1067,1,2,-19,-13,129
fold3_room12_mix002.csv,1068,1,2,-19,-13,129
fold3_room12_mix002.csv,1069,1,2,-19,-13,129
fold3_room12_mix002.csv,1070,1,2,-19,-13,129
fold3_room12_mix002.csv,1071,1,2,-19,-13,129
fold3_room12_mix002.csv,1072,1,2,-19,-13,129
fold3_room12_mix002.csv,1073,1,2,-19,-13,129
fold3_room12_mix002.csv,1074,1,2,-19,-13,129
fold3_room12_mix002.csv,1075,1,2,-19,-13,129
fold3_room12_mix002.csv,1076,1,2,-19,-13,129
fold3_room12_mix002.csv,1077,1,2,-19,-13,129
fold3_room12_mix002.csv,1078,1,2,-19,-13,129
fold3_room12_mix002.csv,1079,1,2,-19,-13,129
fold3_room12_mix002.csv,1080,1,2,-19,-13,129
fold3_room12_mix002.csv,1081,1,2,-19,-13,129
fold3_room12_mix002.csv,1082,1,2,-19,-13,129
fold3_room12_mix002.csv,1083,1,2,-19,-13,130
fold3_room12_mix002.csv,1084,1,2,-19,-13,130
fold3_room12_mix002.csv,1085,1,2,-19,-13,129
fold3_room12_mix002.csv,1086,1,2,-19,-13,129
fold3_room12_mix002.csv,1087,1,2,-19,-13,129
fold3_room12_mix002.csv,1088,1,2,-19,-13,129
fold3_room12_mix002.csv,1089,1,2,-19,-13,129
fold3_room12_mix002.csv,1090,1,2,-19,-13,129
fold3_room12_mix002.csv,1091,1,2,-19,-13,129
fold3_room12_mix002.csv,1092,1,2,-19,-13,129
fold3_room12_mix002.csv,1093,1,2,-19,-13,129
fold3_room12_mix002.csv,1094,1,2,-19,-13,129
fold3_room12_mix002.csv,1095,1,2,-19,-13,129
fold3_room12_mix002.csv,1096,1,2,-19,-13,129
fold3_room12_mix002.csv,1097,1,2,-19,-13,129
fold3_room12_mix002.csv,1098,1,2,-19,-13,129
fold3_room12_mix002.csv,1099,1,2,-19,-13,129
fold3_room12_mix002.csv,1100,1,2,-19,-13,129
fold3_room12_mix002.csv,1101,1,2,-19,-13,129
fold3_room12_mix002.csv,1102,1,2,-19,-13,129
fold3_room12_mix002.csv,1103,1,2,-19,-13,129
fold3_room12_mix002.csv,1104,1,2,-19,-13,129
fold3_room12_mix002.csv,1105,1,2,-19,-13,129
fold3_room12_mix002.csv,1106,1,2,-19,-12,129
fold3_room12_mix002.csv,1107,1,2,-19,-12,129
fold3_room12_mix002.csv,1108,1,2,-19,-12,129
fold3_room12_mix002.csv,1109,1,2,-19,-12,129
fold3_room12_mix002.csv,1110,1,2,-19,-12,129
fold3_room12_mix002.csv,1111,1,2,-19,-13,129
fold3_room12_mix002.csv,1112,1,2,-19,-13,129
fold3_room12_mix002.csv,1113,1,2,-19,-13,129
fold3_room12_mix002.csv,1114,1,2,-19,-13,129
fold3_room12_mix002.csv,1115,1,2,-19,-13,129
fold3_room12_mix002.csv,1116,1,2,-19,-13,129
fold3_room12_mix002.csv,1117,1,2,-19,-13,129
fold3_room12_mix002.csv,1118,1,2,-19,-13,129
fold3_room12_mix002.csv,1119,1,2,-19,-13,129
fold3_room12_mix002.csv,1120,1,2,-19,-13,129
fold3_room12_mix002.csv,1121,1,2,-19,-13,129
fold3_room12_mix002.csv,1122,1,2,-19,-13,129
fold3_room12_mix002.csv,1123,1,2,-19,-13,129
fold3_room12_mix002.csv,1124,1,2,-19,-13,129
fold3_room12_mix002.csv,1125,1,2,-19,-12,129
fold3_room12_mix002.csv,1126,1,2,-19,-12,129
fold3_room12_mix002.csv,1127,1,2,-19,-12,129
fold3_room12_mix002.csv,1128,1,2,-19,-12,129
fold3_room12_mix002.csv,1129,1,2,-19,-12,129
fold3_room12_mix002.csv,1130,1,2,-19,-12,129
fold3_room12_mix002.csv,1131,1,2,-19,-12,129
fold3_room12_mix002.csv,1132,1,2,-19,-12,129
fold3_room12_mix002.csv,1133,1,2,-19,-13,130
fold3_room12_mix002.csv,1134,1,2,-19,-13,130
fold3_room12_mix002.csv,1135,1,2,-19,-13,130
fold3_room12_mix002.csv,1136,1,2,-19,-13,129
fold3_room12_mix002.csv,1137,1,2,-19,-13,129
fold3_room12_mix002.csv,1138,1,2,-19,-13,129
fold3_room12_mix002.csv,1139,1,2,-19,-13,129
fold3_room12_mix002.csv,1140,1,2,-20,-13,129
fold3_room12_mix002.csv,1141,1,2,-20,-13,129
fold3_room12_mix002.csv,1142,1,2,-20,-13,129
fold3_room12_mix002.csv,1143,1,2,-20,-13,129
fold3_room12_mix002.csv,1144,1,2,-20,-13,129
fold3_room12_mix002.csv,1145,1,2,-20,-13,129
fold3_room12_mix002.csv,1146,1,2,-19,-13,129
fold3_room12_mix002.csv,1147,1,2,-19,-13,129
fold3_room12_mix002.csv,1148,1,2,-19,-13,129
fold3_room12_mix002.csv,1149,1,2,-19,-13,129
fold3_room12_mix002.csv,1150,1,2,-19,-13,129
fold3_room12_mix002.csv,1151,1,2,-19,-13,129
fold3_room12_mix002.csv,1152,1,2,-19,-13,129
fold3_room12_mix002.csv,1153,1,2,-20,-13,129
fold3_room12_mix002.csv,1154,1,2,-20,-13,129
fold3_room12_mix002.csv,1155,1,2,-20,-13,129
fold3_room12_mix002.csv,1156,1,2,-20,-13,129
fold3_room12_mix002.csv,1157,1,2,-20,-13,129
fold3_room12_mix002.csv,1158,1,2,-19,-13,129
fold3_room12_mix002.csv,1159,1,2,-19,-13,129
fold3_room12_mix002.csv,1160,1,2,-19,-13,129
fold3_room12_mix002.csv,1161,1,2,-19,-13,129
fold3_room12_mix002.csv,1162,1,2,-19,-13,129
fold3_room12_mix002.csv,1174,1,2,-19,-13,129
fold3_room12_mix002.csv,1175,1,2,-19,-13,129
fold3_room12_mix002.csv,1176,1,2,-19,-13,129
fold3_room12_mix002.csv,1177,1,2,-19,-13,129
fold3_room12_mix002.csv,1178,1,2,-19,-13,129
fold3_room12_mix002.csv,1179,1,2,-20,-13,128
fold3_room12_mix002.csv,1180,1,2,-20,-13,129
fold3_room12_mix002.csv,1181,1,2,-20,-12,129
fold3_room12_mix002.csv,1182,1,2,-20,-12,129
fold3_room12_mix002.csv,1183,1,2,-20,-13,129
fold3_room12_mix002.csv,1184,1,2,-20,-13,129
fold3_room12_mix002.csv,1185,1,2,-20,-13,129
fold3_room12_mix002.csv,1186,1,2,-20,-13,129
fold3_room12_mix002.csv,1187,1,2,-20,-13,129
fold3_room12_mix002.csv,1188,1,2,-19,-13,129
fold3_room12_mix002.csv,1189,1,2,-19,-13,129
fold3_room12_mix002.csv,1190,1,2,-19,-13,129
fold3_room12_mix002.csv,1191,1,2,-20,-13,129
fold3_room12_mix002.csv,1192,1,2,-20,-13,129
fold3_room12_mix002.csv,1193,1,2,-20,-13,129
fold3_room12_mix002.csv,1194,1,2,-20,-13,129
fold3_room12_mix002.csv,1211,1,2,-20,-13,129
fold3_room12_mix002.csv,1212,1,2,-20,-13,129
fold3_room12_mix002.csv,1213,1,2,-19,-13,129
fold3_room12_mix002.csv,1214,1,2,-19,-13,129
fold3_room12_mix002.csv,1215,1,2,-19,-13,129
fold3_room12_mix002.csv,1216,1,2,-20,-13,129
fold3_room12_mix002.csv,1217,1,2,-20,-13,129
fold3_room12_mix002.csv,1218,1,2,-20,-13,130
fold3_room12_mix002.csv,1219,1,2,-20,-13,130
fold3_room12_mix002.csv,1220,1,2,-20,-13,130
fold3_room12_mix002.csv,1221,1,2,-20,-13,130
fold3_room12_mix002.csv,1222,1,2,-20,-13,130
fold3_room12_mix002.csv,1223,1,2,-20,-13,130
fold3_room12_mix002.csv,1224,1,2,-20,-13,130
fold3_room12_mix002.csv,1225,1,2,-20,-13,130
fold3_room12_mix002.csv,1226,1,2,-20,-13,130
fold3_room12_mix002.csv,1227,1,2,-20,-12,130
fold3_room12_mix002.csv,1228,1,2,-20,-12,130
fold3_room12_mix002.csv,1229,1,2,-20,-13,130
fold3_room12_mix002.csv,1230,1,2,-20,-13,130
fold3_room12_mix002.csv,1231,1,2,-20,-13,130
fold3_room12_mix002.csv,1240,1,2,-20,-13,130
fold3_room12_mix002.csv,1241,1,2,-20,-13,130
fold3_room12_mix002.csv,1242,1,2,-20,-13,130
fold3_room12_mix002.csv,1243,1,2,-20,-13,130
fold3_room12_mix002.csv,1244,1,2,-20,-13,130
fold3_room12_mix002.csv,1245,1,2,-20,-13,130
fold3_room12_mix002.csv,1246,1,2,-20,-13,130
fold3_room12_mix002.csv,1247,1,2,-20,-13,130
fold3_room12_mix002.csv,1248,1,2,-20,-13,130
fold3_room12_mix002.csv,1249,1,2,-20,-13,130
fold3_room12_mix002.csv,1250,1,2,-20,-13,130
fold3_room12_mix002.csv,1251,1,2,-20,-13,130
fold3_room12_mix002.csv,1252,1,2,-20,-13,130
fold3_room12_mix002.csv,1253,1,2,-20,-13,129
fold3_room12_mix002.csv,1254,1,2,-19,-13,129
fold3_room12_mix002.csv,1255,1,2,-19,-13,129
fold3_room12_mix002.csv,1256,1,2,-19,-13,129
fold3_room12_mix002.csv,1272,1,2,-19,-12,129
fold3_room12_mix002.csv,1273,1,2,-20,-12,129
fold3_room12_mix002.csv,1274,1,2,-20,-13,131
fold3_room12_mix002.csv,1275,1,2,-20,-13,130
fold3_room12_mix002.csv,1276,1,2,-20,-12,130
fold3_room12_mix002.csv,1277,1,2,-20,-12,130
fold3_room12_mix002.csv,1278,1,2,-20,-12,130
fold3_room12_mix002.csv,1279,1,2,-19,-12,129
fold3_room12_mix002.csv,1280,1,2,-19,-12,129
fold3_room12_mix002.csv,1281,1,2,-19,-12,129
fold3_room12_mix002.csv,1282,1,2,-19,-12,129
fold3_room12_mix002.csv,1405,1,2,-20,-13,129
fold3_room12_mix002.csv,1406,1,2,-20,-13,129
fold3_room12_mix002.csv,1407,1,2,-20,-13,129
fold3_room12_mix002.csv,1459,1,2,-20,-13,129
fold3_room12_mix002.csv,1460,1,2,-20,-13,129
fold3_room12_mix002.csv,1461,1,2,-20,-13,129
fold3_room12_mix002.csv,1462,1,2,-20,-13,129
fold3_room12_mix002.csv,1463,1,2,-20,-13,129
fold3_room12_mix002.csv,1464,1,2,-20,-13,129
fold3_room12_mix002.csv,1465,1,2,-20,-13,129
fold3_room12_mix002.csv,1466,1,2,-20,-13,129
fold3_room12_mix002.csv,1467,1,2,-20,-13,129
fold3_room12_mix002.csv,1468,1,2,-20,-13,128
fold3_room12_mix002.csv,1469,1,2,-20,-13,129
fold3_room12_mix002.csv,1470,1,2,-20,-12,129
fold3_room12_mix002.csv,1471,1,2,-20,-12,129
fold3_room12_mix002.csv,1472,1,2,-20,-12,130
fold3_room12_mix002.csv,1473,1,2,-20,-12,130
fold3_room12_mix002.csv,1474,1,2,-20,-12,130
fold3_room12_mix002.csv,1475,1,2,-20,-12,130
fold3_room12_mix002.csv,1476,1,2,-20,-12,130
fold3_room12_mix002.csv,1477,1,2,-20,-12,130
fold3_room12_mix002.csv,1478,1,2,-20,-12,129
fold3_room12_mix002.csv,1479,1,2,-20,-12,129
fold3_room12_mix002.csv,1480,1,2,-20,-12,129
fold3_room12_mix002.csv,1481,1,2,-20,-12,129
fold3_room12_mix002.csv,1482,1,2,-20,-13,130
fold3_room12_mix002.csv,1483,1,2,-20,-13,130
fold3_room12_mix002.csv,1484,1,2,-20,-13,129
fold3_room12_mix002.csv,1485,1,2,-20,-13,129
fold3_room12_mix002.csv,1494,1,2,-20,-13,129
fold3_room12_mix002.csv,1495,1,2,-20,-13,129
fold3_room12_mix002.csv,1496,1,2,-20,-13,129
fold3_room12_mix002.csv,1497,1,2,-20,-13,129
fold3_room12_mix002.csv,1498,1,2,-20,-13,129
fold3_room12_mix002.csv,1499,1,2,-20,-13,129
fold3_room12_mix002.csv,1500,1,2,-20,-13,129
fold3_room12_mix002.csv,1501,1,2,-20,-13,129
fold3_room12_mix002.csv,1502,1,2,-20,-13,129
fold3_room12_mix002.csv,1503,1,2,-20,-13,129
fold3_room12_mix002.csv,1504,1,2,-20,-13,129
fold3_room12_mix002.csv,1505,1,2,-20,-13,129
fold3_room12_mix002.csv,1506,1,2,-20,-13,129
fold3_room12_mix002.csv,1507,1,2,-20,-13,129
fold3_room12_mix002.csv,1508,1,2,-20,-13,129
fold3_room12_mix002.csv,1509,1,2,-20,-13,129
fold3_room12_mix002.csv,1510,1,2,-20,-13,129
fold3_room12_mix002.csv,1511,1,2,-20,-13,129
fold3_room12_mix002.csv,1512,1,2,-20,-13,129
fold3_room12_mix002.csv,1513,1,2,-20,-13,129
fold3_room12_mix002.csv,1514,1,2,-20,-13,129
fold3_room12_mix002.csv,1515,1,2,-20,-13,129
fold3_room12_mix002.csv,1516,1,2,-20,-13,129
fold3_room12_mix002.csv,1517,1,2,-20,-13,129
fold3_room12_mix002.csv,1518,1,2,-20,-13,129
fold3_room12_mix002.csv,1519,1,2,-20,-13,129
fold3_room12_mix002.csv,1520,1,2,-20,-13,129
fold3_room12_mix002.csv,1521,1,2,-20,-13,129
fold3_room12_mix002.csv,1522,1,2,-20,-13,129
fold3_room12_mix002.csv,1523,1,2,-20,-13,129
fold3_room12_mix002.csv,1524,1,2,-20,-13,129
fold3_room12_mix002.csv,1525,1,2,-20,-13,129
fold3_room12_mix002.csv,1526,1,2,-20,-13,129
fold3_room12_mix002.csv,1527,1,2,-20,-13,129
fold3_room12_mix002.csv,1528,1,2,-20,-13,129
fold3_room12_mix002.csv,1529,1,2,-20,-13,129
fold3_room12_mix002.csv,1530,1,2,-20,-13,129
fold3_room12_mix002.csv,1531,1,2,-20,-13,129
fold3_room12_mix002.csv,1532,1,2,-20,-13,129
fold3_room12_mix002.csv,1533,1,2,-20,-13,129
fold3_room12_mix002.csv,1534,1,2,-20,-13,128
fold3_room12_mix002.csv,1535,1,2,-20,-13,128
fold3_room12_mix002.csv,1536,1,2,-20,-13,128
fold3_room12_mix002.csv,1537,1,2,-20,-13,128
fold3_room12_mix002.csv,1538,1,2,-20,-13,128
fold3_room12_mix002.csv,1539,1,2,-20,-13,128
fold3_room12_mix002.csv,1540,1,2,-20,-13,128
fold3_room12_mix002.csv,1541,1,2,-20,-13,128
fold3_room12_mix002.csv,1542,1,2,-20,-13,128
fold3_room12_mix002.csv,1543,1,2,-20,-13,128
fold3_room12_mix002.csv,1544,1,2,-20,-13,128
fold3_room12_mix002.csv,1545,1,2,-20,-13,128
fold3_room12_mix002.csv,1546,1,2,-20,-13,128
fold3_room12_mix002.csv,1547,1,2,-20,-13,129
fold3_room12_mix002.csv,1548,1,2,-20,-13,128
fold3_room12_mix002.csv,1549,1,2,-20,-13,128
fold3_room12_mix002.csv,1550,1,2,-20,-13,128
fold3_room12_mix002.csv,1551,1,2,-20,-13,128
fold3_room12_mix002.csv,1552,1,2,-20,-13,128
fold3_room12_mix002.csv,1553,1,2,-20,-13,128
fold3_room12_mix002.csv,1554,1,2,-20,-13,128
fold3_room12_mix002.csv,1555,1,2,-20,-13,128
fold3_room12_mix002.csv,1556,1,2,-20,-13,128
fold3_room12_mix002.csv,1557,1,2,-20,-13,128
fold3_room12_mix002.csv,1558,1,2,-20,-13,128
fold3_room12_mix002.csv,1559,1,2,-20,-13,128
fold3_room12_mix002.csv,1560,1,2,-20,-13,129
fold3_room12_mix002.csv,1561,1,2,-20,-13,129
fold3_room12_mix002.csv,1562,1,2,-20,-13,129
fold3_room12_mix002.csv,1563,1,2,-20,-13,128
fold3_room12_mix002.csv,1564,1,2,-20,-13,128
fold3_room12_mix002.csv,1565,1,2,-20,-13,128
fold3_room12_mix002.csv,1566,1,2,-20,-13,129
fold3_room12_mix002.csv,1580,1,2,-20,-13,129
fold3_room12_mix002.csv,1581,1,2,-20,-13,129
fold3_room12_mix002.csv,1582,1,2,-20,-13,129
fold3_room12_mix002.csv,1583,1,2,-20,-13,129
fold3_room12_mix002.csv,1584,1,2,-20,-13,129
fold3_room12_mix002.csv,1585,1,2,-20,-13,129
fold3_room12_mix002.csv,1586,1,2,-20,-13,129
fold3_room12_mix002.csv,1587,1,2,-20,-13,129
fold3_room12_mix002.csv,1588,1,2,-20,-13,129
fold3_room12_mix002.csv,1589,1,2,-20,-13,129
fold3_room12_mix002.csv,1590,1,2,-20,-13,129
fold3_room12_mix002.csv,1591,1,2,-20,-13,129
fold3_room12_mix002.csv,1592,1,2,-20,-13,129
fold3_room12_mix002.csv,1593,1,2,-20,-13,129
fold3_room12_mix002.csv,1594,1,2,-20,-13,129
fold3_room12_mix002.csv,1595,1,2,-20,-13,129
fold3_room12_mix002.csv,1596,1,2,-20,-13,129
fold3_room12_mix002.csv,1597,1,2,-20,-13,129
fold3_room12_mix002.csv,1598,1,2,-20,-13,129
fold3_room12_mix002.csv,1599,1,2,-20,-12,129
fold3_room12_mix002.csv,1600,1,2,-20,-12,129
fold3_room12_mix002.csv,1601,1,2,-20,-12,129
fold3_room12_mix002.csv,1602,1,2,-20,-12,129
fold3_room12_mix002.csv,1603,1,2,-20,-12,129
fold3_room12_mix002.csv,1604,1,2,-20,-12,129
fold3_room12_mix002.csv,1605,1,2,-20,-12,129
fold3_room12_mix002.csv,1606,1,2,-20,-12,129
fold3_room12_mix002.csv,1607,1,2,-20,-12,129
fold3_room12_mix002.csv,1608,1,2,-20,-12,129
fold3_room12_mix002.csv,1609,1,2,-20,-12,129
fold3_room12_mix002.csv,1610,1,2,-20,-12,129
fold3_room12_mix002.csv,1621,1,2,-20,-13,128
fold3_room12_mix002.csv,1622,1,2,-20,-13,128
fold3_room12_mix002.csv,1623,1,2,-20,-13,128
fold3_room12_mix002.csv,1624,1,2,-20,-13,128
fold3_room12_mix002.csv,1625,1,2,-20,-13,128
fold3_room12_mix002.csv,1626,1,2,-20,-13,128
fold3_room12_mix002.csv,1627,1,2,-20,-13,128
fold3_room12_mix002.csv,1628,1,2,-20,-13,128
fold3_room12_mix002.csv,1629,1,2,-20,-13,128
fold3_room12_mix002.csv,1630,1,2,-20,-13,128
fold3_room12_mix002.csv,1631,1,2,-20,-13,128
fold3_room12_mix002.csv,1632,1,2,-20,-13,128
fold3_room12_mix002.csv,1633,1,2,-20,-13,128
fold3_room12_mix002.csv,1634,1,2,-20,-13,128
fold3_room12_mix002.csv,1635,1,2,-20,-13,128
fold3_room12_mix002.csv,1636,1,2,-20,-13,128
fold3_room12_mix002.csv,1637,1,2,-20,-13,128
fold3_room12_mix002.csv,1638,1,2,-20,-13,128
fold3_room12_mix002.csv,1639,1,2,-20,-13,128
fold3_room12_mix002.csv,1640,1,2,-20,-13,128
fold3_room12_mix002.csv,1641,1,2,-20,-13,128
fold3_room12_mix002.csv,1642,1,2,-20,-13,128
fold3_room12_mix002.csv,1643,1,2,-20,-13,128
fold3_room12_mix002.csv,1644,1,2,-20,-13,128
fold3_room12_mix002.csv,1645,1,2,-20,-13,128
fold3_room12_mix002.csv,1646,1,2,-20,-13,128
fold3_room12_mix002.csv,1647,1,2,-20,-13,128
fold3_room12_mix002.csv,1648,1,2,-20,-13,128
fold3_room12_mix002.csv,1649,1,2,-20,-13,128
fold3_room12_mix002.csv,1650,1,2,-20,-13,128
fold3_room12_mix002.csv,1651,1,2,-20,-13,128
fold3_room12_mix002.csv,1652,1,2,-20,-13,128
fold3_room12_mix002.csv,1653,1,2,-20,-13,128
fold3_room12_mix002.csv,1654,1,2,-20,-13,128
fold3_room12_mix002.csv,1655,1,2,-20,-13,128
fold3_room12_mix002.csv,1656,1,2,-20,-13,128
fold3_room12_mix002.csv,1668,1,2,-20,-13,128
fold3_room12_mix002.csv,1669,1,2,-20,-13,128
fold3_room12_mix002.csv,1670,1,2,-20,-13,128
fold3_room12_mix002.csv,1671,1,2,-20,-13,128
fold3_room12_mix002.csv,1672,1,2,-20,-13,128
fold3_room12_mix002.csv,1679,1,2,-20,-13,128
fold3_room12_mix002.csv,1680,1,2,-20,-13,128
fold3_room12_mix002.csv,1681,1,2,-20,-13,128
fold3_room12_mix002.csv,1682,1,2,-20,-13,128
fold3_room12_mix002.csv,1683,1,2,-20,-13,128
fold3_room12_mix002.csv,1684,1,2,-20,-13,127
fold3_room12_mix002.csv,1685,1,2,-20,-13,128
fold3_room12_mix002.csv,1692,1,2,-20,-13,128
fold3_room12_mix002.csv,1693,1,2,-20,-13,128
fold3_room12_mix002.csv,1694,1,2,-20,-13,128
fold3_room12_mix002.csv,1695,1,2,-20,-13,128
fold3_room12_mix002.csv,1696,1,2,-20,-13,128
fold3_room12_mix002.csv,1697,1,2,-20,-12,129
fold3_room12_mix002.csv,1698,1,2,-19,-12,130
fold3_room12_mix002.csv,1699,1,2,-19,-12,130
fold3_room12_mix002.csv,1700,1,2,-19,-12,131
fold3_room12_mix002.csv,1701,1,2,-20,-12,131
fold3_room12_mix002.csv,1702,1,2,-20,-12,131
fold3_room12_mix002.csv,1703,1,2,-20,-12,131
fold3_room12_mix002.csv,1704,1,2,-20,-12,131
fold3_room12_mix002.csv,1705,1,2,-20,-12,130
fold3_room12_mix002.csv,1706,1,2,-20,-12,130
fold3_room12_mix002.csv,1707,1,2,-20,-12,130
fold3_room12_mix002.csv,1708,1,2,-20,-12,130
fold3_room12_mix002.csv,1709,1,2,-20,-12,129
fold3_room12_mix002.csv,1710,1,2,-20,-12,129
fold3_room12_mix002.csv,1711,1,2,-20,-12,129
fold3_room12_mix002.csv,1712,1,2,-20,-12,128
fold3_room12_mix002.csv,1713,1,2,-20,-13,128
fold3_room12_mix002.csv,1714,1,2,-20,-13,128
fold3_room12_mix002.csv,1715,1,2,-20,-13,127
fold3_room12_mix002.csv,1716,1,2,-21,-13,128
fold3_room12_mix002.csv,1717,1,2,-21,-13,128
fold3_room12_mix002.csv,1718,1,2,-21,-13,129
fold3_room12_mix002.csv,1719,1,2,-21,-12,129
fold3_room12_mix002.csv,1720,1,2,-21,-12,129
fold3_room12_mix002.csv,1721,1,2,-21,-12,129
fold3_room12_mix002.csv,1722,1,2,-21,-12,129
fold3_room12_mix002.csv,1728,1,2,-21,-13,128
fold3_room12_mix002.csv,1729,1,2,-21,-13,128
fold3_room12_mix002.csv,1730,1,2,-21,-13,128
fold3_room12_mix002.csv,1731,1,2,-20,-13,129
fold3_room12_mix002.csv,1732,1,2,-20,-13,129
fold3_room12_mix002.csv,1733,1,2,-20,-13,129
fold3_room12_mix002.csv,1734,1,2,-20,-13,129
fold3_room12_mix002.csv,1735,1,2,-21,-13,128
fold3_room12_mix002.csv,1736,1,2,-21,-13,128
fold3_room12_mix002.csv,1737,1,2,-21,-13,128
fold3_room12_mix002.csv,1738,1,2,-21,-13,128
fold3_room12_mix002.csv,1739,1,2,-21,-13,128
fold3_room12_mix002.csv,1740,1,2,-21,-13,128
fold3_room12_mix002.csv,1741,1,2,-21,-13,128
fold3_room12_mix002.csv,1742,1,2,-20,-13,128
fold3_room12_mix002.csv,1752,1,2,-20,-13,128
fold3_room12_mix002.csv,1753,1,2,-20,-13,128
fold3_room12_mix002.csv,1754,1,2,-20,-13,128
fold3_room12_mix002.csv,1755,1,2,-20,-13,128
fold3_room12_mix002.csv,1756,1,2,-20,-13,128
fold3_room12_mix002.csv,1757,1,2,-20,-13,128
fold3_room12_mix002.csv,1758,1,2,-21,-13,129
fold3_room12_mix002.csv,1759,1,2,-21,-13,128
fold3_room12_mix002.csv,1760,1,2,-21,-13,128
fold3_room12_mix002.csv,1761,1,2,-21,-13,128
fold3_room12_mix002.csv,1762,1,2,-21,-13,128
fold3_room12_mix002.csv,1763,1,2,-21,-13,128
fold3_room12_mix002.csv,1764,1,2,-21,-13,128
fold3_room12_mix002.csv,1765,1,2,-21,-13,128
fold3_room12_mix002.csv,1766,1,2,-21,-13,128
fold3_room12_mix002.csv,1767,1,2,-21,-13,128
fold3_room12_mix002.csv,1768,1,2,-21,-13,129
fold3_room12_mix002.csv,1769,1,2,-21,-13,129
fold3_room12_mix002.csv,1770,1,2,-21,-13,129
fold3_room12_mix002.csv,1778,1,2,-20,-13,129
fold3_room12_mix002.csv,1779,1,2,-20,-13,129
fold3_room12_mix002.csv,1780,1,2,-20,-13,129
fold3_room12_mix002.csv,1781,1,2,-20,-13,129
fold3_room12_mix002.csv,1782,1,2,-20,-13,129
fold3_room12_mix002.csv,1783,1,2,-20,-13,129
fold3_room12_mix002.csv,1784,1,2,-20,-13,129
fold3_room12_mix002.csv,1785,1,2,-20,-13,129
fold3_room12_mix002.csv,1786,1,2,-20,-13,129
fold3_room12_mix002.csv,1787,1,2,-20,-13,129
fold3_room12_mix002.csv,1788,1,2,-20,-13,129
fold3_room12_mix002.csv,1789,1,2,-20,-13,129
fold3_room12_mix002.csv,1790,1,2,-20,-13,128
fold3_room12_mix002.csv,1791,1,2,-20,-13,128
fold3_room12_mix002.csv,1792,1,2,-21,-13,128
fold3_room12_mix002.csv,1793,1,2,-21,-13,128
fold3_room12_mix002.csv,1794,1,2,-21,-13,128
fold3_room12_mix002.csv,1795,1,2,-21,-13,128
fold3_room12_mix002.csv,1796,1,2,-21,-13,128
fold3_room12_mix002.csv,1797,1,2,-21,-13,128
fold3_room12_mix002.csv,1798,1,2,-21,-13,128
fold3_room12_mix002.csv,1799,1,2,-21,-13,128
fold3_room12_mix002.csv,1800,1,2,-21,-13,128
fold3_room12_mix002.csv,1801,1,2,-20,-13,128
fold3_room12_mix002.csv,1802,1,2,-20,-13,129
fold3_room12_mix002.csv,1803,1,2,-20,-13,129
fold3_room12_mix002.csv,1804,1,2,-20,-13,129
fold3_room12_mix002.csv,1805,1,2,-20,-13,129
fold3_room12_mix002.csv,1806,1,2,-20,-13,129
fold3_room12_mix002.csv,1807,1,2,-20,-13,129
fold3_room12_mix002.csv,1808,1,2,-20,-13,129
fold3_room12_mix002.csv,1809,1,2,-20,-13,128
fold3_room12_mix002.csv,1810,1,2,-20,-13,129
fold3_room12_mix002.csv,1811,1,2,-20,-13,129
fold3_room12_mix002.csv,1812,1,2,-20,-13,129
fold3_room12_mix002.csv,1813,1,2,-20,-13,129
fold3_room12_mix002.csv,1814,1,2,-20,-13,129
fold3_room12_mix002.csv,1815,1,2,-20,-13,129
fold3_room12_mix002.csv,1826,1,2,-20,-13,129
fold3_room12_mix002.csv,1827,1,2,-20,-13,129
fold3_room12_mix002.csv,1828,1,2,-20,-13,129
fold3_room12_mix002.csv,1829,1,2,-20,-13,129
fold3_room12_mix002.csv,1830,1,2,-20,-13,129
fold3_room12_mix002.csv,1831,1,2,-20,-13,129
fold3_room12_mix002.csv,1832,1,2,-20,-13,129
fold3_room12_mix002.csv,1833,1,2,-20,-13,129
fold3_room12_mix002.csv,1834,1,2,-20,-13,129
fold3_room12_mix002.csv,1835,1,2,-20,-13,129
fold3_room12_mix002.csv,1836,1,2,-20,-13,129
fold3_room12_mix002.csv,1837,1,2,-20,-13,129
fold3_room12_mix002.csv,1838,1,2,-20,-13,129
fold3_room12_mix002.csv,1839,1,2,-20,-13,129
fold3_room12_mix002.csv,1840,1,2,-20,-13,129
fold3_room12_mix002.csv,1841,1,2,-20,-13,129
fold3_room12_mix002.csv,1842,1,2,-20,-13,129
fold3_room12_mix002.csv,1843,1,2,-20,-13,129
fold3_room12_mix002.csv,1844,1,2,-20,-13,129
fold3_room12_mix002.csv,1845,1,2,-20,-13,129
fold3_room12_mix002.csv,1846,1,2,-20,-13,129
fold3_room12_mix002.csv,1847,1,2,-20,-13,129
fold3_room12_mix002.csv,1848,1,2,-20,-13,129
fold3_room12_mix002.csv,1849,1,2,-20,-13,128
fold3_room12_mix002.csv,1850,1,2,-20,-13,128
fold3_room12_mix002.csv,1851,1,2,-20,-13,129
fold3_room12_mix002.csv,1852,1,2,-20,-13,129
fold3_room12_mix002.csv,1853,1,2,-20,-13,129
fold3_room12_mix002.csv,1891,1,2,-20,-13,128
fold3_room12_mix002.csv,1892,1,2,-20,-13,129
fold3_room12_mix002.csv,1893,1,2,-20,-13,128
fold3_room12_mix002.csv,1894,1,2,-20,-13,128
fold3_room12_mix002.csv,1895,1,2,-20,-13,128
fold3_room12_mix002.csv,1896,1,2,-20,-13,128
fold3_room12_mix002.csv,1897,1,2,-20,-13,128
fold3_room12_mix002.csv,1898,1,2,-20,-13,128
fold3_room12_mix002.csv,1899,1,2,-20,-13,128
fold3_room12_mix002.csv,1900,1,2,-20,-13,128
fold3_room12_mix002.csv,1901,1,2,-20,-13,128
fold3_room12_mix002.csv,1902,1,2,-20,-13,128
fold3_room12_mix002.csv,1903,1,2,-20,-13,128
fold3_room12_mix002.csv,1904,1,2,-20,-13,128
fold3_room12_mix002.csv,1905,1,2,-20,-13,128
fold3_room12_mix002.csv,1919,1,2,-20,-13,128
fold3_room12_mix002.csv,1920,1,2,-20,-13,128
fold3_room12_mix002.csv,1921,1,2,-20,-13,128
fold3_room12_mix002.csv,1922,1,2,-20,-13,128
fold3_room12_mix002.csv,1923,1,2,-20,-13,128
fold3_room12_mix002.csv,1924,1,2,-20,-13,128
fold3_room12_mix002.csv,1925,1,2,-20,-13,128
fold3_room12_mix002.csv,1926,1,2,-20,-13,128
fold3_room12_mix002.csv,1927,1,2,-20,-13,128
fold3_room12_mix002.csv,1928,1,2,-20,-13,128
fold3_room12_mix002.csv,1929,1,2,-20,-13,128
fold3_room12_mix002.csv,1930,1,2,-20,-13,128
fold3_room12_mix002.csv,1931,1,2,-20,-13,128
fold3_room12_mix002.csv,1932,1,2,-20,-13,128
fold3_room12_mix002.csv,1933,1,2,-20,-13,128
fold3_room12_mix002.csv,1934,1,2,-20,-13,128
fold3_room12_mix002.csv,1935,1,2,-20,-13,128
fold3_room12_mix002.csv,1936,1,2,-20,-13,128
fold3_room12_mix002.csv,1937,1,2,-20,-13,128
fold3_room12_mix002.csv,1938,1,2,-20,-13,128
fold3_room12_mix002.csv,1939,1,2,-20,-13,128
fold3_room12_mix002.csv,1940,1,2,-20,-13,128
fold3_room12_mix002.csv,1941,1,2,-20,-13,128
fold3_room12_mix002.csv,1942,1,2,-20,-13,128
fold3_room12_mix002.csv,1943,1,2,-20,-13,129
fold3_room12_mix002.csv,1944,1,2,-20,-13,129
fold3_room12_mix002.csv,1945,1,2,-20,-13,129
fold3_room12_mix002.csv,1946,1,2,-20,-13,128
fold3_room12_mix002.csv,1947,1,2,-20,-13,128
fold3_room12_mix002.csv,1948,1,2,-20,-13,128
fold3_room12_mix002.csv,1949,1,2,-20,-13,129
fold3_room12_mix002.csv,1950,1,2,-20,-13,129
fold3_room12_mix002.csv,1951,1,2,-20,-13,129
fold3_room12_mix002.csv,1952,1,2,-20,-13,129
fold3_room12_mix002.csv,1953,1,2,-20,-13,129
fold3_room12_mix002.csv,1954,1,2,-20,-13,129
fold3_room12_mix002.csv,1955,1,2,-20,-13,129
fold3_room12_mix002.csv,1956,1,2,-20,-13,129
fold3_room12_mix002.csv,1957,1,2,-20,-13,129
fold3_room12_mix002.csv,1958,1,2,-20,-13,129
fold3_room12_mix002.csv,1959,1,2,-20,-13,128
fold3_room12_mix002.csv,1960,1,2,-20,-13,129
fold3_room12_mix002.csv,1961,1,2,-20,-13,129
fold3_room12_mix002.csv,1962,1,2,-20,-13,129
fold3_room12_mix002.csv,1963,1,2,-20,-13,129
fold3_room12_mix002.csv,1964,1,2,-20,-13,129
fold3_room12_mix002.csv,1965,1,2,-20,-13,129
fold3_room12_mix002.csv,1966,1,2,-20,-13,129
fold3_room12_mix002.csv,1967,1,2,-20,-13,129
fold3_room12_mix002.csv,1968,1,2,-20,-13,129
fold3_room12_mix002.csv,1969,1,2,-20,-13,128
fold3_room12_mix002.csv,1970,1,2,-20,-13,128
fold3_room12_mix002.csv,1971,1,2,-20,-13,128
fold3_room12_mix002.csv,1972,1,2,-20,-13,128
fold3_room12_mix002.csv,1973,1,2,-20,-13,128
fold3_room12_mix002.csv,1974,1,2,-20,-13,128
fold3_room12_mix002.csv,1975,1,2,-20,-13,128
fold3_room12_mix002.csv,1976,1,2,-20,-13,128
fold3_room12_mix002.csv,1977,1,2,-20,-13,128
fold3_room12_mix002.csv,1978,1,2,-20,-13,128
fold3_room12_mix002.csv,1979,1,2,-20,-13,128
fold3_room12_mix002.csv,1980,1,2,-20,-13,128
fold3_room12_mix002.csv,1981,1,2,-20,-13,128
fold3_room12_mix002.csv,1982,1,2,-20,-13,128
fold3_room12_mix002.csv,1983,1,2,-20,-13,128
fold3_room12_mix002.csv,1984,1,2,-20,-13,128
fold3_room12_mix002.csv,1985,1,2,-20,-13,128
fold3_room12_mix002.csv,1986,1,2,-20,-13,128
fold3_room12_mix002.csv,1987,1,2,-20,-13,128
fold3_room12_mix002.csv,1988,1,2,-20,-13,128
fold3_room12_mix002.csv,1989,1,2,-20,-13,129
fold3_room12_mix002.csv,1990,1,2,-20,-12,129
fold3_room12_mix002.csv,1991,1,2,-20,-12,129
fold3_room12_mix002.csv,1992,1,2,-20,-12,129
fold3_room12_mix002.csv,1993,1,2,-20,-12,130
fold3_room12_mix002.csv,1994,1,2,-20,-12,130
fold3_room12_mix002.csv,1995,1,2,-20,-12,131
fold3_room12_mix002.csv,1996,1,2,-20,-12,131
fold3_room12_mix002.csv,1997,1,2,-20,-12,131
fold3_room12_mix002.csv,1998,1,2,-20,-12,130
fold3_room12_mix002.csv,1999,1,2,-20,-12,130
fold3_room12_mix002.csv,2000,1,2,-20,-12,130
fold3_room12_mix002.csv,2001,1,2,-20,-12,130
fold3_room12_mix002.csv,2002,1,2,-20,-12,130
fold3_room12_mix002.csv,2003,1,2,-20,-12,130
fold3_room12_mix002.csv,2004,1,2,-20,-12,130
fold3_room12_mix002.csv,2005,1,2,-20,-12,130
fold3_room12_mix002.csv,2006,1,2,-20,-12,130
fold3_room12_mix002.csv,2007,1,2,-20,-12,130
fold3_room12_mix002.csv,2008,1,2,-20,-12,130
fold3_room12_mix002.csv,2009,1,2,-20,-12,130
fold3_room12_mix002.csv,2010,1,2,-20,-12,130
fold3_room12_mix002.csv,2011,1,2,-20,-12,130
fold3_room12_mix002.csv,2012,1,2,-20,-12,130
fold3_room12_mix002.csv,2013,1,2,-20,-12,130
fold3_room12_mix002.csv,2014,1,2,-20,-12,130
fold3_room12_mix002.csv,2015,1,2,-20,-12,130
fold3_room12_mix002.csv,2016,1,2,-20,-12,129
fold3_room12_mix002.csv,2017,1,2,-20,-12,129
fold3_room12_mix002.csv,2018,1,2,-20,-12,129
fold3_room12_mix002.csv,2019,1,2,-20,-12,129
fold3_room12_mix002.csv,2020,1,2,-20,-12,129
fold3_room12_mix002.csv,2021,1,2,-20,-12,129
fold3_room12_mix002.csv,2022,1,2,-20,-12,129
fold3_room12_mix002.csv,2023,1,2,-20,-12,129
fold3_room12_mix002.csv,2024,1,2,-20,-12,129
fold3_room12_mix002.csv,2025,1,2,-20,-12,129
fold3_room12_mix002.csv,2026,1,2,-20,-12,129
fold3_room12_mix002.csv,2027,1,2,-20,-12,129
fold3_room12_mix002.csv,2028,1,2,-20,-12,129
fold3_room12_mix002.csv,2029,1,2,-20,-12,129
fold3_room12_mix002.csv,2030,1,2,-20,-12,129
fold3_room12_mix002.csv,2031,1,2,-20,-12,129
fold3_room12_mix002.csv,2032,1,2,-20,-12,130
fold3_room12_mix002.csv,2033,1,2,-20,-12,129
fold3_room12_mix002.csv,2034,1,2,-20,-12,129
fold3_room12_mix002.csv,2035,1,2,-20,-12,129
fold3_room12_mix002.csv,2036,1,2,-20,-12,129
fold3_room12_mix002.csv,2037,1,2,-20,-12,129
fold3_room12_mix002.csv,2038,1,2,-20,-12,129
fold3_room12_mix002.csv,2039,1,2,-20,-12,129
fold3_room12_mix002.csv,2040,1,2,-20,-12,129
fold3_room12_mix002.csv,2041,1,2,-20,-13,129
fold3_room12_mix002.csv,2042,1,2,-20,-13,129
fold3_room12_mix002.csv,2043,1,2,-20,-13,129
fold3_room12_mix002.csv,2044,1,2,-20,-13,129
fold3_room12_mix002.csv,2045,1,2,-20,-13,129
fold3_room12_mix002.csv,2046,1,2,-20,-13,129
fold3_room12_mix002.csv,2047,1,2,-20,-13,129
fold3_room12_mix002.csv,2055,1,2,-20,-13,128
fold3_room12_mix002.csv,2056,1,2,-20,-13,128
fold3_room12_mix002.csv,2057,1,2,-20,-13,128
fold3_room12_mix002.csv,2058,1,2,-20,-13,128
fold3_room12_mix002.csv,2059,1,2,-20,-13,128
fold3_room12_mix002.csv,2060,1,2,-20,-13,128
fold3_room12_mix002.csv,2061,1,2,-20,-13,128
fold3_room12_mix002.csv,2062,1,2,-20,-13,128
fold3_room12_mix002.csv,2063,1,2,-20,-13,128
fold3_room12_mix002.csv,2064,1,2,-20,-13,128
fold3_room12_mix002.csv,2065,1,2,-20,-13,128
fold3_room12_mix002.csv,2066,1,2,-20,-13,128
fold3_room12_mix002.csv,2067,1,2,-20,-13,128
fold3_room12_mix002.csv,2068,1,2,-20,-13,128
fold3_room12_mix002.csv,2069,1,2,-20,-13,128
fold3_room12_mix002.csv,2070,1,2,-20,-13,128
fold3_room12_mix002.csv,2071,1,2,-20,-13,128
fold3_room12_mix002.csv,2072,1,2,-20,-13,129
fold3_room12_mix002.csv,2073,1,2,-20,-13,129
fold3_room12_mix002.csv,2074,1,2,-20,-13,129
fold3_room12_mix002.csv,2075,1,2,-20,-13,129
fold3_room12_mix002.csv,2076,1,2,-20,-13,130
fold3_room12_mix002.csv,2077,1,2,-20,-13,130
fold3_room12_mix002.csv,2078,1,2,-20,-13,130
fold3_room12_mix002.csv,2079,1,2,-20,-13,129
fold3_room12_mix002.csv,2080,1,2,-20,-13,129
fold3_room12_mix002.csv,2081,1,2,-20,-13,129
fold3_room12_mix002.csv,2082,1,2,-20,-13,129
fold3_room12_mix002.csv,2083,1,2,-20,-13,129
fold3_room12_mix002.csv,2084,1,2,-20,-13,129
fold3_room12_mix002.csv,2085,1,2,-20,-13,129
fold3_room12_mix002.csv,2086,1,2,-20,-13,129
fold3_room12_mix002.csv,2185,1,2,-20,-13,128
fold3_room12_mix002.csv,2186,1,2,-20,-13,128
fold3_room12_mix002.csv,2187,1,2,-20,-13,128
fold3_room12_mix002.csv,2188,1,2,-20,-13,128
fold3_room12_mix002.csv,2189,1,2,-20,-13,128
fold3_room12_mix002.csv,2190,1,2,-20,-13,128
fold3_room12_mix002.csv,2191,1,2,-20,-13,128
fold3_room12_mix002.csv,2192,1,2,-20,-13,128
fold3_room12_mix002.csv,2193,1,2,-20,-13,128
fold3_room12_mix002.csv,2194,1,2,-20,-13,128
fold3_room12_mix002.csv,2195,1,2,-20,-13,128
fold3_room12_mix002.csv,2196,1,2,-20,-13,128
fold3_room12_mix002.csv,2197,1,2,-20,-13,128
fold3_room12_mix002.csv,2205,1,2,-20,-13,128
fold3_room12_mix002.csv,2206,1,2,-20,-13,128
fold3_room12_mix002.csv,2207,1,2,-20,-13,128
fold3_room12_mix002.csv,2208,1,2,-20,-13,128
fold3_room12_mix002.csv,2209,1,2,-20,-13,128
fold3_room12_mix002.csv,2210,1,2,-20,-13,128
fold3_room12_mix002.csv,2211,1,2,-20,-13,128
fold3_room12_mix002.csv,2212,1,2,-20,-13,128
fold3_room12_mix002.csv,2213,1,2,-20,-13,128
fold3_room12_mix002.csv,2214,1,2,-20,-13,128
fold3_room12_mix002.csv,2215,1,2,-20,-13,128
fold3_room12_mix002.csv,2216,1,2,-20,-13,128
fold3_room12_mix002.csv,2217,1,2,-20,-13,128
fold3_room12_mix002.csv,2218,1,2,-20,-13,128
fold3_room12_mix002.csv,2219,1,2,-20,-13,128
fold3_room12_mix002.csv,2220,1,2,-20,-13,128
fold3_room12_mix002.csv,2221,1,2,-20,-13,128
fold3_room12_mix002.csv,2222,1,2,-20,-13,128
fold3_room12_mix002.csv,2223,1,2,-20,-13,129
fold3_room12_mix002.csv,2224,1,2,-20,-13,129
fold3_room12_mix002.csv,2225,1,2,-20,-13,129
fold3_room12_mix002.csv,2226,1,2,-20,-13,128
fold3_room12_mix002.csv,2227,1,2,-20,-13,129
fold3_room12_mix002.csv,2228,1,2,-20,-13,128
fold3_room12_mix002.csv,2229,1,2,-20,-13,128
fold3_room12_mix004.csv,3018,1,2,-152,-3,124
fold3_room12_mix004.csv,3019,1,2,-152,-3,125
fold3_room12_mix004.csv,3020,1,2,-153,-4,125
fold3_room12_mix004.csv,3021,1,2,-153,-4,125
fold3_room12_mix004.csv,3022,1,2,-153,-4,125
fold3_room12_mix004.csv,3023,1,2,-153,-4,125
fold3_room12_mix004.csv,3024,1,2,-153,-5,125
fold3_room12_mix004.csv,3025,1,2,-153,-5,124
fold3_room12_mix004.csv,3026,1,2,-152,-5,123
fold3_room12_mix004.csv,3027,1,2,-152,-5,123
fold3_room12_mix004.csv,3028,1,2,-151,-7,123
fold3_room12_mix004.csv,3029,1,2,-151,-8,123
fold3_room12_mix004.csv,3037,1,2,-150,-17,126
fold3_room12_mix004.csv,3038,1,2,-150,-17,125
fold3_room12_mix004.csv,3039,1,2,-151,-17,125
fold3_room12_mix004.csv,3040,1,2,-151,-17,125
fold3_room12_mix004.csv,3041,1,2,-151,-16,126
fold3_room12_mix004.csv,3042,1,2,-151,-16,127
fold3_room12_mix004.csv,3043,1,2,-151,-16,128
fold3_room12_mix004.csv,3044,1,2,-151,-16,128
fold3_room12_mix004.csv,3045,1,2,-150,-16,130
fold3_room12_mix004.csv,3046,1,2,-149,-16,131
fold3_room12_mix004.csv,3047,1,2,-147,-14,133
fold3_room12_mix004.csv,3048,1,2,-145,-13,137
fold3_room12_mix004.csv,3049,1,2,-143,-12,138
fold3_room12_mix004.csv,3050,1,2,-143,-10,139
fold3_room12_mix004.csv,3051,1,2,-143,-8,139
fold3_room12_mix004.csv,3052,1,2,-142,-7,140
fold3_room12_mix004.csv,3053,1,2,-142,-7,140
fold3_room12_mix004.csv,3054,1,2,-142,-5,140
fold3_room12_mix004.csv,3055,1,2,-142,-4,140
fold3_room12_mix004.csv,3162,1,2,-127,-21,117
fold3_room12_mix004.csv,3163,1,2,-127,-20,118
fold3_room12_mix004.csv,3164,1,2,-127,-19,118
fold3_room12_mix004.csv,3165,1,2,-127,-19,119
fold3_room12_mix004.csv,3166,1,2,-127,-18,120
fold3_room12_mix004.csv,3208,1,2,-120,1,110
fold3_room12_mix004.csv,3209,1,2,-119,2,108
fold3_room12_mix004.csv,3210,1,2,-117,2,106
fold3_room12_mix004.csv,3211,1,2,-116,2,104
fold3_room12_mix004.csv,3212,1,2,-114,3,98
fold3_room12_mix004.csv,3213,1,2,-114,3,92
fold3_room12_mix004.csv,3214,1,2,-113,3,85
fold3_room12_mix004.csv,3215,1,2,-111,3,81
fold3_room12_mix004.csv,3216,1,2,-109,4,78
fold3_room12_mix004.csv,3217,1,2,-107,4,76
fold3_room12_mix004.csv,3218,1,2,-105,4,74
fold3_room12_mix004.csv,3219,1,2,-104,4,74
fold3_room12_mix004.csv,3220,1,2,-103,5,74
fold3_room12_mix004.csv,3221,1,2,-102,5,75
fold3_room12_mix004.csv,3222,1,2,-102,5,76
fold3_room12_mix004.csv,3223,1,2,-101,5,78
fold3_room12_mix004.csv,3224,1,2,-100,5,79
fold3_room12_mix004.csv,3225,1,2,-99,4,81
fold3_room12_mix004.csv,3226,1,2,-99,4,82
fold3_room12_mix004.csv,3227,1,2,-98,4,83
fold3_room12_mix004.csv,3228,1,2,-98,4,85
fold3_room12_mix004.csv,3229,1,2,-97,4,86
fold3_room12_mix004.csv,3230,1,2,-97,4,86
fold3_room12_mix004.csv,3231,1,2,-97,4,86
fold3_room12_mix004.csv,3232,1,2,-96,4,86
fold3_room12_mix004.csv,3233,1,2,-96,4,85
fold3_room12_mix004.csv,3234,1,2,-95,5,83
fold3_room12_mix004.csv,3235,1,2,-93,5,81
fold3_room12_mix004.csv,3236,1,2,-91,5,79
fold3_room12_mix004.csv,3237,1,2,-89,6,77
fold3_room12_mix004.csv,3238,1,2,-88,6,75
fold3_room12_mix004.csv,3239,1,2,-86,6,73
fold3_room12_mix004.csv,3240,1,2,-86,6,72
fold3_room12_mix004.csv,3241,1,2,-85,6,71
fold3_room12_mix004.csv,3242,1,2,-86,6,70
fold3_room12_mix004.csv,3249,1,2,-95,9,74
fold3_room12_mix004.csv,3250,1,2,-97,9,74
fold3_room12_mix004.csv,3251,1,2,-98,9,75
fold3_room12_mix004.csv,3252,1,2,-99,8,75
fold3_room12_mix004.csv,3253,1,2,-100,8,75
fold3_room12_mix004.csv,3254,1,2,-100,8,75
fold3_room12_mix004.csv,3255,1,2,-100,8,75
fold3_room12_mix004.csv,3256,1,2,-99,8,75
fold3_room12_mix004.csv,3257,1,2,-99,9,73
fold3_room12_mix004.csv,3258,1,2,-98,9,73
fold3_room12_mix004.csv,3259,1,2,-97,9,72
fold3_room12_mix004.csv,3260,1,2,-96,9,72
fold3_room12_mix006.csv,32,1,3,-18,-10,145
fold3_room12_mix006.csv,33,1,3,-18,-10,145
fold3_room12_mix006.csv,34,1,3,-18,-10,145
fold3_room12_mix006.csv,35,1,3,-18,-10,145
fold3_room12_mix006.csv,36,1,3,-18,-10,145
fold3_room12_mix006.csv,37,1,3,-18,-10,145
fold3_room12_mix006.csv,38,1,3,-18,-10,145
fold3_room12_mix006.csv,39,1,3,-18,-10,145
fold3_room12_mix006.csv,40,1,3,-18,-10,145
fold3_room12_mix006.csv,41,1,3,-18,-10,145
fold3_room12_mix006.csv,42,1,3,-18,-10,145
fold3_room12_mix006.csv,43,1,3,-18,-10,145
fold3_room12_mix006.csv,44,1,3,-18,-10,145
fold3_room12_mix006.csv,45,1,3,-18,-10,145
fold3_room12_mix006.csv,46,1,3,-18,-10,145
fold3_room12_mix006.csv,47,1,3,-18,-10,145
fold3_room12_mix006.csv,48,1,3,-18,-10,145
fold3_room12_mix006.csv,52,1,3,-18,-10,145
fold3_room12_mix006.csv,53,1,3,-18,-10,145
fold3_room12_mix006.csv,54,1,3,-18,-10,145
fold3_room12_mix006.csv,55,1,3,-18,-10,145
fold3_room12_mix006.csv,56,1,3,-18,-10,145
fold3_room12_mix006.csv,57,1,3,-18,-10,145
fold3_room12_mix006.csv,58,1,3,-18,-10,145
fold3_room12_mix006.csv,59,1,3,-18,-10,145
fold3_room12_mix006.csv,60,1,3,-18,-10,145
fold3_room12_mix006.csv,61,1,3,-18,-10,145
fold3_room12_mix006.csv,62,1,3,-18,-10,145
fold3_room12_mix006.csv,63,1,3,-18,-10,145
fold3_room12_mix006.csv,64,1,3,-18,-10,145
fold3_room12_mix006.csv,65,1,3,-18,-10,145
fold3_room12_mix006.csv,66,1,3,-18,-10,145
fold3_room12_mix006.csv,67,1,3,-18,-10,145
fold3_room12_mix006.csv,68,1,3,-18,-10,145
fold3_room12_mix006.csv,69,1,3,-18,-10,145
fold3_room12_mix006.csv,70,1,3,-18,-10,145
fold3_room12_mix006.csv,71,1,3,-18,-10,145
fold3_room12_mix006.csv,72,1,3,-18,-10,145
fold3_room12_mix006.csv,73,1,3,-18,-10,145
fold3_room12_mix006.csv,74,1,3,-18,-10,145
fold3_room12_mix006.csv,75,1,3,-18,-10,145
fold3_room12_mix006.csv,76,1,3,-18,-10,145
fold3_room12_mix006.csv,77,1,3,-18,-10,145
fold3_room12_mix006.csv,78,1,3,-18,-10,145
fold3_room12_mix006.csv,120,1,3,-18,-10,146
fold3_room12_mix006.csv,121,1,3,-18,-10,146
fold3_room12_mix006.csv,122,1,3,-18,-10,146
fold3_room12_mix006.csv,123,1,3,-18,-10,146
fold3_room12_mix006.csv,124,1,3,-18,-10,146
fold3_room12_mix006.csv,137,1,3,-17,-10,146
fold3_room12_mix006.csv,138,1,3,-17,-10,147
fold3_room12_mix006.csv,139,1,3,-17,-10,147
fold3_room12_mix006.csv,140,1,3,-17,-10,146
fold3_room12_mix006.csv,141,1,3,-18,-10,146
fold3_room12_mix006.csv,142,1,3,-18,-11,146
fold3_room12_mix006.csv,143,1,3,-17,-11,146
fold3_room12_mix006.csv,144,1,3,-18,-11,146
fold3_room12_mix006.csv,145,1,3,-18,-11,146
fold3_room12_mix006.csv,146,1,3,-18,-11,146
fold3_room12_mix006.csv,147,1,3,-18,-11,146
fold3_room12_mix006.csv,160,1,3,-17,-10,147
fold3_room12_mix006.csv,161,1,3,-17,-10,147
fold3_room12_mix006.csv,162,1,3,-17,-10,146
fold3_room12_mix006.csv,163,1,3,-18,-10,146
fold3_room12_mix006.csv,164,1,3,-18,-10,146
fold3_room12_mix006.csv,165,1,3,-18,-10,146
fold3_room12_mix006.csv,166,1,3,-18,-10,146
fold3_room12_mix006.csv,167,1,3,-18,-10,145
fold3_room12_mix006.csv,168,1,3,-18,-10,145
fold3_room12_mix006.csv,169,1,3,-18,-10,146
fold3_room12_mix006.csv,238,1,3,-18,-10,147
fold3_room12_mix006.csv,281,1,3,-18,-10,147
fold3_room12_mix006.csv,380,1,3,-18,-10,146
fold3_room12_mix006.csv,381,1,3,-18,-10,146
fold3_room12_mix006.csv,382,1,3,-18,-10,146
fold3_room12_mix006.csv,383,1,3,-18,-10,146
fold3_room12_mix006.csv,384,1,3,-18,-10,146
fold3_room12_mix006.csv,385,1,3,-18,-10,146
fold3_room12_mix006.csv,386,1,3,-18,-10,146
fold3_room12_mix006.csv,387,1,3,-18,-10,147
fold3_room12_mix006.csv,388,1,3,-18,-10,147
fold3_room12_mix006.csv,389,1,3,-18,-10,147
fold3_room12_mix006.csv,390,1,3,-18,-10,147
fold3_room12_mix006.csv,391,1,3,-18,-10,147
fold3_room12_mix006.csv,392,1,3,-18,-10,147
fold3_room12_mix006.csv,393,1,3,-18,-10,147
fold3_room12_mix006.csv,394,1,3,-18,-10,147
fold3_room12_mix006.csv,395,1,3,-18,-10,147
fold3_room12_mix006.csv,396,1,3,-18,-10,147
fold3_room12_mix006.csv,397,1,3,-18,-10,147
fold3_room12_mix006.csv,398,1,3,-18,-10,147
fold3_room12_mix006.csv,399,1,3,-18,-10,146
fold3_room12_mix006.csv,400,1,3,-18,-10,146
fold3_room12_mix006.csv,401,1,3,-18,-10,146
fold3_room12_mix006.csv,402,1,3,-18,-10,146
fold3_room12_mix006.csv,403,1,3,-18,-10,146
fold3_room12_mix006.csv,404,1,3,-18,-10,146
fold3_room12_mix006.csv,405,1,3,-18,-10,146
fold3_room12_mix006.csv,406,1,3,-18,-10,146
fold3_room12_mix006.csv,407,1,3,-18,-10,146
fold3_room12_mix006.csv,416,1,3,-17,-10,148
fold3_room12_mix006.csv,417,1,3,-17,-10,148
fold3_room12_mix006.csv,418,1,3,-17,-10,148
fold3_room12_mix006.csv,419,1,3,-17,-10,148
fold3_room12_mix006.csv,420,1,3,-17,-10,147
fold3_room12_mix006.csv,421,1,3,-17,-10,147
fold3_room12_mix006.csv,422,1,3,-17,-10,147
fold3_room12_mix006.csv,423,1,3,-18,-10,147
fold3_room12_mix006.csv,424,1,3,-18,-10,146
fold3_room12_mix006.csv,425,1,3,-18,-10,146
fold3_room12_mix006.csv,426,1,3,-18,-10,146
fold3_room12_mix006.csv,427,1,3,-18,-10,146
fold3_room12_mix006.csv,428,1,3,-18,-10,146
fold3_room12_mix006.csv,429,1,3,-18,-10,146
fold3_room12_mix006.csv,434,1,3,-18,-10,147
fold3_room12_mix006.csv,435,1,3,-18,-10,147
fold3_room12_mix006.csv,436,1,3,-17,-10,147
fold3_room12_mix006.csv,437,1,3,-17,-10,147
fold3_room12_mix006.csv,438,1,3,-17,-10,147
fold3_room12_mix006.csv,439,1,3,-17,-10,147
fold3_room12_mix006.csv,440,1,3,-17,-10,147
fold3_room12_mix006.csv,441,1,3,-18,-10,147
fold3_room12_mix006.csv,442,1,3,-18,-10,147
fold3_room12_mix006.csv,443,1,3,-18,-10,147
fold3_room12_mix006.csv,444,1,3,-18,-10,147
fold3_room12_mix006.csv,445,1,3,-18,-10,147
fold3_room12_mix006.csv,446,1,3,-18,-10,147
fold3_room12_mix006.csv,447,1,3,-18,-10,146
fold3_room12_mix006.csv,448,1,3,-18,-10,146
fold3_room12_mix006.csv,449,1,3,-18,-10,147
fold3_room12_mix006.csv,450,1,3,-18,-10,147
fold3_room12_mix006.csv,451,1,3,-18,-10,146
fold3_room12_mix006.csv,468,1,3,-18,-10,148
fold3_room12_mix006.csv,469,1,3,-18,-10,148
fold3_room12_mix006.csv,470,1,3,-18,-10,147
fold3_room12_mix006.csv,471,1,3,-18,-10,147
fold3_room12_mix006.csv,472,1,3,-18,-10,147
fold3_room12_mix006.csv,473,1,3,-18,-10,147
fold3_room12_mix006.csv,474,1,3,-18,-10,146
fold3_room12_mix006.csv,475,1,3,-18,-10,146
fold3_room12_mix006.csv,476,1,3,-18,-10,146
fold3_room12_mix006.csv,477,1,3,-18,-10,146
fold3_room12_mix006.csv,478,1,3,-18,-10,146
fold3_room12_mix006.csv,479,1,3,-18,-10,147
fold3_room12_mix006.csv,480,1,3,-18,-10,146
fold3_room12_mix006.csv,481,1,3,-18,-10,147
fold3_room12_mix006.csv,482,1,3,-18,-10,147
fold3_room12_mix006.csv,483,1,3,-18,-10,147
fold3_room12_mix006.csv,484,1,3,-18,-10,147
fold3_room12_mix006.csv,485,1,3,-18,-10,147
fold3_room12_mix006.csv,486,1,3,-18,-10,147
fold3_room12_mix006.csv,551,1,3,-18,-10,147
fold3_room12_mix006.csv,741,1,3,-18,-10,147
fold3_room12_mix006.csv,742,1,3,-18,-10,146
fold3_room12_mix006.csv,777,1,3,-18,-10,146
fold3_room12_mix006.csv,778,1,3,-18,-10,146
fold3_room12_mix006.csv,779,1,3,-18,-10,146
fold3_room12_mix006.csv,780,1,3,-18,-10,146
fold3_room12_mix006.csv,781,1,3,-18,-10,146
fold3_room12_mix006.csv,782,1,3,-18,-10,146
fold3_room12_mix006.csv,783,1,3,-18,-10,146
fold3_room12_mix006.csv,784,1,3,-18,-10,146
fold3_room12_mix006.csv,785,1,3,-18,-10,146
fold3_room12_mix006.csv,786,1,3,-18,-10,146
fold3_room12_mix006.csv,787,1,3,-18,-10,146
fold3_room12_mix006.csv,788,1,3,-18,-10,146
fold3_room12_mix006.csv,789,1,3,-18,-10,146
fold3_room12_mix006.csv,790,1,3,-18,-10,146
fold3_room12_mix006.csv,791,1,3,-18,-10,146
fold3_room12_mix006.csv,792,1,3,-18,-10,146
fold3_room12_mix006.csv,793,1,3,-18,-10,146
fold3_room12_mix006.csv,794,1,3,-18,-10,146
fold3_room12_mix006.csv,795,1,3,-18,-10,146
fold3_room12_mix006.csv,796,1,3,-18,-10,146
fold3_room12_mix006.csv,797,1,3,-18,-10,146
fold3_room12_mix006.csv,798,1,3,-18,-10,146
fold3_room12_mix006.csv,815,1,3,-18,-10,147
fold3_room12_mix006.csv,816,1,3,-18,-10,146
fold3_room12_mix006.csv,817,1,3,-18,-10,146
fold3_room12_mix006.csv,818,1,3,-18,-10,146
fold3_room12_mix006.csv,819,1,3,-18,-10,146
fold3_room12_mix006.csv,820,1,3,-18,-10,146
fold3_room12_mix006.csv,821,1,3,-18,-10,146
fold3_room12_mix006.csv,822,1,3,-18,-10,146
fold3_room12_mix006.csv,823,1,3,-18,-10,146
fold3_room12_mix006.csv,824,1,3,-18,-10,146
fold3_room12_mix006.csv,825,1,3,-18,-10,146
fold3_room12_mix006.csv,826,1,3,-18,-10,146
fold3_room12_mix006.csv,827,1,3,-18,-10,146
fold3_room12_mix006.csv,828,1,3,-18,-10,146
fold3_room12_mix006.csv,829,1,3,-18,-10,146
fold3_room12_mix006.csv,830,1,3,-18,-10,146
fold3_room12_mix006.csv,831,1,3,-18,-10,147
fold3_room12_mix006.csv,832,1,3,-18,-10,147
fold3_room12_mix006.csv,833,1,3,-17,-11,147
fold3_room12_mix006.csv,834,1,3,-17,-11,147
fold3_room12_mix006.csv,835,1,3,-18,-11,147
fold3_room12_mix006.csv,836,1,3,-18,-10,147
fold3_room12_mix006.csv,837,1,3,-18,-10,146
fold3_room12_mix006.csv,838,1,3,-19,-10,146
fold3_room12_mix006.csv,839,1,3,-19,-11,146
fold3_room12_mix006.csv,840,1,3,-18,-11,146
fold3_room12_mix006.csv,841,1,3,-18,-11,146
fold3_room12_mix006.csv,842,1,3,-18,-11,147
fold3_room12_mix006.csv,843,1,3,-18,-10,147
fold3_room12_mix006.csv,844,1,3,-18,-10,148
fold3_room12_mix006.csv,845,1,3,-18,-10,148
fold3_room12_mix006.csv,846,1,3,-18,-10,148
fold3_room12_mix006.csv,847,1,3,-18,-10,148
fold3_room12_mix006.csv,848,1,3,-18,-10,148
fold3_room12_mix006.csv,849,1,3,-18,-10,148
fold3_room12_mix006.csv,850,1,3,-18,-10,148
fold3_room12_mix006.csv,851,1,3,-18,-10,148
fold3_room12_mix006.csv,852,1,3,-18,-10,147
fold3_room12_mix006.csv,853,1,3,-18,-10,147
fold3_room12_mix006.csv,854,1,3,-18,-10,147
fold3_room12_mix006.csv,855,1,3,-18,-10,146
fold3_room12_mix006.csv,856,1,3,-18,-10,146
fold3_room12_mix006.csv,857,1,3,-18,-10,146
fold3_room12_mix006.csv,858,1,3,-18,-10,146
fold3_room12_mix006.csv,859,1,3,-18,-10,146
fold3_room12_mix006.csv,860,1,3,-18,-11,147
fold3_room12_mix006.csv,861,1,3,-18,-11,147
fold3_room12_mix006.csv,988,1,3,-19,-10,146
fold3_room12_mix006.csv,989,1,3,-19,-10,146
fold3_room12_mix006.csv,990,1,3,-19,-10,146
fold3_room12_mix006.csv,991,1,3,-19,-10,147
fold3_room12_mix006.csv,992,1,3,-19,-10,147
fold3_room12_mix006.csv,993,1,3,-19,-10,147
fold3_room12_mix006.csv,994,1,3,-18,-10,147
fold3_room12_mix006.csv,995,1,3,-18,-10,147
fold3_room12_mix006.csv,996,1,3,-18,-10,147
fold3_room12_mix007.csv,127,1,3,1,2,306
fold3_room12_mix007.csv,128,1,3,1,2,306
fold3_room12_mix007.csv,129,1,3,1,2,306
fold3_room12_mix007.csv,130,1,3,1,2,306
fold3_room12_mix007.csv,131,1,3,1,2,306
fold3_room12_mix007.csv,132,1,3,1,2,306
fold3_room12_mix007.csv,133,1,3,1,2,306
fold3_room12_mix007.csv,206,1,3,-8,-5,219
fold3_room12_mix007.csv,207,1,3,-8,-5,218
fold3_room12_mix007.csv,208,1,3,-7,-5,218
fold3_room12_mix007.csv,209,1,3,-7,-5,219
fold3_room12_mix007.csv,210,1,3,-6,-6,220
fold3_room12_mix007.csv,211,1,3,-6,-6,222
fold3_room12_mix007.csv,212,1,3,-7,-5,222
fold3_room12_mix007.csv,213,1,3,-7,-5,223
fold3_room12_mix007.csv,214,1,3,-7,-5,222
fold3_room12_mix007.csv,215,1,3,-8,-5,221
fold3_room12_mix007.csv,216,1,3,-8,-6,220
fold3_room12_mix007.csv,238,1,3,-8,-6,222
fold3_room12_mix007.csv,239,1,3,-8,-6,223
fold3_room12_mix007.csv,240,1,3,-8,-6,222
fold3_room12_mix007.csv,241,1,3,-8,-6,222
fold3_room12_mix007.csv,242,1,3,-8,-6,222
fold3_room12_mix007.csv,243,1,3,-8,-6,222
fold3_room12_mix007.csv,244,1,3,-8,-6,222
fold3_room12_mix007.csv,245,1,3,-8,-6,222
fold3_room12_mix007.csv,246,1,3,-8,-6,223
fold3_room12_mix007.csv,247,1,3,-8,-6,223
fold3_room12_mix007.csv,248,1,3,-8,-6,222
fold3_room12_mix007.csv,249,1,3,-8,-6,222
fold3_room12_mix007.csv,250,1,3,-8,-6,222
fold3_room12_mix007.csv,251,1,3,-7,-6,223
fold3_room12_mix007.csv,252,1,3,-6,-7,225
fold3_room12_mix007.csv,253,1,3,-5,-6,228
fold3_room12_mix007.csv,254,1,3,-5,-6,228
fold3_room12_mix007.csv,255,1,3,-5,-7,228
fold3_room12_mix007.csv,256,1,3,-6,-6,225
fold3_room12_mix007.csv,257,1,3,-7,-6,224
fold3_room12_mix007.csv,258,1,3,-7,-7,223
fold3_room12_mix007.csv,259,1,3,-8,-7,222
fold3_room12_mix007.csv,260,1,3,-8,-7,222
fold3_room12_mix007.csv,261,1,3,-8,-7,222
fold3_room12_mix007.csv,262,1,3,-8,-7,222
fold3_room12_mix007.csv,263,1,3,-8,-7,222
fold3_room12_mix007.csv,264,1,3,-8,-7,222
fold3_room12_mix007.csv,265,1,3,-8,-7,222
fold3_room12_mix007.csv,266,1,3,-8,-7,222
fold3_room12_mix007.csv,267,1,3,-8,-7,222
fold3_room12_mix007.csv,268,1,3,-8,-7,221
fold3_room12_mix007.csv,269,1,3,-8,-7,221
fold3_room12_mix007.csv,270,1,3,-8,-7,221
fold3_room12_mix007.csv,271,1,3,-8,-7,221
fold3_room12_mix007.csv,272,1,3,-8,-7,221
fold3_room12_mix007.csv,273,1,3,-8,-7,221
fold3_room12_mix007.csv,274,1,3,-8,-6,221
fold3_room12_mix007.csv,319,1,3,-8,-7,221
fold3_room12_mix007.csv,320,1,3,-8,-8,221
fold3_room12_mix007.csv,321,1,3,-8,-7,221
fold3_room12_mix007.csv,322,1,3,-8,-7,221
fold3_room12_mix007.csv,323,1,3,-8,-7,221
fold3_room12_mix007.csv,324,1,3,-8,-7,221
fold3_room12_mix007.csv,325,1,3,-8,-7,221
fold3_room12_mix007.csv,326,1,3,-8,-7,221
fold3_room12_mix007.csv,327,1,3,-8,-7,221
fold3_room12_mix007.csv,328,1,3,-8,-7,221
fold3_room12_mix007.csv,329,1,3,-8,-7,221
fold3_room12_mix007.csv,330,1,3,-8,-7,221
fold3_room12_mix007.csv,331,1,3,-8,-7,221
fold3_room12_mix007.csv,332,1,3,-8,-7,221
fold3_room12_mix007.csv,333,1,3,-8,-7,221
fold3_room12_mix007.csv,334,1,3,-8,-7,221
fold3_room12_mix007.csv,335,1,3,-8,-7,221
fold3_room12_mix007.csv,336,1,3,-8,-7,221
fold3_room12_mix007.csv,337,1,3,-8,-7,221
fold3_room12_mix007.csv,338,1,3,-8,-7,221
fold3_room12_mix007.csv,339,1,3,-8,-7,221
fold3_room12_mix007.csv,340,1,3,-8,-7,221
fold3_room12_mix007.csv,341,1,3,-8,-7,221
fold3_room12_mix007.csv,342,1,3,-8,-7,221
fold3_room12_mix007.csv,419,1,3,-8,-7,221
fold3_room12_mix007.csv,420,1,3,-8,-7,221
fold3_room12_mix007.csv,421,1,3,-8,-7,221
fold3_room12_mix007.csv,422,1,3,-8,-7,221
fold3_room12_mix007.csv,423,1,3,-8,-7,221
fold3_room12_mix007.csv,424,1,3,-8,-7,221
fold3_room12_mix007.csv,425,1,3,-8,-7,221
fold3_room12_mix007.csv,426,1,3,-8,-7,221
fold3_room12_mix007.csv,432,1,3,-8,-7,221
fold3_room12_mix007.csv,433,1,3,-8,-7,221
fold3_room12_mix007.csv,434,1,3,-8,-7,221
fold3_room12_mix007.csv,435,1,3,-8,-7,221
fold3_room12_mix007.csv,436,1,3,-8,-7,221
fold3_room12_mix007.csv,437,1,3,-8,-7,221
fold3_room12_mix007.csv,438,1,3,-8,-7,221
fold3_room12_mix007.csv,439,1,3,-8,-7,221
fold3_room12_mix007.csv,440,1,3,-8,-7,221
fold3_room12_mix007.csv,441,1,3,-8,-7,221
fold3_room12_mix007.csv,449,1,3,-8,-7,222
fold3_room12_mix007.csv,450,1,3,-8,-7,222
fold3_room12_mix007.csv,451,1,3,-8,-7,222
fold3_room12_mix007.csv,452,1,3,-8,-7,222
fold3_room12_mix007.csv,492,1,3,-8,-7,222
fold3_room12_mix007.csv,493,1,3,-8,-7,222
fold3_room12_mix007.csv,494,1,3,-8,-7,222
fold3_room12_mix007.csv,495,1,3,-8,-7,222
fold3_room12_mix007.csv,496,1,3,-8,-7,222
fold3_room12_mix007.csv,497,1,3,-8,-6,221
fold3_room12_mix007.csv,498,1,3,-8,-6,221
fold3_room12_mix007.csv,499,1,3,-8,-7,222
fold3_room12_mix007.csv,500,1,3,-8,-7,222
fold3_room12_mix007.csv,501,1,3,-8,-7,222
fold3_room12_mix007.csv,502,1,3,-8,-7,222
fold3_room12_mix007.csv,503,1,3,-9,-7,222
fold3_room12_mix007.csv,504,1,3,-8,-7,222
fold3_room12_mix007.csv,505,1,3,-8,-7,222
fold3_room12_mix007.csv,506,1,3,-8,-7,222
fold3_room12_mix007.csv,507,1,3,-8,-7,222
fold3_room12_mix007.csv,508,1,3,-8,-7,222
fold3_room12_mix007.csv,509,1,3,-8,-7,222
fold3_room12_mix007.csv,598,1,3,-8,-7,222
fold3_room12_mix007.csv,599,1,3,-8,-7,222
fold3_room12_mix007.csv,600,1,3,-8,-7,222
fold3_room12_mix007.csv,601,1,3,-8,-7,222
fold3_room12_mix007.csv,602,1,3,-8,-7,222
fold3_room12_mix007.csv,603,1,3,-8,-7,222
fold3_room12_mix007.csv,604,1,3,-8,-7,222
fold3_room12_mix007.csv,605,1,3,-8,-7,222
fold3_room12_mix007.csv,606,1,3,-8,-7,222
fold3_room12_mix007.csv,607,1,3,-8,-7,222
fold3_room12_mix007.csv,608,1,3,-8,-7,222
fold3_room12_mix007.csv,609,1,3,-8,-7,222
fold3_room12_mix007.csv,610,1,3,-8,-7,222
fold3_room12_mix007.csv,611,1,3,-8,-7,222
fold3_room12_mix007.csv,612,1,3,-8,-7,222
fold3_room12_mix007.csv,613,1,3,-8,-7,222
fold3_room12_mix007.csv,614,1,3,-8,-7,222
fold3_room12_mix007.csv,615,1,3,-8,-7,222
fold3_room12_mix007.csv,616,1,3,-8,-7,222
fold3_room12_mix007.csv,617,1,3,-8,-7,222
fold3_room12_mix007.csv,618,1,3,-8,-7,221
fold3_room12_mix007.csv,619,1,3,-8,-7,221
fold3_room12_mix007.csv,620,1,3,-8,-7,222
fold3_room12_mix007.csv,621,1,3,-8,-7,221
fold3_room12_mix007.csv,622,1,3,-8,-7,222
fold3_room12_mix007.csv,623,1,3,-8,-7,221
fold3_room12_mix007.csv,624,1,3,-8,-7,222
fold3_room12_mix007.csv,625,1,3,-8,-7,222
fold3_room12_mix007.csv,626,1,3,-8,-7,222
fold3_room12_mix007.csv,627,1,3,-8,-7,222
fold3_room12_mix007.csv,628,1,3,-8,-7,222
fold3_room12_mix007.csv,629,1,3,-8,-7,222
fold3_room12_mix007.csv,640,1,3,-8,-6,222
fold3_room12_mix007.csv,641,1,3,-8,-6,221
fold3_room12_mix007.csv,642,1,3,-8,-6,221
fold3_room12_mix007.csv,643,1,3,-8,-6,221
fold3_room12_mix007.csv,644,1,3,-8,-6,221
fold3_room12_mix007.csv,645,1,3,-8,-6,221
fold3_room12_mix007.csv,646,1,3,-8,-6,221
fold3_room12_mix007.csv,647,1,3,-8,-6,222
fold3_room12_mix007.csv,648,1,3,-8,-6,222
fold3_room12_mix007.csv,649,1,3,-8,-6,222
fold3_room12_mix007.csv,650,1,3,-8,-6,222
fold3_room12_mix007.csv,651,1,3,-8,-6,222
fold3_room12_mix007.csv,652,1,3,-8,-6,221
fold3_room12_mix007.csv,653,1,3,-8,-6,221
fold3_room12_mix007.csv,654,1,3,-8,-6,222
fold3_room12_mix007.csv,655,1,3,-8,-6,222
fold3_room12_mix007.csv,656,1,3,-8,-6,222
fold3_room12_mix007.csv,657,1,3,-8,-6,222
fold3_room12_mix007.csv,658,1,3,-8,-6,222
fold3_room12_mix007.csv,659,1,3,-8,-6,222
fold3_room12_mix007.csv,660,1,3,-8,-6,222
fold3_room12_mix007.csv,661,1,3,-8,-6,222
fold3_room12_mix007.csv,662,1,3,-8,-6,222
fold3_room12_mix007.csv,663,1,3,-8,-6,222
fold3_room12_mix007.csv,664,1,3,-8,-6,222
fold3_room12_mix007.csv,665,1,3,-8,-6,222
fold3_room12_mix007.csv,666,1,3,-8,-6,222
fold3_room12_mix007.csv,667,1,3,-8,-6,222
fold3_room12_mix007.csv,668,1,3,-8,-6,222
fold3_room12_mix007.csv,669,1,3,-8,-6,222
fold3_room12_mix007.csv,670,1,3,-8,-6,222
fold3_room12_mix007.csv,671,1,3,-8,-6,222
fold3_room12_mix007.csv,672,1,3,-8,-6,222
fold3_room12_mix007.csv,673,1,3,-8,-6,222
fold3_room12_mix007.csv,674,1,3,-8,-6,222
fold3_room12_mix007.csv,675,1,3,-8,-6,222
fold3_room12_mix007.csv,676,1,3,-8,-6,222
fold3_room12_mix007.csv,677,1,3,-8,-6,222
fold3_room12_mix007.csv,678,1,3,-8,-6,223
fold3_room12_mix007.csv,679,1,3,-8,-6,223
fold3_room12_mix007.csv,680,1,3,-8,-6,222
fold3_room12_mix007.csv,681,1,3,-8,-6,222
fold3_room12_mix007.csv,682,1,3,-8,-6,222
fold3_room12_mix007.csv,683,1,3,-8,-6,222
fold3_room12_mix007.csv,684,1,3,-8,-6,222
fold3_room12_mix007.csv,685,1,3,-8,-6,222
fold3_room12_mix007.csv,686,1,3,-8,-6,222
fold3_room12_mix007.csv,687,1,3,-8,-6,222
fold3_room12_mix007.csv,688,1,3,-8,-6,222
fold3_room12_mix007.csv,689,1,3,-8,-6,222
fold3_room12_mix007.csv,690,1,3,-8,-6,222
fold3_room12_mix007.csv,691,1,3,-8,-6,222
fold3_room12_mix007.csv,692,1,3,-8,-6,222
fold3_room12_mix007.csv,693,1,3,-8,-6,222
fold3_room12_mix007.csv,694,1,3,-8,-6,222
fold3_room12_mix007.csv,695,1,3,-8,-6,222
fold3_room12_mix007.csv,696,1,3,-8,-6,222
fold3_room12_mix007.csv,697,1,3,-8,-6,222
fold3_room12_mix007.csv,698,1,3,-8,-6,222
fold3_room12_mix007.csv,699,1,3,-8,-6,222
fold3_room12_mix007.csv,700,1,3,-8,-6,222
fold3_room12_mix007.csv,701,1,3,-8,-6,222
fold3_room12_mix007.csv,702,1,3,-8,-6,222
fold3_room12_mix007.csv,703,1,3,-8,-6,222
fold3_room12_mix007.csv,704,1,3,-8,-6,223
fold3_room12_mix007.csv,705,1,3,-8,-6,222
fold3_room12_mix007.csv,706,1,3,-8,-6,222
fold3_room12_mix007.csv,707,1,3,-8,-6,222
fold3_room12_mix007.csv,708,1,3,-8,-6,222
fold3_room12_mix007.csv,709,1,3,-8,-6,222
fold3_room12_mix007.csv,710,1,3,-8,-6,222
fold3_room12_mix007.csv,711,1,3,-8,-6,222
fold3_room12_mix007.csv,712,1,3,-8,-6,223
fold3_room12_mix007.csv,713,1,3,-8,-6,223
fold3_room12_mix007.csv,714,1,3,-8,-6,223
fold3_room12_mix007.csv,715,1,3,-8,-6,223
fold3_room12_mix007.csv,716,1,3,-8,-6,223
fold3_room12_mix007.csv,717,1,3,-8,-6,223
fold3_room12_mix007.csv,718,1,3,-8,-6,223
fold3_room12_mix007.csv,719,1,3,-8,-6,223
fold3_room12_mix007.csv,720,1,3,-8,-6,223
fold3_room12_mix007.csv,721,1,3,-8,-6,223
fold3_room12_mix007.csv,722,1,3,-8,-6,223
fold3_room12_mix007.csv,723,1,3,-8,-6,223
fold3_room12_mix007.csv,724,1,3,-8,-6,223
fold3_room12_mix007.csv,725,1,3,-8,-6,223
fold3_room12_mix007.csv,726,1,3,-8,-6,223
fold3_room12_mix007.csv,731,1,3,-8,-6,223
fold3_room12_mix007.csv,732,1,3,-8,-6,223
fold3_room12_mix007.csv,733,1,3,-8,-6,223
fold3_room12_mix007.csv,734,1,3,-8,-6,223
fold3_room12_mix007.csv,735,1,3,-8,-6,223
fold3_room12_mix007.csv,736,1,3,-8,-6,223
fold3_room12_mix007.csv,737,1,3,-8,-6,223
fold3_room12_mix007.csv,738,1,3,-8,-6,223
fold3_room12_mix007.csv,739,1,3,-8,-6,223
fold3_room12_mix007.csv,740,1,3,-8,-6,223
fold3_room12_mix007.csv,741,1,3,-8,-6,223
fold3_room12_mix007.csv,742,1,3,-8,-6,223
fold3_room12_mix007.csv,743,1,3,-8,-6,223
fold3_room12_mix007.csv,744,1,3,-8,-6,223
fold3_room12_mix007.csv,745,1,3,-8,-6,223
fold3_room12_mix007.csv,746,1,3,-8,-6,223
fold3_room12_mix007.csv,747,1,3,-8,-6,223
fold3_room12_mix007.csv,761,1,3,-8,-7,223
fold3_room12_mix007.csv,762,1,3,-8,-6,223
fold3_room12_mix007.csv,763,1,3,-8,-6,223
fold3_room12_mix007.csv,764,1,3,-8,-6,223
fold3_room12_mix007.csv,765,1,3,-8,-6,223
fold3_room12_mix007.csv,766,1,3,-8,-6,223
fold3_room12_mix007.csv,767,1,3,-8,-6,223
fold3_room12_mix007.csv,938,1,3,-8,-7,222
fold3_room12_mix007.csv,939,1,3,-8,-7,222
fold3_room12_mix007.csv,1070,1,3,-8,-7,221
fold3_room12_mix007.csv,1071,1,3,-9,-7,220
fold3_room12_mix007.csv,1072,1,3,-9,-7,220
fold3_room12_mix007.csv,1073,1,3,-8,-7,221
fold3_room12_mix007.csv,1074,1,3,-8,-7,221
fold3_room12_mix007.csv,1075,1,3,-8,-7,221
fold3_room12_mix007.csv,1076,1,3,-8,-7,221
fold3_room12_mix007.csv,1077,1,3,-8,-7,222
fold3_room12_mix007.csv,1078,1,3,-8,-7,222
fold3_room12_mix007.csv,1079,1,3,-8,-7,221
fold3_room12_mix007.csv,1080,1,3,-8,-7,221
fold3_room12_mix007.csv,1081,1,3,-8,-7,221
fold3_room12_mix007.csv,1082,1,3,-8,-7,222
fold3_room12_mix007.csv,1083,1,3,-8,-7,222
fold3_room12_mix007.csv,1126,1,3,-7,-6,222
fold3_room12_mix007.csv,1127,1,3,-7,-6,222
fold3_room12_mix007.csv,1128,1,3,-8,-6,222
fold3_room12_mix007.csv,1129,1,3,-8,-6,222
fold3_room12_mix007.csv,1130,1,3,-8,-6,222
fold3_room12_mix007.csv,1212,1,3,-8,-6,222
fold3_room12_mix007.csv,1340,1,3,-8,-7,222
fold3_room12_mix007.csv,1341,1,3,-8,-7,222
fold3_room12_mix007.csv,1342,1,3,-8,-7,222
fold3_room12_mix007.csv,1343,1,3,-8,-7,222
fold3_room12_mix007.csv,1344,1,3,-8,-7,222
fold3_room12_mix007.csv,1345,1,3,-8,-7,222
fold3_room12_mix007.csv,1346,1,3,-8,-7,222
fold3_room12_mix007.csv,1347,1,3,-8,-7,222
fold3_room12_mix007.csv,1348,1,3,-8,-7,222
fold3_room12_mix007.csv,1349,1,3,-8,-7,222
fold3_room12_mix007.csv,1350,1,3,-8,-7,222
fold3_room12_mix007.csv,1356,1,3,-8,-7,222
fold3_room12_mix007.csv,1357,1,3,-8,-7,221
fold3_room12_mix007.csv,1358,1,3,-9,-6,221
fold3_room12_mix007.csv,1359,1,3,-9,-6,221
fold3_room12_mix007.csv,1360,1,3,-9,-6,221
fold3_room12_mix007.csv,1361,1,3,-9,-6,221
fold3_room12_mix007.csv,1362,1,3,-9,-6,221
fold3_room12_mix007.csv,1363,1,3,-9,-6,221
fold3_room12_mix007.csv,1364,1,3,-9,-6,221
fold3_room12_mix007.csv,1365,1,3,-9,-6,221
fold3_room12_mix007.csv,1366,1,3,-9,-6,221
fold3_room12_mix007.csv,1367,1,3,-9,-6,221
fold3_room12_mix007.csv,1368,1,3,-9,-6,221
fold3_room12_mix007.csv,1369,1,3,-9,-6,221
fold3_room12_mix007.csv,1370,1,3,-9,-6,222
fold3_room12_mix007.csv,1427,1,3,-8,-6,223
fold3_room12_mix007.csv,1428,1,3,-8,-6,223
fold3_room12_mix007.csv,1429,1,3,-8,-6,223
fold3_room12_mix007.csv,1430,1,3,-8,-6,223
fold3_room12_mix007.csv,1431,1,3,-8,-6,223
fold3_room12_mix007.csv,1432,1,3,-8,-6,222
fold3_room12_mix007.csv,1433,1,3,-8,-6,222
fold3_room12_mix007.csv,1434,1,3,-8,-6,222
fold3_room12_mix007.csv,1435,1,3,-8,-6,222
fold3_room12_mix007.csv,1436,1,3,-8,-6,222
fold3_room12_mix007.csv,1437,1,3,-8,-6,222
fold3_room12_mix007.csv,1438,1,3,-8,-6,222
fold3_room12_mix007.csv,1439,1,3,-8,-6,222
fold3_room12_mix007.csv,1440,1,3,-8,-6,222
fold3_room12_mix007.csv,1441,1,3,-8,-6,223
fold3_room12_mix007.csv,1442,1,3,-8,-6,223
fold3_room12_mix007.csv,1443,1,3,-8,-6,223
fold3_room12_mix007.csv,1444,1,3,-8,-6,223
fold3_room12_mix007.csv,1445,1,3,-8,-6,223
fold3_room12_mix007.csv,1446,1,3,-8,-6,223
fold3_room12_mix007.csv,1447,1,3,-8,-6,223
fold3_room12_mix007.csv,1448,1,3,-8,-6,223
fold3_room12_mix007.csv,1449,1,3,-8,-6,222
fold3_room12_mix007.csv,1450,1,3,-8,-6,223
fold3_room12_mix007.csv,1451,1,3,-8,-6,223
fold3_room12_mix007.csv,1452,1,3,-8,-6,223
fold3_room12_mix007.csv,1453,1,3,-8,-6,223
fold3_room12_mix007.csv,1454,1,3,-8,-6,223
fold3_room12_mix007.csv,1455,1,3,-8,-6,223
fold3_room12_mix007.csv,1456,1,3,-8,-6,223
fold3_room12_mix007.csv,1457,1,3,-7,-6,223
fold3_room12_mix007.csv,1458,1,3,-7,-6,223
fold3_room12_mix007.csv,1653,1,3,-8,-7,223
fold3_room12_mix007.csv,1654,1,3,-8,-7,223
fold3_room12_mix007.csv,1655,1,3,-8,-7,223
fold3_room12_mix007.csv,1656,1,3,-8,-7,223
fold3_room12_mix007.csv,1657,1,3,-8,-7,223
fold3_room12_mix007.csv,1658,1,3,-8,-7,223
fold3_room12_mix007.csv,1659,1,3,-8,-7,223
fold3_room12_mix007.csv,1660,1,3,-8,-7,223
fold3_room12_mix007.csv,1661,1,3,-8,-7,223
fold3_room12_mix007.csv,1662,1,3,-8,-7,223
fold3_room12_mix007.csv,1663,1,3,-8,-6,223
fold3_room12_mix007.csv,1664,1,3,-8,-6,223
fold3_room12_mix007.csv,1665,1,3,-8,-6,223
fold3_room12_mix007.csv,1666,1,3,-7,-6,223
fold3_room12_mix007.csv,1667,1,3,-7,-6,223
fold3_room12_mix007.csv,1668,1,3,-7,-6,223
fold3_room12_mix007.csv,1669,1,3,-7,-6,223
fold3_room12_mix007.csv,1670,1,3,-7,-6,223
fold3_room12_mix007.csv,1671,1,3,-7,-6,223
fold3_room12_mix007.csv,1672,1,3,-7,-6,223
fold3_room12_mix007.csv,1673,1,3,-7,-6,223
fold3_room12_mix007.csv,1674,1,3,-8,-6,223
fold3_room12_mix007.csv,1675,1,3,-8,-6,223
fold3_room12_mix007.csv,1676,1,3,-8,-6,223
fold3_room12_mix007.csv,1677,1,3,-8,-6,223
fold3_room12_mix007.csv,1678,1,3,-9,-6,223
fold3_room12_mix007.csv,1679,1,3,-9,-6,223
fold3_room12_mix007.csv,1680,1,3,-10,-6,223
fold3_room12_mix007.csv,1681,1,3,-9,-6,223
fold3_room12_mix007.csv,1682,1,3,-9,-6,223
fold3_room12_mix007.csv,1683,1,3,-9,-6,222
fold3_room12_mix007.csv,1684,1,3,-8,-7,222
fold3_room12_mix007.csv,1685,1,3,-8,-7,223
fold3_room12_mix007.csv,1686,1,3,-8,-7,224
fold3_room12_mix007.csv,1687,1,3,-9,-6,223
fold3_room12_mix007.csv,1688,1,3,-9,-6,222
fold3_room12_mix007.csv,1689,1,3,-9,-6,222
fold3_room12_mix007.csv,1690,1,3,-9,-7,221
fold3_room12_mix007.csv,1691,1,3,-9,-7,221
fold3_room12_mix007.csv,1692,1,3,-9,-7,221
fold3_room12_mix007.csv,1693,1,3,-9,-7,221
fold3_room12_mix007.csv,1694,1,3,-8,-7,221
fold3_room12_mix007.csv,1695,1,3,-8,-7,221
fold3_room12_mix007.csv,1696,1,3,-8,-7,221
fold3_room12_mix007.csv,1697,1,3,-9,-6,221
fold3_room12_mix007.csv,1698,1,3,-8,-6,222
fold3_room12_mix007.csv,1699,1,3,-8,-6,222
fold3_room12_mix007.csv,1700,1,3,-8,-6,222
fold3_room12_mix007.csv,1701,1,3,-8,-6,222
fold3_room12_mix007.csv,1702,1,3,-8,-6,222
fold3_room12_mix007.csv,1703,1,3,-8,-6,222
fold3_room12_mix007.csv,1704,1,3,-9,-6,222
fold3_room12_mix007.csv,1705,1,3,-9,-6,222
fold3_room12_mix007.csv,1706,1,3,-9,-6,222
fold3_room12_mix007.csv,1707,1,3,-9,-6,223
fold3_room12_mix007.csv,1708,1,3,-9,-6,223
fold3_room12_mix007.csv,1709,1,3,-9,-6,222
fold3_room12_mix007.csv,1710,1,3,-9,-6,222
fold3_room12_mix007.csv,1711,1,3,-9,-6,222
fold3_room12_mix007.csv,1712,1,3,-9,-6,222
fold3_room12_mix007.csv,1713,1,3,-9,-6,222
fold3_room12_mix007.csv,1714,1,3,-9,-6,222
fold3_room12_mix007.csv,1715,1,3,-8,-6,222
fold3_room12_mix007.csv,1716,1,3,-8,-6,222
fold3_room12_mix007.csv,1717,1,3,-8,-6,223
fold3_room12_mix007.csv,1718,1,3,-8,-6,223
fold3_room12_mix007.csv,1719,1,3,-8,-6,223
fold3_room12_mix007.csv,1720,1,3,-8,-6,223
fold3_room12_mix007.csv,1721,1,3,-8,-6,223
fold3_room12_mix007.csv,1722,1,3,-8,-6,223
fold3_room12_mix007.csv,1723,1,3,-8,-6,223
fold3_room12_mix007.csv,1724,1,3,-8,-6,223
fold3_room12_mix007.csv,1725,1,3,-8,-6,223
fold3_room12_mix007.csv,1726,1,3,-8,-6,224
fold3_room12_mix007.csv,1727,1,3,-8,-6,224
fold3_room12_mix007.csv,1728,1,3,-8,-6,224
fold3_room12_mix007.csv,1729,1,3,-8,-6,224
fold3_room12_mix007.csv,1730,1,3,-8,-6,223
fold3_room12_mix007.csv,1731,1,3,-8,-6,223
fold3_room12_mix007.csv,1732,1,3,-8,-6,223
fold3_room12_mix007.csv,1733,1,3,-8,-6,223
fold3_room12_mix007.csv,1734,1,3,-8,-6,223
fold3_room12_mix007.csv,1735,1,3,-8,-6,223
fold3_room12_mix007.csv,1736,1,3,-8,-6,223
fold3_room12_mix007.csv,1737,1,3,-8,-6,223
fold3_room12_mix007.csv,1738,1,3,-8,-6,223
fold3_room12_mix007.csv,1739,1,3,-8,-6,223
fold3_room12_mix007.csv,1740,1,3,-8,-6,223
fold3_room12_mix007.csv,1741,1,3,-8,-6,223
fold3_room12_mix007.csv,1742,1,3,-8,-6,223
fold3_room12_mix007.csv,1743,1,3,-8,-6,223
fold3_room12_mix007.csv,1744,1,3,-8,-6,223
fold3_room12_mix007.csv,1745,1,3,-8,-6,223
fold3_room12_mix007.csv,1746,1,3,-8,-6,223
fold3_room12_mix007.csv,1747,1,3,-8,-6,223
fold3_room12_mix007.csv,1748,1,3,-8,-6,223
fold3_room12_mix007.csv,1749,1,3,-8,-6,223
fold3_room12_mix007.csv,1750,1,3,-8,-6,223
fold3_room12_mix007.csv,1751,1,3,-8,-6,223
fold3_room12_mix007.csv,1752,1,3,-8,-6,223
fold3_room12_mix007.csv,1753,1,3,-8,-6,223
fold3_room12_mix007.csv,1754,1,3,-7,-6,223
fold3_room12_mix007.csv,1755,1,3,-7,-6,223
fold3_room12_mix007.csv,1764,1,3,-7,-6,223
fold3_room12_mix007.csv,1765,1,3,-7,-6,223
fold3_room12_mix007.csv,1766,1,3,-7,-6,223
fold3_room12_mix007.csv,1767,1,3,-7,-6,223
fold3_room12_mix007.csv,1768,1,3,-7,-6,223
fold3_room12_mix007.csv,1769,1,3,-7,-6,223
fold3_room12_mix007.csv,1770,1,3,-7,-6,223
fold3_room12_mix007.csv,1771,1,3,-7,-6,223
fold3_room12_mix007.csv,1772,1,3,-7,-6,223
fold3_room12_mix007.csv,1773,1,3,-7,-6,223
fold3_room12_mix007.csv,1774,1,3,-7,-6,223
fold3_room12_mix007.csv,1775,1,3,-7,-6,223
fold3_room12_mix007.csv,1776,1,3,-7,-6,223
fold3_room12_mix007.csv,1777,1,3,-7,-6,223
fold3_room12_mix007.csv,1778,1,3,-7,-6,222
fold3_room12_mix007.csv,1779,1,3,-7,-6,223
fold3_room12_mix007.csv,1780,1,3,-7,-6,223
fold3_room12_mix007.csv,1781,1,3,-7,-6,223
fold3_room12_mix007.csv,1782,1,3,-7,-6,223
fold3_room12_mix007.csv,1783,1,3,-7,-6,223
fold3_room12_mix007.csv,1784,1,3,-7,-6,223
fold3_room12_mix007.csv,1785,1,3,-7,-6,223
fold3_room12_mix007.csv,1786,1,3,-7,-6,223
fold3_room12_mix007.csv,1787,1,3,-7,-6,223
fold3_room12_mix007.csv,1788,1,3,-7,-6,223
fold3_room12_mix007.csv,1789,1,3,-7,-6,223
fold3_room12_mix007.csv,1790,1,3,-7,-6,223
fold3_room12_mix007.csv,1791,1,3,-7,-6,223
fold3_room12_mix007.csv,1792,1,3,-7,-6,223
fold3_room12_mix007.csv,1793,1,3,-7,-6,223
fold3_room12_mix007.csv,1794,1,3,-7,-6,223
fold3_room12_mix007.csv,1795,1,3,-7,-6,223
fold3_room12_mix007.csv,1796,1,3,-7,-6,223
fold3_room12_mix007.csv,1797,1,3,-7,-6,223
fold3_room12_mix007.csv,1798,1,3,-7,-6,223
fold3_room12_mix007.csv,1799,1,3,-7,-7,224
fold3_room12_mix007.csv,1800,1,3,-7,-7,223
fold3_room12_mix007.csv,1801,1,3,-7,-6,223
fold3_room12_mix007.csv,1802,1,3,-7,-6,223
fold3_room12_mix007.csv,1803,1,3,-7,-6,223
fold3_room12_mix007.csv,1804,1,3,-7,-7,223
fold3_room12_mix007.csv,1817,1,3,-7,-7,224
fold3_room12_mix007.csv,1818,1,3,-7,-7,223
fold3_room12_mix007.csv,1819,1,3,-7,-6,223
fold3_room12_mix007.csv,1820,1,3,-7,-6,223
fold3_room12_mix007.csv,1821,1,3,-7,-6,224
fold3_room12_mix007.csv,1822,1,3,-7,-7,224
fold3_room12_mix007.csv,1823,1,3,-7,-6,224
fold3_room12_mix007.csv,1824,1,3,-7,-6,223
fold3_room12_mix007.csv,1825,1,3,-7,-6,224
fold3_room12_mix007.csv,1826,1,3,-7,-6,224
fold3_room12_mix007.csv,1827,1,3,-7,-6,224
fold3_room12_mix007.csv,1828,1,3,-7,-6,224
fold3_room12_mix007.csv,1829,1,3,-7,-6,223
fold3_room12_mix007.csv,1830,1,3,-7,-6,223
fold3_room12_mix007.csv,1831,1,3,-7,-6,223
fold3_room12_mix007.csv,1832,1,3,-7,-7,223
fold3_room12_mix007.csv,1833,1,3,-7,-7,223
fold3_room12_mix007.csv,1834,1,3,-7,-6,223
fold3_room12_mix007.csv,1835,1,3,-7,-6,223
fold3_room12_mix007.csv,1836,1,3,-7,-6,223
fold3_room12_mix007.csv,1837,1,3,-7,-6,223
fold3_room12_mix007.csv,1838,1,3,-8,-6,223
fold3_room12_mix007.csv,1839,1,3,-8,-6,222
fold3_room12_mix007.csv,1840,1,3,-8,-6,222
fold3_room12_mix007.csv,1841,1,3,-8,-6,222
fold3_room12_mix007.csv,1842,1,3,-8,-6,222
fold3_room12_mix007.csv,1843,1,3,-8,-6,222
fold3_room12_mix007.csv,1844,1,3,-8,-6,223
fold3_room12_mix007.csv,1845,1,3,-8,-6,223
fold3_room12_mix007.csv,1846,1,3,-8,-6,223
fold3_room12_mix007.csv,1847,1,3,-8,-6,223
fold3_room12_mix007.csv,1870,1,3,-7,-7,223
fold3_room12_mix007.csv,1871,1,3,-7,-7,223
fold3_room12_mix007.csv,1872,1,3,-7,-7,222
fold3_room12_mix007.csv,1899,1,3,-7,-6,222
fold3_room12_mix007.csv,1900,1,3,-7,-6,223
fold3_room12_mix007.csv,1901,1,3,-8,-6,223
fold3_room12_mix007.csv,1902,1,3,-8,-7,223
fold3_room12_mix007.csv,1903,1,3,-8,-6,223
fold3_room12_mix007.csv,1904,1,3,-8,-6,223
fold3_room12_mix007.csv,1905,1,3,-8,-6,223
fold3_room12_mix007.csv,1906,1,3,-8,-6,223
fold3_room12_mix007.csv,1907,1,3,-8,-6,224
fold3_room12_mix007.csv,1908,1,3,-8,-6,224
fold3_room12_mix007.csv,1909,1,3,-8,-6,224
fold3_room12_mix007.csv,1910,1,3,-8,-6,224
fold3_room12_mix007.csv,1911,1,3,-8,-6,224
fold3_room12_mix007.csv,1912,1,3,-8,-6,224
fold3_room12_mix007.csv,1913,1,3,-8,-6,224
fold3_room12_mix007.csv,1914,1,3,-8,-6,224
fold3_room12_mix007.csv,1915,1,3,-8,-6,224
fold3_room12_mix007.csv,1916,1,3,-8,-6,224
fold3_room12_mix007.csv,1917,1,3,-8,-6,224
fold3_room12_mix007.csv,1918,1,3,-8,-6,224
fold3_room12_mix007.csv,1919,1,3,-8,-6,224
fold3_room12_mix007.csv,1920,1,3,-7,-6,224
fold3_room12_mix007.csv,1921,1,3,-7,-6,224
fold3_room12_mix007.csv,1922,1,3,-7,-6,224
fold3_room12_mix007.csv,1923,1,3,-7,-6,224
fold3_room12_mix007.csv,1924,1,3,-7,-6,224
fold3_room12_mix007.csv,1925,1,3,-7,-6,224
fold3_room12_mix007.csv,1926,1,3,-7,-6,224
fold3_room12_mix007.csv,1927,1,3,-7,-6,224
fold3_room12_mix007.csv,1928,1,3,-7,-6,224
fold3_room12_mix007.csv,1929,1,3,-7,-6,224
fold3_room12_mix007.csv,1930,1,3,-7,-6,224
fold3_room12_mix007.csv,1931,1,3,-7,-6,223
fold3_room12_mix007.csv,1932,1,3,-7,-6,223
fold3_room12_mix007.csv,1933,1,3,-7,-6,223
fold3_room12_mix007.csv,1934,1,3,-7,-6,222
fold3_room12_mix007.csv,1935,1,3,-8,-6,222
fold3_room12_mix007.csv,1936,1,3,-8,-7,222
fold3_room12_mix007.csv,1937,1,3,-8,-7,222
fold3_room12_mix007.csv,1938,1,3,-8,-7,222
fold3_room12_mix007.csv,1939,1,3,-8,-7,221
fold3_room12_mix007.csv,1940,1,3,-8,-7,222
fold3_room12_mix007.csv,1941,1,3,-8,-7,222
fold3_room12_mix007.csv,1942,1,3,-7,-7,222
fold3_room12_mix007.csv,1943,1,3,-7,-7,222
fold3_room12_mix007.csv,1944,1,3,-7,-7,222
fold3_room12_mix007.csv,1945,1,3,-7,-7,222
fold3_room12_mix007.csv,1946,1,3,-7,-7,222
fold3_room12_mix007.csv,1947,1,3,-7,-7,222
fold3_room12_mix007.csv,1948,1,3,-7,-7,222
fold3_room12_mix007.csv,1949,1,3,-6,-7,223
fold3_room12_mix007.csv,1950,1,3,-5,-7,228
fold3_room12_mix007.csv,1951,1,3,-4,-7,232
fold3_room12_mix007.csv,1952,1,3,-4,-7,233
fold3_room12_mix007.csv,1953,1,3,-4,-7,233
fold3_room12_mix007.csv,1954,1,3,-5,-7,231
fold3_room12_mix007.csv,1955,1,3,-5,-7,226
fold3_room12_mix007.csv,1956,1,3,-7,-7,222
fold3_room12_mix007.csv,1957,1,3,-8,-7,220
fold3_room12_mix007.csv,1958,1,3,-8,-7,220
fold3_room12_mix007.csv,1959,1,3,-8,-7,221
fold3_room12_mix007.csv,1960,1,3,-7,-6,222
fold3_room12_mix007.csv,1961,1,3,-7,-6,222
fold3_room12_mix007.csv,1962,1,3,-7,-6,222
fold3_room12_mix007.csv,1963,1,3,-7,-6,223
fold3_room12_mix007.csv,1964,1,3,-7,-6,223
fold3_room12_mix007.csv,1965,1,3,-7,-6,223
fold3_room12_mix007.csv,1966,1,3,-7,-6,223
fold3_room12_mix007.csv,1967,1,3,-7,-6,223
fold3_room12_mix007.csv,1968,1,3,-7,-6,223
fold3_room12_mix007.csv,1969,1,3,-7,-6,223
fold3_room12_mix007.csv,1970,1,3,-7,-6,223
fold3_room12_mix007.csv,1971,1,3,-7,-6,223
fold3_room12_mix007.csv,1972,1,3,-7,-6,223
fold3_room12_mix007.csv,1973,1,3,-7,-6,223
fold3_room12_mix007.csv,1974,1,3,-7,-6,223
fold3_room12_mix007.csv,1975,1,3,-7,-6,223
fold3_room12_mix007.csv,1976,1,3,-7,-6,223
fold3_room12_mix007.csv,1977,1,3,-7,-6,223
fold3_room12_mix007.csv,1978,1,3,-7,-6,223
fold3_room12_mix007.csv,1979,1,3,-7,-6,223
fold3_room12_mix007.csv,1980,1,3,-7,-6,223
fold3_room12_mix007.csv,1981,1,3,-7,-6,223
fold3_room12_mix007.csv,1982,1,3,-7,-6,222
fold3_room12_mix007.csv,1983,1,3,-7,-6,223
fold3_room12_mix007.csv,1984,1,3,-7,-6,223
fold3_room12_mix007.csv,1985,1,3,-7,-6,224
fold3_room12_mix007.csv,1986,1,3,-7,-6,224
fold3_room12_mix007.csv,1987,1,3,-7,-6,223
fold3_room12_mix007.csv,1988,1,3,-7,-6,224
fold3_room12_mix007.csv,1989,1,3,-7,-6,224
fold3_room12_mix007.csv,1990,1,3,-7,-6,224
fold3_room12_mix007.csv,1991,1,3,-7,-6,224
fold3_room12_mix007.csv,1992,1,3,-7,-6,224
fold3_room12_mix007.csv,1993,1,3,-7,-6,224
fold3_room12_mix007.csv,1994,1,3,-7,-6,224
fold3_room12_mix007.csv,1995,1,3,-7,-6,224
fold3_room12_mix007.csv,1996,1,3,-7,-6,224
fold3_room12_mix007.csv,1997,1,3,-7,-6,224
fold3_room12_mix007.csv,1998,1,3,-7,-6,223
fold3_room12_mix007.csv,1999,1,3,-7,-6,223
fold3_room12_mix007.csv,2000,1,3,-7,-6,224
fold3_room12_mix007.csv,2001,1,3,-7,-6,224
fold3_room12_mix007.csv,2002,1,3,-7,-6,224
fold3_room12_mix007.csv,2003,1,3,-7,-6,223
fold3_room12_mix007.csv,2004,1,3,-7,-6,223
fold3_room12_mix007.csv,2005,1,3,-7,-6,223
fold3_room12_mix007.csv,2006,1,3,-7,-6,224
fold3_room12_mix007.csv,2007,1,3,-7,-6,224
fold3_room12_mix007.csv,2008,1,3,-7,-6,223
fold3_room12_mix007.csv,2009,1,3,-7,-6,223
fold3_room12_mix007.csv,2010,1,3,-7,-6,223
fold3_room12_mix007.csv,2011,1,3,-7,-6,223
fold3_room12_mix007.csv,2012,1,3,-7,-6,223
fold3_room12_mix007.csv,2013,1,3,-7,-6,223
fold3_room12_mix007.csv,2014,1,3,-7,-6,223
fold3_room12_mix007.csv,2015,1,3,-7,-6,223
fold3_room12_mix007.csv,2016,1,3,-7,-6,223
fold3_room12_mix007.csv,2017,1,3,-7,-6,223
fold3_room12_mix007.csv,2018,1,3,-7,-6,223
fold3_room12_mix007.csv,2019,1,3,-7,-6,223
fold3_room12_mix007.csv,2020,1,3,-7,-6,223
fold3_room12_mix007.csv,2021,1,3,-7,-6,223
fold3_room12_mix007.csv,2022,1,3,-7,-6,223
fold3_room12_mix007.csv,2023,1,3,-7,-6,223
fold3_room12_mix007.csv,2024,1,3,-7,-6,223
fold3_room12_mix007.csv,2025,1,3,-7,-6,223
fold3_room12_mix007.csv,2026,1,3,-7,-6,223
fold3_room12_mix007.csv,2027,1,3,-7,-6,222
fold3_room12_mix007.csv,2028,1,3,-7,-6,222
fold3_room12_mix007.csv,2029,1,3,-7,-6,223
fold3_room12_mix007.csv,2030,1,3,-7,-6,223
fold3_room12_mix007.csv,2031,1,3,-7,-6,223
fold3_room12_mix007.csv,2032,1,3,-7,-6,223
fold3_room12_mix007.csv,2033,1,3,-7,-6,223
fold3_room12_mix007.csv,2034,1,3,-7,-6,223
fold3_room12_mix007.csv,2035,1,3,-7,-6,223
fold3_room12_mix007.csv,2045,1,3,-7,-6,223
fold3_room12_mix007.csv,2046,1,3,-7,-6,223
fold3_room12_mix007.csv,2047,1,3,-7,-6,223
fold3_room12_mix007.csv,2048,1,3,-7,-6,224
fold3_room12_mix007.csv,2049,1,3,-7,-6,224
fold3_room12_mix007.csv,2050,1,3,-7,-6,223
fold3_room12_mix007.csv,2051,1,3,-7,-6,223
fold3_room12_mix007.csv,2052,1,3,-7,-6,223
fold3_room12_mix007.csv,2053,1,3,-7,-7,223
fold3_room12_mix007.csv,2093,1,3,-7,-6,223
fold3_room12_mix007.csv,2094,1,3,-7,-6,223
fold3_room12_mix007.csv,2095,1,3,-7,-6,223
fold3_room12_mix007.csv,2175,1,3,-6,-7,223
fold3_room12_mix007.csv,2176,1,3,-7,-7,223
fold3_room12_mix007.csv,2177,1,3,-6,-7,225
fold3_room12_mix007.csv,2178,1,3,-5,-7,228
fold3_room12_mix007.csv,2179,1,3,-5,-7,228
fold3_room12_mix007.csv,2180,1,3,-5,-7,228
fold3_room12_mix007.csv,2181,1,3,-5,-7,227
fold3_room12_mix007.csv,2182,1,3,-6,-7,225
fold3_room12_mix007.csv,2183,1,3,-6,-7,223
fold3_room12_mix007.csv,2184,1,3,-6,-7,223
fold3_room12_mix007.csv,2185,1,3,-7,-7,223
fold3_room12_mix007.csv,2186,1,3,-7,-7,223
fold3_room12_mix007.csv,2187,1,3,-6,-7,224
fold3_room12_mix007.csv,2188,1,3,-6,-7,225
fold3_room12_mix007.csv,2189,1,3,-6,-7,224
fold3_room12_mix007.csv,2190,1,3,-6,-7,223
fold3_room12_mix007.csv,2191,1,3,-6,-7,222
fold3_room12_mix007.csv,2192,1,3,-7,-7,222
fold3_room12_mix007.csv,2193,1,3,-7,-7,223
fold3_room12_mix007.csv,2194,1,3,-7,-7,223
fold3_room12_mix007.csv,2195,1,3,-6,-7,223
fold3_room12_mix007.csv,2196,1,3,-6,-6,222
fold3_room12_mix007.csv,2197,1,3,-6,-7,223
fold3_room12_mix007.csv,2198,1,3,-6,-7,223
fold3_room12_mix007.csv,2199,1,3,-6,-7,223
fold3_room12_mix007.csv,2200,1,3,-6,-7,223
fold3_room12_mix007.csv,2201,1,3,-6,-6,223
fold3_room12_mix007.csv,2202,1,3,-6,-6,223
fold3_room12_mix007.csv,2203,1,3,-7,-6,222
fold3_room12_mix007.csv,2204,1,3,-6,-7,222
fold3_room12_mix007.csv,2205,1,3,-6,-6,223
fold3_room12_mix007.csv,2206,1,3,-6,-6,223
fold3_room12_mix007.csv,2207,1,3,-6,-7,224
fold3_room12_mix007.csv,2208,1,3,-6,-6,224
fold3_room12_mix007.csv,2209,1,3,-6,-6,224
fold3_room12_mix007.csv,2210,1,3,-6,-6,224
fold3_room12_mix007.csv,2211,1,3,-6,-7,224
fold3_room12_mix007.csv,2212,1,3,-6,-6,223
fold3_room12_mix007.csv,2213,1,3,-7,-6,223
fold3_room12_mix007.csv,2214,1,3,-7,-6,223
fold3_room12_mix007.csv,2215,1,3,-7,-6,223
fold3_room12_mix007.csv,2216,1,3,-7,-6,223
fold3_room12_mix007.csv,2217,1,3,-7,-6,223
fold3_room12_mix007.csv,2218,1,3,-7,-6,223
fold3_room12_mix007.csv,2219,1,3,-7,-7,222
fold3_room12_mix007.csv,2220,1,3,-6,-7,222
fold3_room12_mix007.csv,2221,1,3,-6,-6,222
fold3_room12_mix007.csv,2222,1,3,-6,-6,222
fold3_room12_mix007.csv,2223,1,3,-7,-6,222
fold3_room12_mix007.csv,2224,1,3,-7,-6,222
fold3_room12_mix007.csv,2225,1,3,-7,-6,222
fold3_room12_mix007.csv,2226,1,3,-7,-6,222
fold3_room12_mix007.csv,2227,1,3,-7,-6,222
fold3_room12_mix007.csv,2228,1,3,-7,-6,222
fold3_room12_mix007.csv,2229,1,3,-7,-6,222
fold3_room12_mix007.csv,2230,1,3,-7,-6,222
fold3_room12_mix007.csv,2231,1,3,-7,-6,222
fold3_room12_mix007.csv,2232,1,3,-7,-6,222
fold3_room12_mix007.csv,2241,1,3,-7,-6,222
fold3_room12_mix007.csv,2242,1,3,-7,-6,222
fold3_room12_mix007.csv,2243,1,3,-7,-6,222
fold3_room12_mix007.csv,2244,1,3,-7,-6,222
fold3_room12_mix007.csv,2245,1,3,-7,-6,222
fold3_room12_mix007.csv,2246,1,3,-7,-6,223
fold3_room12_mix007.csv,2247,1,3,-7,-7,223
fold3_room12_mix007.csv,2248,1,3,-7,-7,223
fold3_room12_mix007.csv,2249,1,3,-7,-7,223
fold3_room12_mix007.csv,2250,1,3,-6,-7,223
fold3_room12_mix007.csv,2251,1,3,-6,-7,223
fold3_room12_mix007.csv,2252,1,3,-6,-7,223
fold3_room12_mix007.csv,2253,1,3,-6,-6,223
fold3_room12_mix007.csv,2254,1,3,-6,-6,223
fold3_room12_mix007.csv,2255,1,3,-6,-6,223
fold3_room12_mix007.csv,2256,1,3,-7,-6,223
fold3_room12_mix007.csv,2257,1,3,-7,-6,223
fold3_room12_mix007.csv,2258,1,3,-7,-6,223
fold3_room12_mix007.csv,2259,1,3,-7,-7,223
fold3_room12_mix007.csv,2260,1,3,-7,-6,222
fold3_room12_mix007.csv,2261,1,3,-7,-6,222
fold3_room12_mix007.csv,2262,1,3,-7,-6,222
fold3_room12_mix007.csv,2263,1,3,-7,-7,222
fold3_room12_mix007.csv,2264,1,3,-7,-6,222
fold3_room12_mix007.csv,2265,1,3,-7,-6,222
fold3_room12_mix007.csv,2266,1,3,-7,-6,222
fold3_room12_mix007.csv,2267,1,3,-7,-6,222
fold3_room12_mix007.csv,2268,1,3,-7,-6,222
fold3_room12_mix007.csv,2269,1,3,-7,-6,222
fold3_room12_mix007.csv,2270,1,3,-7,-6,222
fold3_room12_mix007.csv,2271,1,3,-7,-6,222
fold3_room12_mix007.csv,2272,1,3,-7,-6,222
fold3_room12_mix007.csv,2273,1,3,-7,-6,222
fold3_room12_mix007.csv,2274,1,3,-7,-7,222
fold3_room12_mix007.csv,2433,1,3,-9,-7,222
fold3_room12_mix007.csv,2434,1,3,-9,-7,223
fold3_room12_mix007.csv,2435,1,3,-9,-6,223
fold3_room13_mix001.csv,55,1,3,-32,-5,199
fold3_room13_mix001.csv,56,1,3,-32,-5,199
fold3_room13_mix001.csv,57,1,3,-32,-5,199
fold3_room13_mix001.csv,58,1,3,-32,-6,199
fold3_room13_mix001.csv,59,1,3,-32,-6,199
fold3_room13_mix001.csv,60,1,3,-32,-6,198
fold3_room13_mix001.csv,61,1,3,-32,-5,197
fold3_room13_mix001.csv,62,1,3,-33,-6,198
fold3_room13_mix001.csv,71,1,3,-35,-6,193
fold3_room13_mix001.csv,72,1,3,-36,-6,193
fold3_room13_mix001.csv,73,1,3,-35,-6,193
fold3_room13_mix001.csv,74,1,3,-32,-6,197
fold3_room13_mix001.csv,75,1,3,-32,-6,201
fold3_room13_mix001.csv,76,1,3,-32,-6,201
fold3_room13_mix001.csv,77,1,3,-32,-6,200
fold3_room13_mix001.csv,78,1,3,-32,-6,199
fold3_room13_mix001.csv,79,1,3,-32,-6,199
fold3_room13_mix001.csv,80,1,3,-33,-6,196
fold3_room13_mix001.csv,81,1,3,-34,-6,195
fold3_room13_mix001.csv,82,1,3,-34,-6,194
fold3_room13_mix001.csv,83,1,3,-34,-6,193
fold3_room13_mix001.csv,84,1,3,-34,-6,193
fold3_room13_mix001.csv,85,1,3,-34,-6,193
fold3_room13_mix001.csv,86,1,3,-34,-6,193
fold3_room13_mix001.csv,87,1,3,-34,-6,193
fold3_room13_mix001.csv,88,1,3,-34,-6,193
fold3_room13_mix001.csv,89,1,3,-34,-6,194
fold3_room13_mix001.csv,90,1,3,-34,-6,194
fold3_room13_mix001.csv,91,1,3,-34,-6,194
fold3_room13_mix001.csv,92,1,3,-34,-6,194
fold3_room13_mix001.csv,93,1,3,-34,-6,194
fold3_room13_mix001.csv,94,1,3,-34,-6,194
fold3_room13_mix001.csv,95,1,3,-34,-6,194
fold3_room13_mix001.csv,96,1,3,-34,-6,194
fold3_room13_mix001.csv,97,1,3,-34,-6,195
fold3_room13_mix001.csv,98,1,3,-33,-6,196
fold3_room13_mix001.csv,99,1,3,-33,-6,196
fold3_room13_mix001.csv,100,1,3,-33,-6,197
fold3_room13_mix001.csv,101,1,3,-33,-6,197
fold3_room13_mix001.csv,102,1,3,-33,-6,197
fold3_room13_mix001.csv,103,1,3,-33,-6,197
fold3_room13_mix001.csv,104,1,3,-33,-6,197
fold3_room13_mix001.csv,105,1,3,-33,-6,197
fold3_room13_mix001.csv,106,1,3,-32,-5,200
fold3_room13_mix001.csv,107,1,3,-31,-6,203
fold3_room13_mix001.csv,108,1,3,-31,-6,204
fold3_room13_mix001.csv,109,1,3,-31,-6,204
fold3_room13_mix001.csv,110,1,3,-31,-6,204
fold3_room13_mix001.csv,111,1,3,-31,-6,204
fold3_room13_mix001.csv,112,1,3,-31,-6,203
fold3_room13_mix001.csv,113,1,3,-31,-6,203
fold3_room13_mix001.csv,114,1,3,-31,-6,203
fold3_room13_mix001.csv,115,1,3,-31,-6,203
fold3_room13_mix001.csv,116,1,3,-31,-6,203
fold3_room13_mix001.csv,117,1,3,-31,-6,203
fold3_room13_mix001.csv,118,1,3,-31,-6,203
fold3_room13_mix001.csv,119,1,3,-31,-6,203
fold3_room13_mix001.csv,120,1,3,-31,-6,203
fold3_room13_mix001.csv,121,1,3,-31,-6,203
fold3_room13_mix001.csv,122,1,3,-31,-6,203
fold3_room13_mix001.csv,162,1,3,-34,-6,193
fold3_room13_mix001.csv,163,1,3,-34,-6,193
fold3_room13_mix001.csv,164,1,3,-34,-6,193
fold3_room13_mix001.csv,165,1,3,-34,-6,193
fold3_room13_mix001.csv,166,1,3,-34,-6,193
fold3_room13_mix001.csv,167,1,3,-34,-6,193
fold3_room13_mix001.csv,168,1,3,-34,-6,194
fold3_room13_mix001.csv,169,1,3,-34,-6,194
fold3_room13_mix001.csv,170,1,3,-34,-6,194
fold3_room13_mix001.csv,171,1,3,-34,-6,194
fold3_room13_mix001.csv,172,1,3,-33,-6,194
fold3_room13_mix001.csv,173,1,3,-33,-6,194
fold3_room13_mix001.csv,174,1,3,-33,-6,194
fold3_room13_mix001.csv,175,1,3,-33,-6,194
fold3_room13_mix001.csv,176,1,3,-33,-6,194
fold3_room13_mix001.csv,177,1,3,-33,-6,194
fold3_room13_mix001.csv,178,1,3,-33,-6,194
fold3_room13_mix001.csv,179,1,3,-33,-6,194
fold3_room13_mix001.csv,180,1,3,-33,-6,194
fold3_room13_mix001.csv,181,1,3,-33,-6,194
fold3_room13_mix001.csv,182,1,3,-33,-6,194
fold3_room13_mix001.csv,183,1,3,-33,-6,194
fold3_room13_mix001.csv,184,1,3,-33,-6,194
fold3_room13_mix001.csv,185,1,3,-33,-6,194
fold3_room13_mix001.csv,186,1,3,-33,-6,194
fold3_room13_mix001.csv,187,1,3,-33,-6,194
fold3_room13_mix001.csv,188,1,3,-33,-6,194
fold3_room13_mix001.csv,189,1,3,-33,-6,194
fold3_room13_mix001.csv,190,1,3,-33,-6,194
fold3_room13_mix001.csv,191,1,3,-33,-6,194
fold3_room13_mix001.csv,192,1,3,-33,-6,194
fold3_room13_mix001.csv,193,1,3,-33,-6,195
fold3_room13_mix001.csv,194,1,3,-33,-6,195
fold3_room13_mix001.csv,195,1,3,-33,-6,195
fold3_room13_mix001.csv,196,1,3,-33,-6,195
fold3_room13_mix001.csv,197,1,3,-33,-6,194
fold3_room13_mix001.csv,198,1,3,-33,-6,194
fold3_room13_mix001.csv,213,1,3,-33,-6,194
fold3_room13_mix001.csv,214,1,3,-33,-6,195
fold3_room13_mix001.csv,215,1,3,-33,-6,195
fold3_room13_mix001.csv,216,1,3,-33,-6,195
fold3_room13_mix001.csv,217,1,3,-33,-6,196
fold3_room13_mix001.csv,218,1,3,-32,-6,198
fold3_room13_mix001.csv,219,1,3,-32,-6,198
fold3_room13_mix001.csv,220,1,3,-32,-6,197
fold3_room13_mix001.csv,221,1,3,-33,-6,196
fold3_room13_mix001.csv,222,1,3,-33,-6,196
fold3_room13_mix001.csv,223,1,3,-33,-6,195
fold3_room13_mix001.csv,224,1,3,-33,-6,195
fold3_room13_mix001.csv,225,1,3,-33,-6,194
fold3_room13_mix001.csv,226,1,3,-33,-6,194
fold3_room13_mix001.csv,227,1,3,-33,-6,194
fold3_room13_mix001.csv,228,1,3,-33,-6,195
fold3_room13_mix001.csv,229,1,3,-33,-6,195
fold3_room13_mix001.csv,230,1,3,-33,-6,195
fold3_room13_mix001.csv,231,1,3,-33,-6,195
fold3_room13_mix001.csv,232,1,3,-33,-6,195
fold3_room13_mix001.csv,233,1,3,-33,-6,195
fold3_room13_mix001.csv,234,1,3,-33,-6,195
fold3_room13_mix001.csv,235,1,3,-33,-6,195
fold3_room13_mix001.csv,236,1,3,-33,-6,195
fold3_room13_mix001.csv,237,1,3,-33,-6,195
fold3_room13_mix001.csv,238,1,3,-33,-6,194
fold3_room13_mix001.csv,239,1,3,-33,-6,194
fold3_room13_mix001.csv,250,1,3,-32,-6,197
fold3_room13_mix001.csv,251,1,3,-32,-6,198
fold3_room13_mix001.csv,252,1,3,-32,-6,198
fold3_room13_mix001.csv,253,1,3,-32,-6,197
fold3_room13_mix001.csv,254,1,3,-32,-6,197
fold3_room13_mix001.csv,255,1,3,-32,-6,197
fold3_room13_mix001.csv,256,1,3,-32,-6,196
fold3_room13_mix001.csv,257,1,3,-32,-6,196
fold3_room13_mix001.csv,258,1,3,-32,-6,196
fold3_room13_mix001.csv,259,1,3,-33,-6,196
fold3_room13_mix001.csv,260,1,3,-33,-6,196
fold3_room13_mix001.csv,261,1,3,-33,-6,196
fold3_room13_mix001.csv,262,1,3,-33,-6,196
fold3_room13_mix001.csv,263,1,3,-33,-6,196
fold3_room13_mix001.csv,264,1,3,-33,-6,196
fold3_room13_mix001.csv,265,1,3,-33,-6,196
fold3_room13_mix001.csv,266,1,3,-33,-6,196
fold3_room13_mix001.csv,267,1,3,-33,-6,196
fold3_room13_mix001.csv,268,1,3,-33,-6,195
fold3_room13_mix001.csv,269,1,3,-33,-6,195
fold3_room13_mix001.csv,270,1,3,-33,-6,195
fold3_room13_mix001.csv,271,1,3,-33,-6,195
fold3_room13_mix001.csv,272,1,3,-33,-6,195
fold3_room13_mix001.csv,305,1,3,-34,-6,193
fold3_room13_mix001.csv,306,1,3,-34,-6,193
fold3_room13_mix001.csv,307,1,3,-34,-6,193
fold3_room13_mix001.csv,308,1,3,-34,-6,193
fold3_room13_mix001.csv,309,1,3,-34,-6,194
fold3_room13_mix001.csv,310,1,3,-34,-6,194
fold3_room13_mix001.csv,311,1,3,-34,-6,194
fold3_room13_mix001.csv,312,1,3,-34,-6,193
fold3_room13_mix001.csv,313,1,3,-34,-6,193
fold3_room13_mix001.csv,314,1,3,-34,-6,193
fold3_room13_mix001.csv,315,1,3,-34,-6,193
fold3_room13_mix001.csv,316,1,3,-34,-6,193
fold3_room13_mix001.csv,317,1,3,-34,-6,193
fold3_room13_mix001.csv,318,1,3,-34,-6,193
fold3_room13_mix001.csv,319,1,3,-34,-6,193
fold3_room13_mix001.csv,320,1,3,-34,-6,194
fold3_room13_mix001.csv,321,1,3,-34,-6,194
fold3_room13_mix001.csv,322,1,3,-34,-6,194
fold3_room13_mix001.csv,323,1,3,-34,-6,194
fold3_room13_mix001.csv,324,1,3,-34,-6,194
fold3_room13_mix001.csv,325,1,3,-34,-6,195
fold3_room13_mix001.csv,373,1,3,-36,-6,192
fold3_room13_mix001.csv,374,1,3,-36,-6,192
fold3_room13_mix001.csv,412,1,3,-37,-6,193
fold3_room13_mix001.csv,413,1,3,-37,-6,192
fold3_room13_mix001.csv,414,1,3,-37,-7,193
fold3_room13_mix001.csv,415,1,3,-36,-7,192
fold3_room13_mix001.csv,523,1,3,-32,-6,203
fold3_room13_mix001.csv,524,1,3,-32,-6,203
fold3_room13_mix001.csv,525,1,3,-32,-6,203
fold3_room13_mix001.csv,526,1,3,-32,-6,203
fold3_room13_mix001.csv,527,1,3,-32,-6,202
fold3_room13_mix001.csv,528,1,3,-32,-6,202
fold3_room13_mix001.csv,529,1,3,-31,-6,202
fold3_room13_mix001.csv,530,1,3,-31,-6,203
fold3_room13_mix001.csv,531,1,3,-31,-6,203
fold3_room13_mix001.csv,532,1,3,-31,-6,203
fold3_room13_mix001.csv,837,1,3,-32,-6,201
fold3_room13_mix001.csv,838,1,3,-32,-6,200
fold3_room13_mix001.csv,839,1,3,-32,-6,200
fold3_room13_mix001.csv,840,1,3,-32,-5,200
fold3_room13_mix001.csv,841,1,3,-32,-5,202
fold3_room13_mix001.csv,842,1,3,-31,-5,203
fold3_room13_mix001.csv,843,1,3,-31,-6,203
fold3_room13_mix001.csv,844,1,3,-31,-6,203
fold3_room13_mix001.csv,845,1,3,-31,-6,204
fold3_room13_mix001.csv,846,1,3,-31,-6,204
fold3_room13_mix001.csv,847,1,3,-31,-6,203
fold3_room13_mix001.csv,848,1,3,-31,-6,203
fold3_room13_mix001.csv,849,1,3,-31,-6,203
fold3_room13_mix001.csv,858,1,3,-31,-6,203
fold3_room13_mix001.csv,859,1,3,-31,-6,203
fold3_room13_mix001.csv,860,1,3,-31,-6,203
fold3_room13_mix001.csv,861,1,3,-31,-6,202
fold3_room13_mix001.csv,862,1,3,-32,-6,201
fold3_room13_mix001.csv,863,1,3,-32,-6,202
fold3_room13_mix001.csv,864,1,3,-32,-6,202
fold3_room13_mix001.csv,865,1,3,-31,-6,203
fold3_room13_mix001.csv,866,1,3,-31,-6,203
fold3_room13_mix001.csv,867,1,3,-31,-6,203
fold3_room13_mix001.csv,902,1,3,-32,-6,200
fold3_room13_mix001.csv,903,1,3,-32,-6,200
fold3_room13_mix001.csv,904,1,3,-32,-6,200
fold3_room13_mix001.csv,905,1,3,-32,-6,200
fold3_room13_mix001.csv,906,1,3,-32,-6,200
fold3_room13_mix001.csv,907,1,3,-32,-6,200
fold3_room13_mix001.csv,908,1,3,-32,-6,201
fold3_room13_mix001.csv,909,1,3,-32,-6,202
fold3_room13_mix001.csv,910,1,3,-31,-6,202
fold3_room13_mix001.csv,911,1,3,-31,-6,202
fold3_room13_mix001.csv,912,1,3,-31,-6,202
fold3_room13_mix001.csv,913,1,3,-31,-6,202
fold3_room13_mix001.csv,914,1,3,-31,-6,203
fold3_room13_mix001.csv,915,1,3,-31,-6,203
fold3_room13_mix001.csv,916,1,3,-31,-6,203
fold3_room13_mix001.csv,917,1,3,-31,-6,203
fold3_room13_mix001.csv,918,1,3,-31,-6,203
fold3_room13_mix001.csv,919,1,3,-31,-6,203
fold3_room13_mix001.csv,920,1,3,-31,-6,202
fold3_room13_mix001.csv,921,1,3,-31,-6,202
fold3_room13_mix001.csv,922,1,3,-31,-6,202
fold3_room13_mix001.csv,923,1,3,-31,-6,202
fold3_room13_mix001.csv,924,1,3,-31,-6,202
fold3_room13_mix001.csv,925,1,3,-31,-6,202
fold3_room13_mix001.csv,926,1,3,-31,-6,202
fold3_room13_mix001.csv,927,1,3,-31,-6,202
fold3_room13_mix001.csv,928,1,3,-31,-6,202
fold3_room13_mix001.csv,929,1,3,-31,-6,202
fold3_room13_mix001.csv,986,1,3,-35,-6,193
fold3_room13_mix001.csv,987,1,3,-35,-6,193
fold3_room13_mix001.csv,988,1,3,-35,-6,194
fold3_room13_mix001.csv,989,1,3,-35,-6,194
fold3_room13_mix001.csv,990,1,3,-35,-6,194
fold3_room13_mix001.csv,991,1,3,-35,-6,194
fold3_room13_mix001.csv,992,1,3,-35,-6,194
fold3_room13_mix001.csv,993,1,3,-35,-6,194
fold3_room13_mix001.csv,994,1,3,-35,-6,194
fold3_room13_mix001.csv,995,1,3,-35,-6,194
fold3_room13_mix001.csv,996,1,3,-35,-6,194
fold3_room13_mix001.csv,997,1,3,-35,-6,194
fold3_room13_mix001.csv,998,1,3,-35,-6,193
fold3_room13_mix001.csv,999,1,3,-35,-6,193
fold3_room13_mix001.csv,1000,1,3,-36,-6,193
fold3_room13_mix001.csv,1001,1,3,-36,-6,193
fold3_room13_mix001.csv,1002,1,3,-36,-6,193
fold3_room13_mix001.csv,1003,1,3,-36,-6,193
fold3_room13_mix001.csv,1004,1,3,-36,-6,193
fold3_room13_mix001.csv,1005,1,3,-36,-6,193
fold3_room13_mix001.csv,1006,1,3,-36,-6,193
fold3_room13_mix001.csv,1007,1,3,-36,-6,193
fold3_room13_mix001.csv,1008,1,3,-36,-7,193
fold3_room13_mix001.csv,1009,1,3,-36,-7,193
fold3_room13_mix001.csv,1010,1,3,-36,-7,193
fold3_room13_mix001.csv,1011,1,3,-36,-7,193
fold3_room13_mix001.csv,1012,1,3,-36,-7,193
fold3_room13_mix001.csv,1013,1,3,-36,-7,193
fold3_room13_mix001.csv,1035,1,3,-36,-6,192
fold3_room13_mix001.csv,1036,1,3,-36,-6,193
fold3_room13_mix001.csv,1037,1,3,-36,-6,193
fold3_room13_mix001.csv,1056,1,3,-35,-6,193
fold3_room13_mix001.csv,1057,1,3,-35,-6,193
fold3_room13_mix001.csv,1058,1,3,-36,-6,193
fold3_room13_mix001.csv,1059,1,3,-36,-6,193
fold3_room13_mix001.csv,1060,1,3,-36,-6,193
fold3_room13_mix001.csv,1061,1,3,-37,-6,193
fold3_room13_mix001.csv,1098,1,3,-34,-6,194
fold3_room13_mix001.csv,1099,1,3,-34,-6,194
fold3_room13_mix001.csv,1100,1,3,-34,-6,194
fold3_room13_mix001.csv,1101,1,3,-34,-6,194
fold3_room13_mix001.csv,1102,1,3,-35,-6,193
fold3_room13_mix001.csv,1103,1,3,-36,-6,193
fold3_room13_mix001.csv,1104,1,3,-36,-6,193
fold3_room13_mix001.csv,1105,1,3,-36,-6,193
fold3_room13_mix001.csv,1106,1,3,-36,-6,193
fold3_room13_mix001.csv,1107,1,3,-36,-6,192
fold3_room13_mix001.csv,1108,1,3,-36,-6,192
fold3_room13_mix001.csv,1109,1,3,-37,-7,192
fold3_room13_mix001.csv,1110,1,3,-36,-7,192
fold3_room13_mix001.csv,1111,1,3,-36,-7,192
fold3_room13_mix001.csv,1112,1,3,-36,-7,192
fold3_room13_mix001.csv,1113,1,3,-36,-7,192
fold3_room13_mix001.csv,1114,1,3,-36,-7,192
fold3_room13_mix001.csv,1141,1,3,-33,-5,197
fold3_room13_mix001.csv,1142,1,3,-33,-6,199
fold3_room13_mix001.csv,1143,1,3,-32,-6,199
fold3_room13_mix001.csv,1155,1,3,-33,-6,197
fold3_room13_mix001.csv,1156,1,3,-33,-6,196
fold3_room13_mix001.csv,1157,1,3,-33,-6,196
fold3_room13_mix001.csv,1158,1,3,-33,-6,195
fold3_room13_mix001.csv,1159,1,3,-33,-6,195
fold3_room13_mix001.csv,1160,1,3,-33,-6,195
fold3_room13_mix001.csv,1161,1,3,-33,-6,195
fold3_room13_mix001.csv,1162,1,3,-33,-6,195
fold3_room13_mix001.csv,1163,1,3,-33,-6,195
fold3_room13_mix001.csv,1164,1,3,-33,-6,195
fold3_room13_mix001.csv,1165,1,3,-34,-6,194
fold3_room13_mix001.csv,1166,1,3,-34,-6,194
fold3_room13_mix001.csv,1167,1,3,-34,-6,194
fold3_room13_mix001.csv,1168,1,3,-34,-6,194
fold3_room13_mix001.csv,1250,1,3,-33,-6,196
fold3_room13_mix001.csv,1251,1,3,-33,-6,197
fold3_room13_mix001.csv,1252,1,3,-33,-6,197
fold3_room13_mix001.csv,1253,1,3,-33,-6,197
fold3_room13_mix001.csv,1254,1,3,-33,-5,197
fold3_room13_mix001.csv,1255,1,3,-32,-5,200
fold3_room13_mix001.csv,1256,1,3,-32,-5,203
fold3_room13_mix001.csv,1257,1,3,-32,-5,203
fold3_room13_mix001.csv,1258,1,3,-32,-5,203
fold3_room13_mix001.csv,1259,1,3,-32,-5,202
fold3_room13_mix001.csv,1260,1,3,-32,-5,202
fold3_room13_mix001.csv,1261,1,3,-32,-5,202
fold3_room13_mix001.csv,1262,1,3,-32,-6,202
fold3_room13_mix001.csv,1263,1,3,-32,-6,202
fold3_room13_mix001.csv,1264,1,3,-32,-6,202
fold3_room13_mix001.csv,1265,1,3,-32,-6,202
fold3_room13_mix001.csv,1266,1,3,-32,-6,202
fold3_room13_mix001.csv,1267,1,3,-31,-6,202
fold3_room13_mix001.csv,1268,1,3,-32,-6,202
fold3_room13_mix001.csv,1269,1,3,-32,-6,202
fold3_room13_mix001.csv,1270,1,3,-32,-6,202
fold3_room13_mix001.csv,1271,1,3,-32,-5,202
fold3_room13_mix001.csv,1272,1,3,-32,-5,202
fold3_room13_mix001.csv,1273,1,3,-32,-6,202
fold3_room13_mix001.csv,1274,1,3,-32,-6,202
fold3_room13_mix001.csv,1275,1,3,-32,-6,202
fold3_room13_mix001.csv,1276,1,3,-32,-6,202
fold3_room13_mix001.csv,1277,1,3,-32,-6,202
fold3_room13_mix001.csv,1278,1,3,-31,-6,202
fold3_room13_mix001.csv,1279,1,3,-31,-6,202
fold3_room13_mix001.csv,1280,1,3,-31,-6,202
fold3_room13_mix001.csv,1281,1,3,-31,-6,202
fold3_room13_mix001.csv,1282,1,3,-31,-6,203
fold3_room13_mix001.csv,1283,1,3,-31,-6,203
fold3_room13_mix001.csv,1284,1,3,-31,-6,203
fold3_room13_mix001.csv,1285,1,3,-32,-6,203
fold3_room13_mix001.csv,1286,1,3,-32,-5,203
fold3_room13_mix001.csv,1287,1,3,-32,-5,202
fold3_room13_mix001.csv,1288,1,3,-32,-6,202
fold3_room13_mix001.csv,1289,1,3,-31,-6,203
fold3_room13_mix001.csv,1290,1,3,-31,-6,203
fold3_room13_mix001.csv,1291,1,3,-31,-6,204
fold3_room13_mix001.csv,1292,1,3,-31,-6,204
fold3_room13_mix001.csv,1293,1,3,-31,-6,204
fold3_room13_mix001.csv,1294,1,3,-31,-6,204
fold3_room13_mix001.csv,1295,1,3,-31,-6,203
fold3_room13_mix001.csv,1296,1,3,-31,-6,203
fold3_room13_mix001.csv,1297,1,3,-31,-6,203
fold3_room13_mix001.csv,1298,1,3,-31,-6,203
fold3_room13_mix001.csv,1299,1,3,-31,-6,203
fold3_room13_mix001.csv,1300,1,3,-31,-6,203
fold3_room13_mix001.csv,1301,1,3,-31,-5,202
fold3_room13_mix001.csv,1302,1,3,-31,-6,203
fold3_room13_mix001.csv,1303,1,3,-31,-5,204
fold3_room13_mix001.csv,1304,1,3,-31,-5,205
fold3_room13_mix001.csv,1305,1,3,-31,-5,205
fold3_room13_mix001.csv,1306,1,3,-31,-5,205
fold3_room13_mix001.csv,1307,1,3,-31,-6,205
fold3_room13_mix001.csv,1308,1,3,-31,-6,204
fold3_room13_mix001.csv,1309,1,3,-31,-6,204
fold3_room13_mix001.csv,1310,1,3,-31,-6,204
fold3_room13_mix001.csv,1311,1,3,-31,-6,204
fold3_room13_mix001.csv,1312,1,3,-31,-6,204
fold3_room13_mix001.csv,1313,1,3,-31,-6,203
fold3_room13_mix001.csv,1314,1,3,-31,-6,203
fold3_room13_mix001.csv,1315,1,3,-31,-6,203
fold3_room13_mix001.csv,1316,1,3,-31,-6,203
fold3_room13_mix001.csv,1317,1,3,-32,-6,203
fold3_room13_mix001.csv,1327,1,3,-32,-6,202
fold3_room13_mix001.csv,1328,1,3,-32,-6,202
fold3_room13_mix001.csv,1329,1,3,-32,-6,202
fold3_room13_mix001.csv,1330,1,3,-32,-6,203
fold3_room13_mix001.csv,1331,1,3,-32,-6,203
fold3_room13_mix001.csv,1332,1,3,-32,-6,203
fold3_room13_mix001.csv,1333,1,3,-31,-6,204
fold3_room13_mix001.csv,1334,1,3,-32,-6,203
fold3_room13_mix001.csv,1405,1,3,-32,-5,199
fold3_room13_mix001.csv,1406,1,3,-32,-6,199
fold3_room13_mix001.csv,1407,1,3,-32,-6,199
fold3_room13_mix001.csv,1408,1,3,-32,-6,199
fold3_room13_mix001.csv,1409,1,3,-32,-6,199
fold3_room13_mix001.csv,1410,1,3,-32,-6,200
fold3_room13_mix001.csv,1411,1,3,-32,-6,200
fold3_room13_mix001.csv,1412,1,3,-32,-6,200
fold3_room13_mix001.csv,1413,1,3,-32,-6,201
fold3_room13_mix001.csv,1414,1,3,-32,-6,201
fold3_room13_mix001.csv,1415,1,3,-31,-6,202
fold3_room13_mix001.csv,1416,1,3,-31,-6,204
fold3_room13_mix001.csv,1417,1,3,-31,-6,204
fold3_room13_mix001.csv,1418,1,3,-31,-6,204
fold3_room13_mix001.csv,1419,1,3,-31,-6,203
fold3_room13_mix001.csv,1420,1,3,-31,-6,203
fold3_room13_mix001.csv,1421,1,3,-31,-6,203
fold3_room13_mix001.csv,1422,1,3,-31,-6,203
fold3_room13_mix001.csv,1423,1,3,-31,-6,203
fold3_room13_mix001.csv,1472,1,3,-32,-6,202
fold3_room13_mix001.csv,1473,1,3,-32,-6,202
fold3_room13_mix001.csv,1474,1,3,-32,-6,202
fold3_room13_mix001.csv,1475,1,3,-32,-6,201
fold3_room13_mix001.csv,1549,1,3,-33,-6,198
fold3_room13_mix001.csv,1550,1,3,-33,-6,198
fold3_room13_mix001.csv,1551,1,3,-33,-6,198
fold3_room13_mix001.csv,1552,1,3,-33,-6,198
fold3_room13_mix001.csv,1553,1,3,-33,-6,198
fold3_room13_mix001.csv,1554,1,3,-33,-6,198
fold3_room13_mix001.csv,1555,1,3,-33,-6,198
fold3_room13_mix001.csv,1556,1,3,-33,-6,198
fold3_room13_mix001.csv,1557,1,3,-33,-6,198
fold3_room13_mix001.csv,1622,1,3,-33,-6,197
fold3_room13_mix001.csv,1623,1,3,-33,-6,197
fold3_room13_mix001.csv,1624,1,3,-33,-6,197
fold3_room13_mix001.csv,1625,1,3,-33,-6,196
fold3_room13_mix001.csv,1626,1,3,-33,-6,196
fold3_room13_mix001.csv,1627,1,3,-33,-6,196
fold3_room13_mix001.csv,1628,1,3,-33,-6,196
fold3_room13_mix001.csv,1629,1,3,-33,-6,196
fold3_room13_mix001.csv,1630,1,3,-33,-6,195
fold3_room13_mix001.csv,1631,1,3,-33,-6,195
fold3_room13_mix001.csv,1632,1,3,-33,-6,195
fold3_room13_mix001.csv,1633,1,3,-33,-6,195
fold3_room13_mix001.csv,1634,1,3,-33,-6,196
fold3_room13_mix001.csv,1635,1,3,-33,-6,196
fold3_room13_mix001.csv,1636,1,3,-33,-6,196
fold3_room13_mix001.csv,1637,1,3,-33,-6,196
fold3_room13_mix001.csv,1638,1,3,-33,-5,195
fold3_room13_mix001.csv,1639,1,3,-33,-5,196
fold3_room13_mix001.csv,1640,1,3,-33,-5,196
fold3_room13_mix001.csv,1641,1,3,-33,-5,196
fold3_room13_mix001.csv,1642,1,3,-33,-6,196
fold3_room13_mix001.csv,1643,1,3,-33,-6,196
fold3_room13_mix001.csv,1644,1,3,-33,-6,195
fold3_room13_mix001.csv,1645,1,3,-33,-6,195
fold3_room13_mix001.csv,1646,1,3,-33,-6,195
fold3_room13_mix001.csv,1647,1,3,-33,-6,195
fold3_room13_mix001.csv,1648,1,3,-33,-6,195
fold3_room13_mix001.csv,1649,1,3,-33,-6,195
fold3_room13_mix001.csv,1650,1,3,-33,-6,195
fold3_room13_mix001.csv,1651,1,3,-33,-6,195
fold3_room13_mix001.csv,1652,1,3,-33,-6,195
fold3_room13_mix001.csv,1653,1,3,-33,-5,196
fold3_room13_mix001.csv,1654,1,3,-33,-5,196
fold3_room13_mix001.csv,1655,1,3,-33,-5,196
fold3_room13_mix001.csv,1656,1,3,-33,-5,196
fold3_room13_mix001.csv,1657,1,3,-33,-6,196
fold3_room13_mix001.csv,1658,1,3,-33,-6,197
fold3_room13_mix001.csv,1659,1,3,-32,-6,197
fold3_room13_mix001.csv,1660,1,3,-32,-6,196
fold3_room13_mix001.csv,1661,1,3,-33,-6,196
fold3_room13_mix001.csv,1662,1,3,-33,-6,196
fold3_room13_mix001.csv,1663,1,3,-33,-6,196
fold3_room13_mix001.csv,1664,1,3,-33,-6,196
fold3_room13_mix001.csv,1665,1,3,-33,-6,196
fold3_room13_mix001.csv,1666,1,3,-33,-6,196
fold3_room13_mix001.csv,1667,1,3,-33,-6,196
fold3_room13_mix001.csv,1668,1,3,-33,-5,196
fold3_room13_mix001.csv,1669,1,3,-33,-5,196
fold3_room13_mix001.csv,1670,1,3,-33,-5,197
fold3_room13_mix001.csv,1671,1,3,-32,-5,198
fold3_room13_mix001.csv,1672,1,3,-32,-5,198
fold3_room13_mix001.csv,1896,1,3,-34,-6,193
fold3_room13_mix001.csv,1897,1,3,-34,-6,193
fold3_room13_mix001.csv,1898,1,3,-34,-6,193
fold3_room13_mix001.csv,1899,1,3,-34,-6,193
fold3_room13_mix001.csv,1900,1,3,-34,-6,193
fold3_room13_mix001.csv,1901,1,3,-34,-6,193
fold3_room13_mix001.csv,1902,1,3,-34,-6,194
fold3_room13_mix001.csv,1903,1,3,-34,-6,194
fold3_room13_mix001.csv,1904,1,3,-34,-6,194
fold3_room13_mix001.csv,1905,1,3,-34,-6,194
fold3_room13_mix001.csv,1906,1,3,-34,-6,194
fold3_room13_mix001.csv,1907,1,3,-34,-6,194
fold3_room13_mix001.csv,1908,1,3,-34,-6,194
fold3_room13_mix001.csv,1909,1,3,-35,-6,193
fold3_room13_mix001.csv,1910,1,3,-36,-6,193
fold3_room13_mix001.csv,1911,1,3,-36,-7,193
fold3_room13_mix001.csv,1912,1,3,-36,-7,192
fold3_room13_mix001.csv,1913,1,3,-36,-7,192
fold3_room13_mix001.csv,1914,1,3,-36,-7,192
fold3_room13_mix001.csv,1915,1,3,-36,-7,192
fold3_room13_mix001.csv,1916,1,3,-36,-7,192
fold3_room13_mix001.csv,1917,1,3,-36,-7,192
fold3_room13_mix001.csv,1918,1,3,-36,-7,192
fold3_room13_mix001.csv,1919,1,3,-36,-7,192
fold3_room13_mix001.csv,1920,1,3,-36,-7,192
fold3_room13_mix001.csv,1956,1,3,-34,-6,193
fold3_room13_mix001.csv,1957,1,3,-34,-6,193
fold3_room13_mix001.csv,1958,1,3,-34,-6,193
fold3_room13_mix001.csv,1959,1,3,-34,-6,193
fold3_room13_mix001.csv,1960,1,3,-34,-6,193
fold3_room13_mix001.csv,1961,1,3,-34,-6,193
fold3_room13_mix001.csv,1962,1,3,-34,-6,193
fold3_room13_mix001.csv,1963,1,3,-34,-6,193
fold3_room13_mix001.csv,1964,1,3,-34,-6,193
fold3_room13_mix001.csv,1965,1,3,-34,-6,193
fold3_room13_mix001.csv,1966,1,3,-34,-6,193
fold3_room13_mix001.csv,1967,1,3,-34,-6,193
fold3_room13_mix001.csv,1968,1,3,-34,-6,193
fold3_room13_mix001.csv,1969,1,3,-35,-6,192
fold3_room13_mix001.csv,1970,1,3,-36,-6,192
fold3_room13_mix001.csv,1971,1,3,-36,-6,192
fold3_room13_mix001.csv,1972,1,3,-36,-6,192
fold3_room13_mix001.csv,1973,1,3,-36,-7,192
fold3_room13_mix001.csv,1974,1,3,-36,-7,192
fold3_room13_mix001.csv,1975,1,3,-36,-7,192
fold3_room13_mix001.csv,1976,1,3,-36,-7,192
fold3_room13_mix001.csv,1977,1,3,-36,-7,192
fold3_room13_mix001.csv,1978,1,3,-36,-7,192
fold3_room13_mix001.csv,1987,1,3,-36,-7,192
fold3_room13_mix001.csv,1988,1,3,-36,-7,192
fold3_room13_mix001.csv,1989,1,3,-36,-7,192
fold3_room13_mix001.csv,1990,1,3,-36,-6,192
fold3_room13_mix001.csv,1991,1,3,-36,-6,192
fold3_room13_mix001.csv,1992,1,3,-36,-6,192
fold3_room13_mix001.csv,1993,1,3,-36,-7,192
fold3_room13_mix001.csv,1994,1,3,-36,-7,192
fold3_room13_mix001.csv,2093,1,3,-33,-6,194
fold3_room13_mix001.csv,2094,1,3,-33,-6,194
fold3_room13_mix001.csv,2095,1,3,-33,-6,194
fold3_room13_mix001.csv,2096,1,3,-33,-6,195
fold3_room13_mix001.csv,2097,1,3,-32,-6,195
fold3_room13_mix001.csv,2098,1,3,-33,-7,196
fold3_room13_mix001.csv,2099,1,3,-33,-7,197
fold3_room13_mix001.csv,2100,1,3,-32,-6,197
fold3_room13_mix001.csv,2101,1,3,-32,-7,197
fold3_room13_mix001.csv,2102,1,3,-33,-6,196
fold3_room13_mix001.csv,2103,1,3,-33,-6,195
fold3_room13_mix001.csv,2104,1,3,-33,-6,196
fold3_room13_mix001.csv,2105,1,3,-33,-6,195
fold3_room13_mix001.csv,2106,1,3,-33,-6,194
fold3_room13_mix001.csv,2107,1,3,-34,-6,193
fold3_room13_mix001.csv,2108,1,3,-34,-6,193
fold3_room13_mix001.csv,2109,1,3,-34,-6,193
fold3_room13_mix001.csv,2110,1,3,-34,-6,193
fold3_room13_mix001.csv,2172,1,3,-33,-5,195
fold3_room13_mix001.csv,2173,1,3,-33,-5,195
fold3_room13_mix001.csv,2174,1,3,-33,-5,195
fold3_room13_mix001.csv,2175,1,3,-33,-6,195
fold3_room13_mix001.csv,2176,1,3,-33,-6,195
fold3_room13_mix001.csv,2177,1,3,-33,-6,195
fold3_room13_mix001.csv,2178,1,3,-33,-6,195
fold3_room13_mix001.csv,2179,1,3,-33,-6,195
fold3_room13_mix001.csv,2180,1,3,-32,-6,196
fold3_room13_mix001.csv,2181,1,3,-32,-7,197
fold3_room13_mix001.csv,2182,1,3,-32,-7,197
fold3_room13_mix001.csv,2183,1,3,-32,-7,197
fold3_room13_mix001.csv,2184,1,3,-32,-7,196
fold3_room13_mix001.csv,2185,1,3,-32,-6,196
fold3_room13_mix001.csv,2186,1,3,-32,-6,196
fold3_room13_mix001.csv,2187,1,3,-32,-6,196
fold3_room13_mix001.csv,2188,1,3,-32,-6,196
fold3_room13_mix001.csv,2189,1,3,-33,-6,196
fold3_room13_mix001.csv,2190,1,3,-33,-6,196
fold3_room13_mix001.csv,2191,1,3,-33,-6,195
fold3_room13_mix001.csv,2192,1,3,-33,-6,195
fold3_room13_mix001.csv,2193,1,3,-33,-6,195
fold3_room13_mix001.csv,2194,1,3,-33,-6,194
fold3_room13_mix001.csv,2195,1,3,-33,-6,195
fold3_room13_mix001.csv,2350,1,3,-32,-6,197
fold3_room13_mix001.csv,2351,1,3,-32,-5,197
fold3_room13_mix001.csv,2352,1,3,-32,-6,197
fold3_room13_mix001.csv,2353,1,3,-33,-6,198
fold3_room13_mix001.csv,2354,1,3,-32,-6,198
fold3_room13_mix001.csv,2355,1,3,-32,-5,200
fold3_room13_mix001.csv,2356,1,3,-31,-5,202
fold3_room13_mix001.csv,2357,1,3,-31,-6,202
fold3_room13_mix001.csv,2358,1,3,-31,-6,203
fold3_room13_mix001.csv,2359,1,3,-31,-6,203
fold3_room13_mix001.csv,2360,1,3,-31,-6,202
fold3_room13_mix001.csv,2361,1,3,-31,-6,202
fold3_room13_mix001.csv,2362,1,3,-31,-6,202
fold3_room13_mix001.csv,2363,1,3,-31,-6,202
fold3_room13_mix001.csv,2364,1,3,-31,-6,202
fold3_room13_mix001.csv,2365,1,3,-31,-6,201
fold3_room13_mix001.csv,2366,1,3,-31,-6,202
fold3_room13_mix001.csv,2367,1,3,-31,-6,202
fold3_room13_mix001.csv,2368,1,3,-31,-6,202
fold3_room13_mix001.csv,2369,1,3,-31,-6,202
fold3_room13_mix001.csv,2370,1,3,-31,-6,202
fold3_room13_mix001.csv,2371,1,3,-31,-6,202
fold3_room13_mix001.csv,2372,1,3,-31,-6,203
fold3_room13_mix001.csv,2373,1,3,-31,-6,203
fold3_room13_mix001.csv,2410,1,3,-32,-6,197
fold3_room13_mix001.csv,2411,1,3,-32,-6,197
fold3_room13_mix001.csv,2412,1,3,-33,-6,196
fold3_room13_mix001.csv,2413,1,3,-33,-6,195
fold3_room13_mix001.csv,2414,1,3,-33,-6,194
fold3_room13_mix001.csv,2415,1,3,-33,-6,194
fold3_room13_mix001.csv,2416,1,3,-33,-6,196
fold3_room13_mix001.csv,2417,1,3,-31,-6,201
fold3_room13_mix001.csv,2418,1,3,-31,-6,202
fold3_room13_mix001.csv,2419,1,3,-31,-6,204
fold3_room13_mix001.csv,2420,1,3,-31,-6,204
fold3_room13_mix001.csv,2421,1,3,-31,-6,206
fold3_room13_mix001.csv,2422,1,3,-31,-6,206
fold3_room13_mix001.csv,2431,1,3,-32,-6,199
fold3_room13_mix001.csv,2432,1,3,-32,-6,199
fold3_room13_mix001.csv,2433,1,3,-32,-5,199
fold3_room13_mix001.csv,2434,1,3,-32,-5,199
fold3_room13_mix001.csv,2435,1,3,-33,-5,199
fold3_room13_mix001.csv,2436,1,3,-32,-6,199
fold3_room13_mix001.csv,2437,1,3,-32,-6,198
fold3_room13_mix001.csv,2438,1,3,-31,-7,197
fold3_room13_mix001.csv,2439,1,3,-31,-6,198
fold3_room13_mix001.csv,2440,1,3,-31,-6,199
fold3_room13_mix001.csv,2441,1,3,-31,-6,201
fold3_room13_mix001.csv,2442,1,3,-31,-6,203
fold3_room13_mix001.csv,2443,1,3,-31,-6,204
fold3_room13_mix001.csv,2444,1,3,-31,-6,204
fold3_room13_mix001.csv,2445,1,3,-31,-6,203
fold3_room13_mix001.csv,2446,1,3,-31,-6,203
fold3_room13_mix001.csv,2447,1,3,-31,-6,203
fold3_room13_mix001.csv,2448,1,3,-31,-6,203
fold3_room13_mix001.csv,2449,1,3,-31,-6,203
fold3_room13_mix001.csv,2450,1,3,-31,-6,203
fold3_room13_mix001.csv,2451,1,3,-31,-6,203
fold3_room13_mix001.csv,2452,1,3,-31,-6,203
fold3_room13_mix001.csv,2535,1,3,-33,-6,196
fold3_room13_mix001.csv,2536,1,3,-33,-6,196
fold3_room13_mix001.csv,2537,1,3,-33,-6,195
fold3_room13_mix001.csv,2538,1,3,-33,-6,195
fold3_room13_mix001.csv,2539,1,3,-33,-6,196
fold3_room13_mix001.csv,2540,1,3,-33,-6,195
fold3_room13_mix001.csv,2541,1,3,-33,-6,195
fold3_room13_mix001.csv,2542,1,3,-33,-6,195
fold3_room13_mix001.csv,2543,1,3,-34,-6,194
fold3_room13_mix001.csv,2544,1,3,-34,-6,194
fold3_room13_mix001.csv,2545,1,3,-34,-6,194
fold3_room13_mix001.csv,2546,1,3,-34,-6,194
fold3_room13_mix001.csv,2547,1,3,-34,-6,194
fold3_room13_mix002.csv,17,1,3,54,-9,117
fold3_room13_mix002.csv,18,1,3,54,-9,118
fold3_room13_mix002.csv,19,1,3,53,-9,119
fold3_room13_mix002.csv,20,1,3,53,-9,120
fold3_room13_mix002.csv,91,1,3,51,-9,125
fold3_room13_mix002.csv,92,1,3,51,-9,125
fold3_room13_mix002.csv,93,1,3,51,-9,125
fold3_room13_mix002.csv,94,1,3,51,-9,125
fold3_room13_mix002.csv,95,1,3,51,-9,125
fold3_room13_mix002.csv,96,1,3,51,-9,124
fold3_room13_mix002.csv,97,1,3,51,-9,124
fold3_room13_mix002.csv,98,1,3,51,-9,124
fold3_room13_mix002.csv,99,1,3,51,-9,124
fold3_room13_mix002.csv,100,1,3,51,-9,124
fold3_room13_mix002.csv,101,1,3,51,-9,124
fold3_room13_mix002.csv,102,1,3,51,-9,124
fold3_room13_mix002.csv,103,1,3,51,-9,124
fold3_room13_mix002.csv,104,1,3,51,-9,124
fold3_room13_mix002.csv,105,1,3,51,-9,124
fold3_room13_mix002.csv,106,1,3,51,-9,124
fold3_room13_mix002.csv,107,1,3,51,-9,124
fold3_room13_mix002.csv,108,1,3,51,-9,124
fold3_room13_mix002.csv,109,1,3,51,-9,123
fold3_room13_mix002.csv,110,1,3,51,-9,123
fold3_room13_mix002.csv,111,1,3,51,-9,123
fold3_room13_mix002.csv,112,1,3,51,-9,123
fold3_room13_mix002.csv,113,1,3,51,-9,123
fold3_room13_mix002.csv,114,1,3,52,-9,123
fold3_room13_mix002.csv,115,1,3,52,-9,123
fold3_room13_mix002.csv,116,1,3,52,-9,123
fold3_room13_mix002.csv,117,1,3,52,-9,123
fold3_room13_mix002.csv,118,1,3,52,-9,123
fold3_room13_mix002.csv,119,1,3,52,-9,123
fold3_room13_mix002.csv,120,1,3,52,-9,123
fold3_room13_mix002.csv,121,1,3,52,-9,123
fold3_room13_mix002.csv,122,1,3,52,-9,123
fold3_room13_mix002.csv,123,1,3,52,-9,123
fold3_room13_mix002.csv,124,1,3,52,-9,122
fold3_room13_mix002.csv,125,1,3,52,-9,122
fold3_room13_mix002.csv,126,1,3,52,-8,122
fold3_room13_mix002.csv,127,1,3,52,-8,122
fold3_room13_mix002.csv,128,1,3,52,-8,124
fold3_room13_mix002.csv,129,1,3,51,-9,126
fold3_room13_mix002.csv,130,1,3,51,-9,126
fold3_room13_mix002.csv,131,1,3,50,-9,127
fold3_room13_mix002.csv,132,1,3,50,-9,128
fold3_room13_mix002.csv,133,1,3,50,-9,128
fold3_room13_mix002.csv,165,1,3,52,-8,121
fold3_room13_mix002.csv,166,1,3,52,-8,121
fold3_room13_mix002.csv,167,1,3,52,-8,120
fold3_room13_mix002.csv,168,1,3,52,-8,120
fold3_room13_mix002.csv,169,1,3,52,-9,120
fold3_room13_mix002.csv,170,1,3,52,-9,121
fold3_room13_mix002.csv,171,1,3,52,-9,121
fold3_room13_mix002.csv,172,1,3,52,-9,121
fold3_room13_mix002.csv,173,1,3,51,-9,121
fold3_room13_mix002.csv,174,1,3,51,-9,121
fold3_room13_mix002.csv,175,1,3,51,-9,121
fold3_room13_mix002.csv,176,1,3,51,-9,121
fold3_room13_mix002.csv,177,1,3,51,-9,121
fold3_room13_mix002.csv,178,1,3,51,-9,122
fold3_room13_mix002.csv,179,1,3,51,-9,122
fold3_room13_mix002.csv,180,1,3,51,-9,122
fold3_room13_mix002.csv,181,1,3,51,-9,122
fold3_room13_mix002.csv,182,1,3,51,-9,121
fold3_room13_mix002.csv,183,1,3,51,-9,121
fold3_room13_mix002.csv,184,1,3,52,-9,121
fold3_room13_mix002.csv,185,1,3,52,-9,121
fold3_room13_mix002.csv,186,1,3,52,-9,121
fold3_room13_mix002.csv,187,1,3,51,-8,123
fold3_room13_mix002.csv,188,1,3,51,-9,126
fold3_room13_mix002.csv,189,1,3,51,-9,126
fold3_room13_mix002.csv,190,1,3,50,-9,126
fold3_room13_mix002.csv,191,1,3,50,-9,126
fold3_room13_mix002.csv,192,1,3,50,-9,126
fold3_room13_mix002.csv,193,1,3,50,-9,127
fold3_room13_mix002.csv,194,1,3,50,-10,126
fold3_room13_mix002.csv,195,1,3,50,-10,126
fold3_room13_mix002.csv,196,1,3,50,-9,126
fold3_room13_mix002.csv,208,1,3,50,-9,125
fold3_room13_mix002.csv,209,1,3,50,-9,125
fold3_room13_mix002.csv,210,1,3,50,-9,124
fold3_room13_mix002.csv,211,1,3,50,-9,124
fold3_room13_mix002.csv,212,1,3,50,-9,124
fold3_room13_mix002.csv,213,1,3,50,-9,124
fold3_room13_mix002.csv,214,1,3,50,-9,124
fold3_room13_mix002.csv,215,1,3,51,-9,125
fold3_room13_mix002.csv,311,1,3,51,-9,124
fold3_room13_mix002.csv,312,1,3,51,-10,124
fold3_room13_mix002.csv,313,1,3,51,-10,124
fold3_room13_mix002.csv,551,1,3,51,-9,126
fold3_room13_mix002.csv,552,1,3,51,-9,126
fold3_room13_mix002.csv,553,1,3,51,-9,127
fold3_room13_mix002.csv,554,1,3,51,-10,126
fold3_room13_mix002.csv,555,1,3,51,-10,127
fold3_room13_mix002.csv,556,1,3,51,-10,126
fold3_room13_mix002.csv,557,1,3,51,-10,127
fold3_room13_mix002.csv,609,1,3,51,-9,125
fold3_room13_mix002.csv,610,1,3,51,-9,122
fold3_room13_mix002.csv,611,1,3,52,-9,121
fold3_room13_mix002.csv,612,1,3,52,-9,120
fold3_room13_mix002.csv,613,1,3,54,-9,118
fold3_room13_mix002.csv,614,1,3,55,-9,116
fold3_room13_mix002.csv,615,1,3,55,-9,115
fold3_room13_mix002.csv,616,1,3,55,-9,115
fold3_room13_mix002.csv,617,1,3,55,-10,116
fold3_room13_mix002.csv,618,1,3,55,-10,117
fold3_room13_mix002.csv,619,1,3,55,-9,117
fold3_room13_mix002.csv,620,1,3,54,-9,118
fold3_room13_mix002.csv,621,1,3,54,-9,117
fold3_room13_mix002.csv,622,1,3,54,-9,117
fold3_room13_mix002.csv,623,1,3,52,-9,120
fold3_room13_mix002.csv,624,1,3,51,-9,125
fold3_room13_mix002.csv,625,1,3,51,-9,128
fold3_room13_mix002.csv,626,1,3,51,-9,128
fold3_room13_mix002.csv,627,1,3,51,-9,128
fold3_room13_mix002.csv,628,1,3,51,-9,127
fold3_room13_mix002.csv,629,1,3,51,-9,128
fold3_room13_mix002.csv,630,1,3,51,-9,128
fold3_room13_mix002.csv,631,1,3,50,-9,128
fold3_room13_mix002.csv,632,1,3,50,-9,128
fold3_room13_mix002.csv,633,1,3,50,-9,128
fold3_room13_mix002.csv,634,1,3,50,-9,128
fold3_room13_mix002.csv,635,1,3,50,-10,127
fold3_room13_mix002.csv,636,1,3,50,-9,127
fold3_room13_mix002.csv,637,1,3,50,-9,126
fold3_room13_mix002.csv,638,1,3,51,-9,126
fold3_room13_mix002.csv,639,1,3,51,-9,126
fold3_room13_mix002.csv,835,1,3,53,-10,119
fold3_room13_mix002.csv,836,1,3,53,-10,119
fold3_room13_mix002.csv,837,1,3,52,-10,119
fold3_room13_mix002.csv,838,1,3,52,-10,119
fold3_room13_mix002.csv,839,1,3,52,-10,120
fold3_room13_mix002.csv,840,1,3,52,-10,120
fold3_room13_mix002.csv,841,1,3,52,-10,121
fold3_room13_mix002.csv,842,1,3,52,-10,121
fold3_room13_mix002.csv,843,1,3,52,-9,121
fold3_room13_mix002.csv,844,1,3,51,-9,122
fold3_room13_mix002.csv,845,1,3,51,-9,123
fold3_room13_mix002.csv,846,1,3,51,-10,124
fold3_room13_mix002.csv,847,1,3,52,-10,125
fold3_room13_mix002.csv,848,1,3,52,-9,125
fold3_room13_mix002.csv,849,1,3,52,-9,125
fold3_room13_mix002.csv,850,1,3,52,-9,124
fold3_room13_mix002.csv,851,1,3,52,-9,124
fold3_room13_mix002.csv,852,1,3,52,-9,123
fold3_room13_mix002.csv,853,1,3,52,-9,122
fold3_room13_mix002.csv,854,1,3,52,-10,122
fold3_room13_mix002.csv,855,1,3,52,-10,122
fold3_room13_mix002.csv,856,1,3,52,-10,122
fold3_room13_mix002.csv,857,1,3,51,-10,123
fold3_room13_mix002.csv,858,1,3,51,-10,123
fold3_room13_mix002.csv,859,1,3,51,-10,123
fold3_room13_mix002.csv,860,1,3,51,-10,123
fold3_room13_mix002.csv,861,1,3,51,-10,123
fold3_room13_mix002.csv,874,1,3,51,-10,124
fold3_room13_mix002.csv,875,1,3,51,-10,124
fold3_room13_mix002.csv,876,1,3,51,-10,124
fold3_room13_mix002.csv,877,1,3,51,-10,124
fold3_room13_mix002.csv,878,1,3,51,-9,124
fold3_room13_mix002.csv,879,1,3,51,-9,124
fold3_room13_mix002.csv,880,1,3,51,-9,124
fold3_room13_mix002.csv,881,1,3,51,-9,124
fold3_room13_mix002.csv,882,1,3,51,-9,124
fold3_room13_mix002.csv,883,1,3,51,-9,124
fold3_room13_mix002.csv,884,1,3,51,-9,124
fold3_room13_mix002.csv,885,1,3,51,-9,124
fold3_room13_mix002.csv,886,1,3,51,-9,124
fold3_room13_mix002.csv,887,1,3,51,-9,124
fold3_room13_mix002.csv,888,1,3,51,-10,124
fold3_room13_mix002.csv,889,1,3,52,-9,123
fold3_room13_mix002.csv,890,1,3,52,-10,122
fold3_room13_mix002.csv,891,1,3,52,-10,121
fold3_room13_mix002.csv,892,1,3,52,-10,123
fold3_room13_mix002.csv,893,1,3,51,-9,125
fold3_room13_mix002.csv,894,1,3,51,-9,125
fold3_room13_mix002.csv,895,1,3,51,-9,126
fold3_room13_mix002.csv,896,1,3,51,-9,126
fold3_room13_mix002.csv,897,1,3,51,-9,126
fold3_room13_mix002.csv,898,1,3,51,-9,126
fold3_room13_mix002.csv,899,1,3,51,-9,126
fold3_room13_mix002.csv,900,1,3,51,-10,126
fold3_room13_mix002.csv,901,1,3,51,-9,125
fold3_room13_mix002.csv,902,1,3,51,-9,125
fold3_room13_mix002.csv,912,1,3,51,-9,124
fold3_room13_mix002.csv,1234,1,3,52,-9,120
fold3_room13_mix002.csv,1235,1,3,52,-9,119
fold3_room13_mix002.csv,1236,1,3,52,-9,120
fold3_room13_mix002.csv,1237,1,3,52,-9,120
fold3_room13_mix002.csv,1238,1,3,52,-9,120
fold3_room13_mix002.csv,1239,1,3,52,-9,120
fold3_room13_mix002.csv,1240,1,3,52,-9,121
fold3_room13_mix002.csv,1241,1,3,51,-9,123
fold3_room13_mix002.csv,1242,1,3,51,-9,126
fold3_room13_mix002.csv,1243,1,3,51,-9,126
fold3_room13_mix002.csv,1244,1,3,51,-9,126
fold3_room13_mix002.csv,1245,1,3,51,-9,127
fold3_room13_mix002.csv,1246,1,3,51,-9,126
fold3_room13_mix002.csv,1247,1,3,51,-9,126
fold3_room13_mix002.csv,1248,1,3,51,-9,126
fold3_room13_mix002.csv,1249,1,3,51,-9,126
fold3_room13_mix002.csv,1250,1,3,51,-9,126
fold3_room13_mix002.csv,1251,1,3,51,-9,126
fold3_room13_mix002.csv,1252,1,3,51,-9,126
fold3_room13_mix002.csv,1253,1,3,51,-9,126
fold3_room13_mix002.csv,1254,1,3,51,-9,126
fold3_room13_mix002.csv,1255,1,3,51,-9,126
fold3_room13_mix002.csv,1256,1,3,51,-9,126
fold3_room13_mix002.csv,1257,1,3,51,-9,126
fold3_room13_mix002.csv,1258,1,3,51,-9,126
fold3_room13_mix002.csv,1259,1,3,51,-9,126
fold3_room13_mix002.csv,1260,1,3,51,-9,126
fold3_room13_mix002.csv,1261,1,3,51,-9,126
fold3_room13_mix002.csv,1262,1,3,51,-9,125
fold3_room13_mix002.csv,1320,1,3,51,-9,125
fold3_room13_mix002.csv,1321,1,3,51,-9,124
fold3_room13_mix002.csv,1322,1,3,51,-9,123
fold3_room13_mix002.csv,1323,1,3,51,-8,123
fold3_room13_mix002.csv,1324,1,3,51,-8,124
fold3_room13_mix002.csv,1325,1,3,51,-8,124
fold3_room13_mix002.csv,1326,1,3,51,-9,124
fold3_room13_mix002.csv,1327,1,3,51,-9,124
fold3_room13_mix002.csv,1491,1,3,52,-10,123
fold3_room13_mix002.csv,1492,1,3,52,-10,123
fold3_room13_mix002.csv,1493,1,3,52,-10,123
fold3_room13_mix002.csv,1494,1,3,52,-10,123
fold3_room13_mix002.csv,1495,1,3,52,-10,123
fold3_room13_mix002.csv,1496,1,3,52,-10,123
fold3_room13_mix002.csv,1497,1,3,52,-10,123
fold3_room13_mix002.csv,1498,1,3,52,-10,123
fold3_room13_mix002.csv,1499,1,3,52,-10,123
fold3_room13_mix002.csv,1500,1,3,52,-10,123
fold3_room13_mix002.csv,1501,1,3,52,-10,123
fold3_room13_mix002.csv,1502,1,3,52,-10,123
fold3_room13_mix002.csv,1503,1,3,52,-10,122
fold3_room13_mix002.csv,1504,1,3,52,-9,121
fold3_room13_mix002.csv,1505,1,3,52,-9,122
fold3_room13_mix002.csv,1506,1,3,52,-9,122
fold3_room13_mix002.csv,1507,1,3,52,-9,122
fold3_room13_mix002.csv,1508,1,3,52,-9,122
fold3_room13_mix002.csv,1509,1,3,52,-9,122
fold3_room13_mix002.csv,1510,1,3,52,-9,121
fold3_room13_mix002.csv,1511,1,3,52,-9,123
fold3_room13_mix002.csv,1512,1,3,51,-9,124
fold3_room13_mix002.csv,1513,1,3,51,-9,125
fold3_room13_mix002.csv,1561,1,3,51,-10,125
fold3_room13_mix002.csv,1562,1,3,51,-10,125
fold3_room13_mix002.csv,1563,1,3,51,-10,125
fold3_room13_mix002.csv,1564,1,3,51,-10,125
fold3_room13_mix002.csv,1565,1,3,51,-9,125
fold3_room13_mix002.csv,1566,1,3,51,-10,126
fold3_room13_mix002.csv,1567,1,3,51,-9,126
fold3_room13_mix002.csv,1602,1,3,51,-10,124
fold3_room13_mix002.csv,1603,1,3,51,-9,125
fold3_room13_mix002.csv,1604,1,3,51,-9,128
fold3_room13_mix002.csv,1605,1,3,51,-9,127
fold3_room13_mix002.csv,1606,1,3,50,-10,128
fold3_room13_mix002.csv,1607,1,3,50,-10,127
fold3_room13_mix002.csv,1608,1,3,50,-10,127
fold3_room13_mix002.csv,1609,1,3,50,-10,128
fold3_room13_mix002.csv,1610,1,3,50,-10,128
fold3_room13_mix002.csv,1611,1,3,50,-10,128
fold3_room13_mix002.csv,1612,1,3,50,-10,128
fold3_room13_mix002.csv,1613,1,3,50,-10,128
fold3_room13_mix002.csv,1614,1,3,50,-10,128
fold3_room13_mix002.csv,1637,1,3,51,-9,120
fold3_room13_mix002.csv,1638,1,3,51,-9,120
fold3_room13_mix002.csv,1639,1,3,52,-9,121
fold3_room13_mix002.csv,1640,1,3,51,-9,124
fold3_room13_mix002.csv,1641,1,3,51,-9,125
fold3_room13_mix002.csv,1642,1,3,51,-9,125
fold3_room13_mix002.csv,1643,1,3,50,-9,126
fold3_room13_mix002.csv,1644,1,3,50,-9,126
fold3_room13_mix002.csv,1645,1,3,50,-9,126
fold3_room13_mix002.csv,1646,1,3,50,-10,126
fold3_room13_mix002.csv,1647,1,3,50,-9,126
fold3_room13_mix002.csv,1792,1,3,54,-8,118
fold3_room13_mix002.csv,1793,1,3,54,-8,118
fold3_room13_mix002.csv,1794,1,3,54,-8,118
fold3_room13_mix002.csv,1795,1,3,54,-8,118
fold3_room13_mix002.csv,1796,1,3,54,-8,118
fold3_room13_mix002.csv,1797,1,3,54,-8,118
fold3_room13_mix002.csv,1798,1,3,54,-8,118
fold3_room13_mix002.csv,1799,1,3,54,-8,118
fold3_room13_mix002.csv,1800,1,3,54,-8,118
fold3_room13_mix002.csv,1801,1,3,54,-8,119
fold3_room13_mix002.csv,1802,1,3,54,-8,119
fold3_room13_mix002.csv,1803,1,3,54,-8,119
fold3_room13_mix002.csv,1804,1,3,54,-8,119
fold3_room13_mix002.csv,1805,1,3,53,-8,119
fold3_room13_mix002.csv,1806,1,3,53,-8,118
fold3_room13_mix002.csv,1807,1,3,53,-8,118
fold3_room13_mix002.csv,1808,1,3,53,-8,118
fold3_room13_mix002.csv,1809,1,3,53,-9,118
fold3_room13_mix002.csv,1810,1,3,53,-9,119
fold3_room13_mix002.csv,1811,1,3,53,-9,119
fold3_room13_mix002.csv,1812,1,3,53,-9,118
fold3_room13_mix002.csv,1813,1,3,53,-9,118
fold3_room13_mix002.csv,1814,1,3,53,-9,118
fold3_room13_mix002.csv,1815,1,3,53,-9,119
fold3_room13_mix002.csv,1816,1,3,53,-8,119
fold3_room13_mix002.csv,1817,1,3,52,-8,120
fold3_room13_mix002.csv,1818,1,3,52,-9,120
fold3_room13_mix002.csv,1819,1,3,51,-9,123
fold3_room13_mix002.csv,1820,1,3,51,-9,125
fold3_room13_mix002.csv,1821,1,3,50,-9,126
fold3_room13_mix002.csv,1822,1,3,50,-9,126
fold3_room13_mix002.csv,1823,1,3,50,-10,127
fold3_room13_mix002.csv,1824,1,3,50,-10,127
fold3_room13_mix002.csv,1825,1,3,50,-10,127
fold3_room13_mix002.csv,1826,1,3,50,-10,127
fold3_room13_mix002.csv,1827,1,3,50,-10,127
fold3_room13_mix002.csv,1828,1,3,50,-10,127
fold3_room13_mix002.csv,1829,1,3,50,-10,127
fold3_room13_mix002.csv,1830,1,3,50,-10,127
fold3_room13_mix002.csv,1831,1,3,50,-10,127
fold3_room13_mix002.csv,1832,1,3,50,-10,127
fold3_room13_mix002.csv,1833,1,3,50,-10,127
fold3_room13_mix002.csv,1834,1,3,50,-10,127
fold3_room13_mix002.csv,1835,1,3,50,-10,126
fold3_room13_mix002.csv,1836,1,3,50,-10,126
fold3_room13_mix002.csv,1837,1,3,50,-9,125
fold3_room13_mix002.csv,1838,1,3,51,-10,124
fold3_room13_mix002.csv,1839,1,3,51,-10,123
fold3_room13_mix002.csv,1840,1,3,52,-9,123
fold3_room13_mix002.csv,1841,1,3,52,-9,123
fold3_room13_mix002.csv,1842,1,3,52,-9,123
fold3_room13_mix002.csv,1843,1,3,51,-9,123
fold3_room13_mix002.csv,1844,1,3,51,-9,123
fold3_room13_mix002.csv,1845,1,3,51,-9,124
fold3_room13_mix002.csv,1846,1,3,50,-9,126
fold3_room13_mix002.csv,1847,1,3,50,-9,127
fold3_room13_mix002.csv,1848,1,3,50,-9,128
fold3_room13_mix002.csv,1849,1,3,50,-10,128
fold3_room13_mix002.csv,1850,1,3,50,-10,128
fold3_room13_mix002.csv,1851,1,3,50,-10,128
fold3_room13_mix002.csv,1852,1,3,50,-10,128
fold3_room13_mix002.csv,1853,1,3,50,-10,128
fold3_room13_mix002.csv,1854,1,3,50,-10,127
fold3_room13_mix002.csv,1855,1,3,50,-10,127
fold3_room13_mix002.csv,1856,1,3,50,-10,127
fold3_room13_mix002.csv,1857,1,3,50,-10,128
fold3_room13_mix002.csv,1862,1,3,50,-9,127
fold3_room13_mix002.csv,1880,1,3,52,-10,119
fold3_room13_mix002.csv,1881,1,3,53,-10,119
fold3_room13_mix002.csv,1882,1,3,53,-10,118
fold3_room13_mix002.csv,1883,1,3,52,-10,120
fold3_room13_mix002.csv,1884,1,3,51,-9,124
fold3_room13_mix002.csv,1948,1,3,52,-9,120
fold3_room13_mix002.csv,1949,1,3,52,-9,120
fold3_room13_mix002.csv,1950,1,3,51,-10,120
fold3_room13_mix002.csv,1951,1,3,51,-10,119
fold3_room13_mix002.csv,1952,1,3,51,-10,119
fold3_room13_mix002.csv,1953,1,3,52,-9,120
fold3_room13_mix002.csv,1954,1,3,52,-9,121
fold3_room13_mix002.csv,1955,1,3,51,-9,123
fold3_room13_mix002.csv,1956,1,3,51,-9,124
fold3_room13_mix002.csv,1957,1,3,51,-9,125
fold3_room13_mix002.csv,1958,1,3,51,-9,125
fold3_room13_mix002.csv,1959,1,3,51,-9,125
fold3_room13_mix002.csv,1960,1,3,51,-10,124
fold3_room13_mix002.csv,1961,1,3,51,-10,125
fold3_room13_mix002.csv,1962,1,3,51,-9,125
fold3_room13_mix002.csv,1963,1,3,51,-9,125
fold3_room13_mix002.csv,1964,1,3,50,-9,124
fold3_room13_mix002.csv,1965,1,3,50,-9,124
fold3_room13_mix002.csv,1966,1,3,51,-9,124
fold3_room13_mix002.csv,1967,1,3,51,-9,124
fold3_room13_mix002.csv,1968,1,3,51,-9,123
fold3_room13_mix002.csv,1969,1,3,51,-9,122
fold3_room13_mix002.csv,1970,1,3,51,-9,121
fold3_room13_mix002.csv,1971,1,3,51,-9,123
fold3_room13_mix002.csv,1972,1,3,51,-8,124
fold3_room13_mix002.csv,1973,1,3,51,-9,124
fold3_room13_mix002.csv,1974,1,3,51,-9,124
fold3_room13_mix002.csv,1975,1,3,51,-9,124
fold3_room13_mix002.csv,1976,1,3,51,-9,125
fold3_room13_mix002.csv,1977,1,3,51,-9,125
fold3_room13_mix002.csv,1978,1,3,51,-9,125
fold3_room13_mix002.csv,1979,1,3,51,-9,124
fold3_room13_mix002.csv,1980,1,3,51,-9,124
fold3_room13_mix002.csv,1981,1,3,51,-9,125
fold3_room13_mix002.csv,1982,1,3,51,-9,126
fold3_room13_mix002.csv,1983,1,3,51,-9,125
fold3_room13_mix002.csv,1984,1,3,51,-9,125
fold3_room13_mix002.csv,1985,1,3,51,-10,125
fold3_room13_mix002.csv,1986,1,3,51,-10,126
fold3_room13_mix002.csv,1987,1,3,51,-9,126
fold3_room13_mix002.csv,1988,1,3,50,-10,126
fold3_room13_mix002.csv,2151,1,3,52,-9,120
fold3_room13_mix002.csv,2152,1,3,52,-9,119
fold3_room13_mix002.csv,2153,1,3,52,-9,119
fold3_room13_mix002.csv,2154,1,3,52,-9,119
fold3_room13_mix002.csv,2155,1,3,52,-9,120
fold3_room13_mix002.csv,2156,1,3,51,-9,121
fold3_room13_mix002.csv,2157,1,3,51,-8,123
fold3_room13_mix002.csv,2158,1,3,52,-8,124
fold3_room13_mix002.csv,2159,1,3,52,-8,124
fold3_room13_mix002.csv,2160,1,3,51,-8,124
fold3_room13_mix002.csv,2161,1,3,51,-9,124
fold3_room13_mix002.csv,2162,1,3,51,-9,125
fold3_room13_mix002.csv,2163,1,3,51,-9,125
fold3_room13_mix002.csv,2164,1,3,50,-9,125
fold3_room13_mix002.csv,2165,1,3,50,-9,125
fold3_room13_mix002.csv,2166,1,3,50,-9,125
fold3_room13_mix002.csv,2167,1,3,50,-9,125
fold3_room13_mix002.csv,2168,1,3,50,-9,125
fold3_room13_mix002.csv,2169,1,3,50,-9,125
fold3_room13_mix002.csv,2170,1,3,50,-9,125
fold3_room13_mix002.csv,2171,1,3,50,-9,125
fold3_room13_mix002.csv,2172,1,3,50,-9,125
fold3_room13_mix002.csv,2173,1,3,50,-9,125
fold3_room13_mix002.csv,2174,1,3,50,-9,125
fold3_room13_mix002.csv,2175,1,3,50,-9,125
fold3_room13_mix002.csv,2176,1,3,50,-10,125
fold3_room13_mix002.csv,2177,1,3,50,-10,125
fold3_room13_mix002.csv,2178,1,3,50,-10,125
fold3_room13_mix002.csv,2179,1,3,50,-9,125
fold3_room13_mix002.csv,2180,1,3,50,-9,125
fold3_room13_mix002.csv,2181,1,3,50,-9,125
fold3_room13_mix002.csv,2182,1,3,50,-9,125
fold3_room13_mix002.csv,2183,1,3,50,-9,125
fold3_room13_mix002.csv,2184,1,3,50,-9,125
fold3_room13_mix002.csv,2185,1,3,50,-9,125
fold3_room13_mix002.csv,2186,1,3,50,-9,125
fold3_room13_mix002.csv,2187,1,3,50,-10,125
fold3_room13_mix002.csv,2212,1,3,51,-9,121
fold3_room13_mix002.csv,2213,1,3,51,-9,121
fold3_room13_mix002.csv,2214,1,3,51,-9,121
fold3_room13_mix002.csv,2215,1,3,51,-9,121
fold3_room13_mix002.csv,2216,1,3,51,-9,121
fold3_room13_mix002.csv,2217,1,3,51,-9,122
fold3_room13_mix002.csv,2218,1,3,51,-9,124
fold3_room13_mix002.csv,2219,1,3,50,-9,124
fold3_room13_mix002.csv,2220,1,3,50,-9,124
fold3_room13_mix002.csv,2221,1,3,50,-9,124
fold3_room13_mix002.csv,2222,1,3,50,-9,124
fold3_room13_mix002.csv,2223,1,3,50,-10,124
fold3_room13_mix002.csv,2224,1,3,50,-10,125
fold3_room13_mix002.csv,2225,1,3,50,-10,125
fold3_room13_mix002.csv,2226,1,3,50,-10,125
fold3_room13_mix002.csv,2227,1,3,50,-10,125
fold3_room13_mix002.csv,2228,1,3,50,-9,125
fold3_room13_mix002.csv,2229,1,3,50,-9,125
fold3_room13_mix002.csv,2230,1,3,50,-9,125
fold3_room13_mix002.csv,2231,1,3,50,-9,124
fold3_room13_mix002.csv,2232,1,3,50,-9,124
fold3_room13_mix002.csv,2233,1,3,50,-9,124
fold3_room13_mix002.csv,2234,1,3,50,-9,124
fold3_room13_mix002.csv,2235,1,3,50,-9,124
fold3_room13_mix002.csv,2236,1,3,50,-10,124
fold3_room13_mix002.csv,2237,1,3,50,-10,124
fold3_room13_mix002.csv,2238,1,3,50,-10,124
fold3_room13_mix002.csv,2239,1,3,50,-10,124
fold3_room13_mix002.csv,2240,1,3,50,-10,124
fold3_room13_mix002.csv,2241,1,3,50,-10,124
fold3_room13_mix002.csv,2242,1,3,50,-10,124
fold3_room13_mix002.csv,2243,1,3,50,-10,124
fold3_room13_mix002.csv,2244,1,3,50,-10,124
fold3_room13_mix002.csv,2245,1,3,50,-10,124
fold3_room13_mix002.csv,2246,1,3,50,-10,124
fold3_room13_mix002.csv,2247,1,3,50,-10,124
fold3_room13_mix002.csv,2248,1,3,50,-10,124
fold3_room13_mix002.csv,2249,1,3,50,-10,124
fold3_room13_mix002.csv,2255,1,3,50,-9,123
fold3_room13_mix002.csv,2256,1,3,50,-9,123
fold3_room13_mix002.csv,2257,1,3,50,-9,123
fold3_room13_mix002.csv,2258,1,3,50,-9,123
fold3_room13_mix002.csv,2259,1,3,50,-10,124
fold3_room13_mix002.csv,2260,1,3,50,-10,124
fold3_room13_mix002.csv,2261,1,3,50,-10,124
fold3_room13_mix002.csv,2262,1,3,50,-10,124
fold3_room13_mix002.csv,2263,1,3,50,-10,124
fold3_room13_mix002.csv,2264,1,3,50,-10,124
fold3_room13_mix002.csv,2265,1,3,50,-10,124
fold3_room13_mix002.csv,2266,1,3,50,-9,124
fold3_room13_mix002.csv,2396,1,3,53,-9,119
fold3_room13_mix002.csv,2397,1,3,53,-9,120
fold3_room13_mix002.csv,2722,1,3,53,-8,119
fold3_room13_mix002.csv,2723,1,3,53,-8,118
fold3_room13_mix002.csv,2724,1,3,54,-8,117
fold3_room13_mix002.csv,2725,1,3,54,-8,117
fold3_room13_mix002.csv,2726,1,3,54,-9,116
fold3_room13_mix002.csv,2727,1,3,54,-9,116
fold3_room13_mix002.csv,2728,1,3,54,-9,116
fold3_room13_mix002.csv,2729,1,3,54,-10,116
fold3_room13_mix002.csv,2730,1,3,54,-11,116
fold3_room13_mix002.csv,2731,1,3,54,-12,116
fold3_room13_mix002.csv,2732,1,3,54,-12,116
fold3_room13_mix002.csv,2733,1,3,53,-10,115
fold3_room13_mix002.csv,2734,1,3,54,-9,116
fold3_room13_mix002.csv,2735,1,3,54,-9,116
fold3_room13_mix002.csv,2736,1,3,54,-9,116
fold3_room13_mix002.csv,2737,1,3,54,-9,116
fold3_room13_mix002.csv,2738,1,3,54,-9,116
fold3_room13_mix002.csv,2739,1,3,54,-9,116
fold3_room13_mix002.csv,2740,1,3,54,-9,116
fold3_room13_mix002.csv,2741,1,3,54,-9,117
fold3_room13_mix002.csv,2742,1,3,53,-9,117
fold3_room13_mix002.csv,2743,1,3,53,-9,117
fold3_room13_mix002.csv,2744,1,3,53,-9,117
fold3_room13_mix002.csv,2781,1,3,53,-9,117
fold3_room13_mix002.csv,2782,1,3,53,-9,117
fold3_room13_mix002.csv,2783,1,3,53,-9,118
fold3_room13_mix002.csv,2784,1,3,53,-9,118
fold3_room13_mix002.csv,2785,1,3,53,-9,119
fold3_room13_mix002.csv,2786,1,3,52,-9,119
fold3_room13_mix002.csv,2787,1,3,52,-9,120
fold3_room13_mix002.csv,2788,1,3,51,-9,122
fold3_room13_mix002.csv,2789,1,3,51,-9,123
fold3_room13_mix003.csv,82,1,3,35,-4,252
fold3_room13_mix003.csv,83,1,3,35,-4,252
fold3_room13_mix003.csv,84,1,3,35,-4,252
fold3_room13_mix003.csv,85,1,3,35,-4,252
fold3_room13_mix003.csv,86,1,3,35,-4,252
fold3_room13_mix003.csv,87,1,3,35,-4,252
fold3_room13_mix003.csv,88,1,3,35,-4,252
fold3_room13_mix003.csv,89,1,3,35,-4,252
fold3_room13_mix003.csv,90,1,3,35,-4,252
fold3_room13_mix003.csv,91,1,3,35,-4,252
fold3_room13_mix003.csv,92,1,3,35,-4,252
fold3_room13_mix003.csv,93,1,3,35,-4,252
fold3_room13_mix003.csv,94,1,3,35,-4,252
fold3_room13_mix003.csv,95,1,3,36,-4,251
fold3_room13_mix003.csv,96,1,3,36,-4,251
fold3_room13_mix003.csv,97,1,3,36,-4,251
fold3_room13_mix003.csv,98,1,3,36,-4,251
fold3_room13_mix003.csv,99,1,3,36,-4,251
fold3_room13_mix003.csv,100,1,3,36,-4,251
fold3_room13_mix003.csv,101,1,3,36,-4,251
fold3_room13_mix003.csv,102,1,3,36,-4,251
fold3_room13_mix003.csv,103,1,3,36,-4,251
fold3_room13_mix003.csv,104,1,3,36,-4,251
fold3_room13_mix003.csv,109,1,3,35,-4,251
fold3_room13_mix003.csv,110,1,3,35,-4,251
fold3_room13_mix003.csv,111,1,3,35,-4,250
fold3_room13_mix003.csv,112,1,3,36,-4,250
fold3_room13_mix003.csv,113,1,3,36,-5,250
fold3_room13_mix003.csv,128,1,3,35,-4,251
fold3_room13_mix003.csv,129,1,3,35,-4,251
fold3_room13_mix003.csv,130,1,3,36,-5,251
fold3_room13_mix003.csv,131,1,3,36,-4,251
fold3_room13_mix003.csv,132,1,3,36,-5,250
fold3_room13_mix003.csv,133,1,3,36,-5,250
fold3_room13_mix003.csv,134,1,3,37,-5,249
fold3_room13_mix003.csv,135,1,3,37,-5,249
fold3_room13_mix003.csv,136,1,3,37,-5,248
fold3_room13_mix003.csv,137,1,3,36,-5,248
fold3_room13_mix003.csv,138,1,3,37,-5,248
fold3_room13_mix003.csv,139,1,3,36,-4,249
fold3_room13_mix003.csv,140,1,3,36,-4,249
fold3_room13_mix003.csv,141,1,3,36,-4,249
fold3_room13_mix003.csv,166,1,3,36,-4,250
fold3_room13_mix003.csv,167,1,3,36,-4,250
fold3_room13_mix003.csv,168,1,3,37,-4,250
fold3_room13_mix003.csv,169,1,3,36,-4,249
fold3_room13_mix003.csv,170,1,3,37,-4,249
fold3_room13_mix003.csv,171,1,3,36,-4,249
fold3_room13_mix003.csv,172,1,3,36,-4,249
fold3_room13_mix003.csv,184,1,3,35,-5,248
fold3_room13_mix003.csv,199,1,3,35,-4,249
fold3_room13_mix003.csv,200,1,3,35,-5,251
fold3_room13_mix003.csv,201,1,3,36,-4,250
fold3_room13_mix003.csv,202,1,3,36,-4,251
fold3_room13_mix003.csv,203,1,3,35,-4,251
fold3_room13_mix003.csv,204,1,3,36,-4,251
fold3_room13_mix003.csv,205,1,3,35,-4,250
fold3_room13_mix003.csv,232,1,3,34,-4,255
fold3_room13_mix003.csv,233,1,3,34,-4,253
fold3_room13_mix003.csv,234,1,3,34,-4,252
fold3_room13_mix003.csv,235,1,3,34,-4,249
fold3_room13_mix003.csv,236,1,3,33,-4,245
fold3_room13_mix003.csv,237,1,3,33,-4,242
fold3_room13_mix003.csv,238,1,3,32,-4,239
fold3_room13_mix003.csv,239,1,3,31,-4,237
fold3_room13_mix003.csv,240,1,3,31,-5,233
fold3_room13_mix003.csv,241,1,3,31,-5,231
fold3_room13_mix003.csv,242,1,3,31,-5,229
fold3_room13_mix003.csv,243,1,3,30,-5,227
fold3_room13_mix003.csv,244,1,3,29,-6,225
fold3_room13_mix003.csv,245,1,3,27,-7,222
fold3_room13_mix003.csv,246,1,3,26,-7,220
fold3_room13_mix003.csv,247,1,3,25,-6,217
fold3_room13_mix003.csv,248,1,3,25,-4,215
fold3_room13_mix003.csv,251,1,3,24,3,212
fold3_room13_mix003.csv,252,1,3,23,5,214
fold3_room13_mix003.csv,253,1,3,21,6,220
fold3_room13_mix003.csv,254,1,3,19,7,228
fold3_room13_mix003.csv,255,1,3,18,7,237
fold3_room13_mix003.csv,925,1,3,-40,4,379
fold3_room13_mix003.csv,926,1,3,-39,4,378
fold3_room13_mix003.csv,927,1,3,-39,4,375
fold3_room13_mix003.csv,928,1,3,-38,4,372
fold3_room13_mix003.csv,1036,1,3,30,-4,226
fold3_room13_mix003.csv,1037,1,3,31,-4,224
fold3_room13_mix003.csv,1038,1,3,32,-4,225
fold3_room13_mix003.csv,1039,1,3,31,-4,226
fold3_room13_mix003.csv,1040,1,3,31,-4,227
fold3_room13_mix003.csv,1041,1,3,31,-4,229
fold3_room13_mix003.csv,1042,1,3,31,-4,230
fold3_room13_mix003.csv,1043,1,3,30,-4,230
fold3_room13_mix003.csv,1044,1,3,31,-4,229
fold3_room13_mix003.csv,1045,1,3,31,-4,229
fold3_room13_mix003.csv,1046,1,3,31,-4,227
fold3_room13_mix003.csv,1047,1,3,31,-4,225
fold3_room13_mix003.csv,1048,1,3,32,-5,223
fold3_room13_mix003.csv,1092,1,3,33,-4,247
fold3_room13_mix003.csv,1093,1,3,33,-4,247
fold3_room13_mix003.csv,1094,1,3,33,-4,247
fold3_room13_mix003.csv,1095,1,3,33,-4,247
fold3_room13_mix003.csv,1096,1,3,33,-4,247
fold3_room13_mix003.csv,1097,1,3,33,-4,246
fold3_room13_mix003.csv,1098,1,3,33,-4,247
fold3_room13_mix003.csv,1099,1,3,33,-4,247
fold3_room13_mix003.csv,1100,1,3,33,-4,247
fold3_room13_mix003.csv,1101,1,3,33,-4,247
fold3_room13_mix003.csv,1193,1,3,33,-4,246
fold3_room13_mix003.csv,1194,1,3,33,-4,247
fold3_room13_mix003.csv,1195,1,3,33,-4,247
fold3_room13_mix003.csv,1196,1,3,33,-4,247
fold3_room13_mix003.csv,1447,1,3,33,-4,247
fold3_room13_mix003.csv,1448,1,3,33,-4,247
fold3_room13_mix003.csv,1449,1,3,33,-4,247
fold3_room13_mix003.csv,1450,1,3,33,-4,247
fold3_room13_mix003.csv,1451,1,3,33,-4,248
fold3_room13_mix003.csv,1452,1,3,33,-4,248
fold3_room13_mix003.csv,1453,1,3,33,-4,248
fold3_room13_mix003.csv,1454,1,3,33,-4,249
fold3_room13_mix003.csv,1455,1,3,33,-4,249
fold3_room13_mix003.csv,1456,1,3,33,-4,249
fold3_room13_mix003.csv,1457,1,3,33,-4,249
fold3_room13_mix003.csv,1458,1,3,33,-4,249
fold3_room13_mix003.csv,1459,1,3,33,-4,249
fold3_room13_mix003.csv,1460,1,3,33,-4,248
fold3_room13_mix003.csv,1461,1,3,33,-4,248
fold3_room13_mix003.csv,1462,1,3,33,-4,248
fold3_room13_mix003.csv,1463,1,3,33,-4,248
fold3_room13_mix003.csv,1464,1,3,33,-4,248
fold3_room13_mix003.csv,1465,1,3,33,-4,248
fold3_room13_mix003.csv,1466,1,3,33,-4,248
fold3_room13_mix003.csv,1467,1,3,33,-4,248
fold3_room13_mix003.csv,1468,1,3,33,-4,247
fold3_room13_mix003.csv,1469,1,3,33,-4,247
fold3_room13_mix003.csv,1470,1,3,33,-4,247
fold3_room13_mix003.csv,1471,1,3,33,-4,247
fold3_room13_mix003.csv,1472,1,3,33,-4,247
fold3_room13_mix003.csv,1473,1,3,33,-4,247
fold3_room13_mix003.csv,1474,1,3,33,-4,247
fold3_room13_mix003.csv,1475,1,3,33,-4,246
fold3_room13_mix003.csv,1476,1,3,33,-4,246
fold3_room13_mix003.csv,1477,1,3,33,-4,246
fold3_room13_mix003.csv,1478,1,3,33,-4,247
fold3_room13_mix003.csv,1479,1,3,34,-4,246
fold3_room13_mix003.csv,1480,1,3,34,-4,246
fold3_room13_mix003.csv,1481,1,3,34,-4,246
fold3_room13_mix003.csv,1482,1,3,34,-4,246
fold3_room13_mix003.csv,1483,1,3,34,-4,246
fold3_room13_mix003.csv,1484,1,3,34,-4,246
fold3_room13_mix003.csv,1649,1,3,33,-4,246
fold3_room13_mix003.csv,1650,1,3,33,-4,245
fold3_room13_mix003.csv,1651,1,3,34,-4,245
fold3_room13_mix003.csv,1652,1,3,34,-4,245
fold3_room13_mix003.csv,1653,1,3,34,-4,245
fold3_room13_mix003.csv,1654,1,3,34,-4,245
fold3_room13_mix003.csv,1655,1,3,34,-4,245
fold3_room13_mix003.csv,1656,1,3,34,-4,245
fold3_room13_mix003.csv,1657,1,3,34,-4,245
fold3_room13_mix003.csv,1658,1,3,34,-4,245
fold3_room13_mix003.csv,1659,1,3,33,-5,246
fold3_room13_mix003.csv,1660,1,3,33,-4,245
fold3_room13_mix003.csv,1661,1,3,33,-4,246
fold3_room13_mix003.csv,1662,1,3,33,-4,245
fold3_room13_mix003.csv,1663,1,3,33,-5,246
fold3_room13_mix003.csv,1664,1,3,33,-5,246
fold3_room13_mix003.csv,1665,1,3,33,-5,246
fold3_room13_mix003.csv,1666,1,3,33,-5,246
fold3_room13_mix003.csv,1667,1,3,33,-5,246
fold3_room13_mix003.csv,1668,1,3,33,-5,246
fold3_room13_mix003.csv,1805,1,3,33,-4,247
fold3_room13_mix003.csv,1806,1,3,33,-4,247
fold3_room13_mix003.csv,1807,1,3,33,-4,247
fold3_room13_mix003.csv,1808,1,3,33,-4,247
fold3_room13_mix003.csv,1809,1,3,33,-4,247
fold3_room13_mix003.csv,1810,1,3,33,-4,247
fold3_room13_mix003.csv,1811,1,3,33,-4,247
fold3_room13_mix003.csv,1812,1,3,33,-4,247
fold3_room13_mix003.csv,1813,1,3,33,-4,247
fold3_room13_mix003.csv,1814,1,3,33,-4,247
fold3_room13_mix003.csv,1815,1,3,33,-4,247
fold3_room13_mix003.csv,1816,1,3,33,-4,247
fold3_room13_mix003.csv,1817,1,3,33,-4,247
fold3_room13_mix003.csv,1818,1,3,34,-4,246
fold3_room13_mix003.csv,1819,1,3,34,-4,246
fold3_room13_mix003.csv,1820,1,3,34,-4,246
fold3_room13_mix003.csv,1821,1,3,34,-4,246
fold3_room13_mix003.csv,1822,1,3,34,-4,245
fold3_room13_mix003.csv,1823,1,3,34,-4,245
fold3_room13_mix003.csv,1824,1,3,34,-4,245
fold3_room13_mix003.csv,1825,1,3,34,-4,245
fold3_room13_mix003.csv,1826,1,3,34,-4,245
fold3_room13_mix003.csv,1827,1,3,34,-4,245
fold3_room13_mix003.csv,1828,1,3,34,-4,246
fold3_room13_mix003.csv,1829,1,3,34,-4,246
fold3_room13_mix003.csv,1830,1,3,34,-4,246
fold3_room13_mix003.csv,1831,1,3,34,-4,246
fold3_room13_mix003.csv,1832,1,3,34,-4,246
fold3_room13_mix003.csv,1833,1,3,34,-4,246
fold3_room13_mix003.csv,1834,1,3,34,-4,246
fold3_room13_mix003.csv,1835,1,3,34,-4,246
fold3_room13_mix003.csv,1836,1,3,34,-4,246
fold3_room13_mix003.csv,1837,1,3,34,-4,246
fold3_room13_mix003.csv,1838,1,3,34,-4,245
fold3_room13_mix003.csv,1839,1,3,34,-4,245
fold3_room13_mix003.csv,1840,1,3,34,-4,245
fold3_room13_mix003.csv,1841,1,3,34,-4,245
fold3_room13_mix003.csv,1842,1,3,34,-4,245
fold3_room13_mix003.csv,1843,1,3,34,-4,245
fold3_room13_mix003.csv,1844,1,3,34,-4,245
fold3_room13_mix003.csv,1845,1,3,34,-4,245
fold3_room13_mix003.csv,1846,1,3,34,-4,245
fold3_room13_mix003.csv,1847,1,3,34,-5,245
fold3_room13_mix003.csv,1848,1,3,34,-5,245
fold3_room13_mix003.csv,1849,1,3,34,-5,245
fold3_room13_mix003.csv,1850,1,3,34,-5,245
fold3_room13_mix003.csv,1851,1,3,34,-5,245
fold3_room13_mix003.csv,1852,1,3,34,-5,245
fold3_room13_mix003.csv,1853,1,3,34,-5,245
fold3_room13_mix003.csv,1854,1,3,34,-5,245
fold3_room13_mix003.csv,1855,1,3,34,-5,245
fold3_room13_mix003.csv,1856,1,3,34,-5,245
fold3_room13_mix003.csv,1857,1,3,34,-5,245
fold3_room13_mix003.csv,1858,1,3,34,-5,245
fold3_room13_mix003.csv,1859,1,3,34,-5,245
fold3_room13_mix003.csv,1860,1,3,34,-4,245
fold3_room13_mix003.csv,1861,1,3,34,-4,245
fold3_room13_mix003.csv,1862,1,3,34,-5,245
fold3_room13_mix003.csv,1863,1,3,34,-4,245
fold3_room13_mix003.csv,1864,1,3,34,-4,245
fold3_room13_mix003.csv,1865,1,3,34,-4,245
fold3_room13_mix003.csv,1866,1,3,34,-4,245
fold3_room13_mix003.csv,1867,1,3,34,-4,245
fold3_room13_mix003.csv,1868,1,3,34,-4,245
fold3_room13_mix003.csv,1869,1,3,34,-5,245
fold3_room13_mix003.csv,1870,1,3,34,-5,245
fold3_room13_mix003.csv,1871,1,3,34,-4,246
fold3_room13_mix003.csv,1872,1,3,34,-4,246
fold3_room13_mix003.csv,1873,1,3,34,-4,246
fold3_room13_mix003.csv,1874,1,3,34,-4,245
fold3_room13_mix003.csv,1875,1,3,34,-4,245
fold3_room13_mix003.csv,1876,1,3,34,-5,245
fold3_room13_mix003.csv,1877,1,3,34,-5,245
fold3_room13_mix003.csv,1891,1,3,33,-4,246
fold3_room13_mix003.csv,1906,1,3,33,-4,246
fold3_room13_mix003.csv,1907,1,3,33,-4,246
fold3_room13_mix003.csv,1908,1,3,33,-4,246
fold3_room13_mix003.csv,1909,1,3,33,-4,246
fold3_room13_mix003.csv,1910,1,3,33,-4,246
fold3_room13_mix003.csv,1911,1,3,33,-4,246
fold3_room13_mix003.csv,1912,1,3,34,-4,246
fold3_room13_mix003.csv,1913,1,3,34,-5,246
fold3_room13_mix003.csv,1914,1,3,34,-4,246
fold3_room13_mix003.csv,1915,1,3,34,-4,246
fold3_room13_mix003.csv,1916,1,3,34,-4,246
fold3_room13_mix003.csv,1917,1,3,34,-4,246
fold3_room13_mix003.csv,1918,1,3,34,-4,246
fold3_room13_mix003.csv,1919,1,3,34,-4,246
fold3_room13_mix003.csv,1920,1,3,34,-4,246
fold3_room13_mix003.csv,1921,1,3,33,-4,247
fold3_room13_mix003.csv,1922,1,3,33,-4,247
fold3_room13_mix003.csv,1923,1,3,33,-4,246
fold3_room13_mix003.csv,1924,1,3,34,-4,246
fold3_room13_mix003.csv,1925,1,3,34,-4,245
fold3_room13_mix003.csv,1926,1,3,34,-4,245
fold3_room13_mix003.csv,1927,1,3,34,-4,246
fold3_room13_mix003.csv,1928,1,3,34,-4,246
fold3_room13_mix003.csv,1929,1,3,34,-4,245
fold3_room13_mix003.csv,1930,1,3,34,-4,245
fold3_room13_mix003.csv,1931,1,3,34,-4,245
fold3_room13_mix003.csv,1932,1,3,34,-4,245
fold3_room13_mix003.csv,1933,1,3,34,-4,245
fold3_room13_mix003.csv,1934,1,3,34,-4,245
fold3_room13_mix003.csv,1935,1,3,34,-4,245
fold3_room13_mix003.csv,1936,1,3,34,-5,245
fold3_room13_mix003.csv,1937,1,3,34,-5,245
fold3_room13_mix003.csv,1938,1,3,35,-5,245
fold3_room13_mix003.csv,1939,1,3,35,-5,245
fold3_room13_mix003.csv,1940,1,3,34,-5,245
fold3_room13_mix003.csv,1993,1,3,33,-3,246
fold3_room13_mix004.csv,526,1,3,-40,2,355
fold3_room13_mix004.csv,527,1,3,-40,3,355
fold3_room13_mix004.csv,531,1,3,-37,3,345
fold3_room13_mix004.csv,532,1,3,-37,3,340
fold3_room13_mix004.csv,533,1,3,-36,3,333
fold3_room13_mix004.csv,534,1,3,-35,3,327
fold3_room13_mix004.csv,535,1,3,-34,4,322
fold3_room13_mix004.csv,536,1,3,-33,4,319
fold3_room13_mix004.csv,595,1,3,7,3,267
fold3_room13_mix004.csv,596,1,3,8,4,264
fold3_room13_mix004.csv,597,1,3,8,4,260
fold3_room13_mix004.csv,598,1,3,8,4,255
fold3_room13_mix004.csv,599,1,3,8,4,250
fold3_room13_mix004.csv,600,1,3,8,4,245
fold3_room13_mix004.csv,601,1,3,8,4,240
fold3_room13_mix004.csv,602,1,3,9,4,234
fold3_room13_mix004.csv,603,1,3,9,3,228
fold3_room13_mix004.csv,604,1,3,10,3,223
fold3_room13_mix004.csv,605,1,3,10,2,218
fold3_room13_mix004.csv,606,1,3,10,2,216
fold3_room13_mix004.csv,607,1,3,10,2,214
fold3_room13_mix004.csv,646,1,3,7,-6,218
fold3_room13_mix004.csv,647,1,3,6,-6,220
fold3_room13_mix004.csv,648,1,3,6,-6,223
fold3_room13_mix004.csv,649,1,3,5,-6,226
fold3_room13_mix004.csv,650,1,3,5,-5,229
fold3_room13_mix004.csv,776,1,3,2,-4,227
fold3_room13_mix004.csv,777,1,3,2,-4,227
fold3_room13_mix004.csv,778,1,3,1,-4,227
fold3_room13_mix004.csv,779,1,3,1,-4,226
fold3_room13_mix004.csv,780,1,3,1,-4,226
fold3_room13_mix004.csv,781,1,3,1,-4,225
fold3_room13_mix004.csv,782,1,3,0,-4,225
fold3_room13_mix004.csv,1092,1,3,2,-5,254
fold3_room13_mix004.csv,1093,1,3,2,-5,254
fold3_room13_mix004.csv,1094,1,3,2,-5,254
fold3_room13_mix004.csv,1095,1,3,3,-5,254
fold3_room13_mix004.csv,1096,1,3,3,-5,255
fold3_room13_mix004.csv,1097,1,3,3,-5,255
fold3_room13_mix004.csv,1098,1,3,3,-5,255
fold3_room13_mix004.csv,1099,1,3,3,-5,255
fold3_room13_mix004.csv,1100,1,3,3,-5,255
fold3_room13_mix004.csv,1101,1,3,3,-5,255
fold3_room13_mix004.csv,1102,1,3,3,-5,255
fold3_room13_mix004.csv,1103,1,3,3,-5,254
fold3_room13_mix004.csv,1104,1,3,3,-5,254
fold3_room13_mix004.csv,1105,1,3,3,-5,254
fold3_room13_mix004.csv,1106,1,3,3,-5,254
fold3_room13_mix004.csv,1107,1,3,3,-5,254
fold3_room13_mix004.csv,1108,1,3,3,-5,254
fold3_room13_mix004.csv,1109,1,3,3,-5,254
fold3_room13_mix004.csv,1110,1,3,3,-5,254
fold3_room13_mix004.csv,1111,1,3,2,-5,254
fold3_room13_mix004.csv,1112,1,3,2,-5,254
fold3_room13_mix004.csv,1154,1,3,3,-5,254
fold3_room13_mix004.csv,1155,1,3,3,-5,254
fold3_room13_mix004.csv,1156,1,3,3,-5,254
fold3_room13_mix004.csv,1157,1,3,3,-5,254
fold3_room13_mix004.csv,1158,1,3,3,-5,253
fold3_room13_mix004.csv,1159,1,3,3,-5,253
fold3_room13_mix004.csv,1160,1,3,3,-5,253
fold3_room13_mix004.csv,1161,1,3,2,-5,253
fold3_room13_mix004.csv,1162,1,3,2,-5,254
fold3_room13_mix004.csv,1163,1,3,2,-5,254
fold3_room13_mix004.csv,1164,1,3,2,-5,253
fold3_room13_mix004.csv,1165,1,3,2,-5,253
fold3_room13_mix004.csv,1166,1,3,2,-5,252
fold3_room13_mix004.csv,1167,1,3,2,-5,253
fold3_room13_mix004.csv,1168,1,3,2,-5,254
fold3_room13_mix004.csv,1169,1,3,2,-5,254
fold3_room13_mix004.csv,1170,1,3,3,-5,255
fold3_room13_mix004.csv,1171,1,3,3,-5,255
fold3_room13_mix004.csv,1172,1,3,3,-5,255
fold3_room13_mix004.csv,1173,1,3,3,-5,255
fold3_room13_mix004.csv,1174,1,3,3,-5,255
fold3_room13_mix004.csv,1175,1,3,3,-5,255
fold3_room13_mix004.csv,1176,1,3,3,-5,255
fold3_room13_mix004.csv,1177,1,3,3,-5,254
fold3_room13_mix004.csv,1178,1,3,3,-5,254
fold3_room13_mix004.csv,1179,1,3,3,-5,254
fold3_room13_mix004.csv,1180,1,3,3,-5,253
fold3_room13_mix004.csv,1181,1,3,2,-5,253
fold3_room13_mix004.csv,1182,1,3,2,-5,253
fold3_room13_mix004.csv,1183,1,3,2,-5,253
fold3_room13_mix004.csv,1197,1,3,2,-5,253
fold3_room13_mix004.csv,1198,1,3,2,-5,253
fold3_room13_mix004.csv,1199,1,3,2,-5,253
fold3_room13_mix004.csv,1200,1,3,2,-5,253
fold3_room13_mix004.csv,1201,1,3,2,-5,253
fold3_room13_mix004.csv,1202,1,3,2,-5,254
fold3_room13_mix004.csv,1203,1,3,2,-5,254
fold3_room13_mix004.csv,1204,1,3,2,-5,254
fold3_room13_mix004.csv,1205,1,3,2,-5,254
fold3_room13_mix004.csv,1206,1,3,2,-5,254
fold3_room13_mix004.csv,1207,1,3,2,-5,254
fold3_room13_mix004.csv,1208,1,3,2,-5,254
fold3_room13_mix004.csv,1209,1,3,2,-5,254
fold3_room13_mix004.csv,1210,1,3,2,-5,253
fold3_room13_mix004.csv,1211,1,3,2,-5,253
fold3_room13_mix004.csv,1212,1,3,2,-5,253
fold3_room13_mix004.csv,1213,1,3,2,-5,253
fold3_room13_mix004.csv,1214,1,3,2,-5,254
fold3_room13_mix004.csv,1215,1,3,3,-5,254
fold3_room13_mix004.csv,1216,1,3,3,-4,255
fold3_room13_mix004.csv,1217,1,3,3,-4,254
fold3_room13_mix004.csv,1218,1,3,2,-4,254
fold3_room13_mix004.csv,1219,1,3,2,-4,254
fold3_room13_mix004.csv,1220,1,3,2,-5,254
fold3_room13_mix004.csv,1221,1,3,2,-5,254
fold3_room13_mix004.csv,1222,1,3,2,-5,254
fold3_room13_mix004.csv,1223,1,3,2,-5,254
fold3_room13_mix004.csv,1224,1,3,2,-5,254
fold3_room13_mix004.csv,1225,1,3,2,-5,254
fold3_room13_mix004.csv,1226,1,3,2,-5,254
fold3_room13_mix004.csv,1309,1,3,2,-5,254
fold3_room13_mix004.csv,1310,1,3,2,-5,254
fold3_room13_mix004.csv,1311,1,3,2,-5,253
fold3_room13_mix004.csv,1312,1,3,2,-5,253
fold3_room13_mix004.csv,1313,1,3,2,-5,254
fold3_room13_mix004.csv,1314,1,3,2,-5,254
fold3_room13_mix004.csv,1315,1,3,2,-5,254
fold3_room13_mix004.csv,1316,1,3,2,-5,254
fold3_room13_mix004.csv,1317,1,3,2,-5,253
fold3_room13_mix004.csv,1318,1,3,2,-5,253
fold3_room13_mix004.csv,1319,1,3,2,-5,254
fold3_room13_mix004.csv,1320,1,3,2,-5,254
fold3_room13_mix004.csv,1371,1,3,2,-5,254
fold3_room13_mix004.csv,1372,1,3,2,-5,254
fold3_room13_mix004.csv,1373,1,3,2,-5,254
fold3_room13_mix004.csv,1374,1,3,2,-5,254
fold3_room13_mix004.csv,1375,1,3,2,-5,254
fold3_room13_mix004.csv,1376,1,3,2,-5,255
fold3_room13_mix004.csv,1377,1,3,3,-5,254
fold3_room13_mix004.csv,1378,1,3,2,-5,255
fold3_room13_mix004.csv,1379,1,3,2,-5,256
fold3_room13_mix004.csv,1380,1,3,2,-5,255
fold3_room13_mix004.csv,1381,1,3,3,-4,255
fold3_room13_mix004.csv,1382,1,3,3,-5,255
fold3_room13_mix004.csv,1383,1,3,3,-5,255
fold3_room13_mix004.csv,1384,1,3,3,-5,254
fold3_room13_mix004.csv,1385,1,3,3,-5,254
fold3_room13_mix004.csv,1386,1,3,3,-5,254
fold3_room13_mix004.csv,1387,1,3,3,-5,253
fold3_room13_mix004.csv,1388,1,3,3,-5,253
fold3_room13_mix004.csv,1389,1,3,3,-5,253
fold3_room13_mix004.csv,1390,1,3,3,-5,254
fold3_room13_mix004.csv,1391,1,3,3,-5,254
fold3_room13_mix004.csv,1392,1,3,3,-5,254
fold3_room13_mix004.csv,1393,1,3,3,-5,254
fold3_room13_mix004.csv,1394,1,3,3,-5,254
fold3_room13_mix004.csv,1395,1,3,3,-5,254
fold3_room13_mix004.csv,1396,1,3,3,-5,254
fold3_room13_mix004.csv,1397,1,3,3,-5,254
fold3_room13_mix004.csv,1398,1,3,3,-5,254
fold3_room13_mix004.csv,1399,1,3,3,-5,253
fold3_room13_mix004.csv,1400,1,3,3,-5,253
fold3_room13_mix004.csv,1401,1,3,3,-5,253
fold3_room13_mix004.csv,1402,1,3,3,-5,253
fold3_room13_mix004.csv,1403,1,3,2,-5,253
fold3_room13_mix004.csv,1404,1,3,2,-5,253
fold3_room13_mix004.csv,1405,1,3,2,-5,253
fold3_room13_mix004.csv,1406,1,3,2,-5,254
fold3_room13_mix004.csv,1407,1,3,3,-5,254
fold3_room13_mix004.csv,1408,1,3,3,-5,254
fold3_room13_mix004.csv,1409,1,3,3,-5,254
fold3_room13_mix004.csv,1410,1,3,3,-5,254
fold3_room13_mix004.csv,1411,1,3,3,-5,254
fold3_room13_mix004.csv,1412,1,3,3,-5,254
fold3_room13_mix004.csv,1413,1,3,3,-5,254
fold3_room13_mix004.csv,1414,1,3,3,-5,254
fold3_room13_mix004.csv,1415,1,3,3,-5,254
fold3_room13_mix004.csv,1416,1,3,3,-5,254
fold3_room13_mix004.csv,1417,1,3,3,-5,254
fold3_room13_mix004.csv,1418,1,3,3,-5,254
fold3_room13_mix004.csv,1419,1,3,2,-5,254
fold3_room13_mix004.csv,1420,1,3,2,-5,254
fold3_room13_mix004.csv,1421,1,3,2,-5,254
fold3_room13_mix004.csv,1422,1,3,2,-5,253
fold3_room13_mix004.csv,1423,1,3,3,-5,254
fold3_room13_mix004.csv,1424,1,3,3,-5,254
fold3_room13_mix004.csv,1425,1,3,3,-5,254
fold3_room13_mix004.csv,1426,1,3,3,-5,253
fold3_room13_mix004.csv,1427,1,3,2,-5,253
fold3_room13_mix004.csv,1428,1,3,2,-5,254
fold3_room13_mix004.csv,1429,1,3,2,-5,254
fold3_room13_mix004.csv,1430,1,3,2,-5,254
fold3_room13_mix004.csv,1431,1,3,2,-5,254
fold3_room13_mix004.csv,1491,1,3,2,-5,254
fold3_room13_mix004.csv,1492,1,3,2,-5,254
fold3_room13_mix004.csv,1493,1,3,2,-5,253
fold3_room13_mix004.csv,1494,1,3,2,-5,253
fold3_room13_mix004.csv,1495,1,3,3,-5,254
fold3_room13_mix004.csv,1496,1,3,3,-5,255
fold3_room13_mix004.csv,1497,1,3,3,-4,255
fold3_room13_mix004.csv,1498,1,3,3,-4,255
fold3_room13_mix004.csv,1499,1,3,3,-4,255
fold3_room13_mix004.csv,1500,1,3,3,-5,255
fold3_room13_mix004.csv,1501,1,3,3,-5,255
fold3_room13_mix004.csv,1502,1,3,3,-5,254
fold3_room13_mix004.csv,1503,1,3,3,-4,254
fold3_room13_mix004.csv,1504,1,3,3,-4,253
fold3_room13_mix004.csv,1505,1,3,3,-5,253
fold3_room13_mix004.csv,1506,1,3,3,-5,253
fold3_room13_mix004.csv,1507,1,3,3,-5,252
fold3_room13_mix004.csv,1508,1,3,3,-5,253
fold3_room13_mix006.csv,28,1,1,7,3,281
fold3_room13_mix006.csv,29,1,1,7,3,281
fold3_room13_mix006.csv,30,1,1,7,3,281
fold3_room13_mix006.csv,31,1,1,7,3,281
fold3_room13_mix006.csv,32,1,1,7,3,281
fold3_room13_mix006.csv,33,1,1,7,3,282
fold3_room13_mix006.csv,34,1,1,7,3,283
fold3_room13_mix006.csv,35,1,1,7,3,284
fold3_room13_mix006.csv,36,1,1,7,3,284
fold3_room13_mix006.csv,37,1,1,7,3,284
fold3_room13_mix006.csv,38,1,1,7,3,285
fold3_room13_mix006.csv,39,1,1,7,3,285
fold3_room13_mix006.csv,40,1,1,7,3,286
fold3_room13_mix006.csv,41,1,1,7,3,286
fold3_room13_mix006.csv,42,1,1,6,3,287
fold3_room13_mix006.csv,43,1,1,6,3,288
fold3_room13_mix006.csv,64,1,1,-4,3,268
fold3_room13_mix006.csv,65,1,1,-4,3,269
fold3_room13_mix006.csv,87,1,1,2,3,275
fold3_room13_mix006.csv,88,1,1,2,3,274
fold3_room13_mix006.csv,89,1,1,2,3,273
fold3_room13_mix006.csv,90,1,1,2,3,272
fold3_room13_mix006.csv,91,1,1,2,3,270
fold3_room13_mix006.csv,92,1,1,2,3,270
fold3_room13_mix006.csv,93,1,1,3,3,270
fold3_room13_mix006.csv,94,1,1,4,3,270
fold3_room13_mix006.csv,95,1,1,5,3,270
fold3_room13_mix006.csv,96,1,1,5,3,270
fold3_room13_mix006.csv,97,1,1,5,3,270
fold3_room13_mix006.csv,98,1,1,6,3,271
fold3_room13_mix006.csv,99,1,1,7,3,272
fold3_room13_mix006.csv,100,1,1,7,3,272
fold3_room13_mix006.csv,101,1,1,7,3,272
fold3_room13_mix006.csv,102,1,1,8,3,273
fold3_room13_mix006.csv,103,1,1,8,2,274
fold3_room13_mix006.csv,104,1,1,8,3,275
fold3_room13_mix006.csv,105,1,1,8,3,275
fold3_room13_mix006.csv,106,1,1,8,3,276
fold3_room13_mix006.csv,107,1,1,7,3,275
fold3_room13_mix006.csv,108,1,1,7,3,275
fold3_room13_mix006.csv,109,1,1,7,3,275
fold3_room13_mix006.csv,110,1,1,7,3,275
fold3_room13_mix006.csv,111,1,1,7,3,275
fold3_room13_mix006.csv,112,1,1,7,3,274
fold3_room13_mix006.csv,113,1,1,6,3,274
fold3_room13_mix006.csv,114,1,1,6,2,274
fold3_room13_mix006.csv,115,1,1,5,2,274
fold3_room13_mix006.csv,116,1,1,4,2,273
fold3_room13_mix006.csv,117,1,1,3,3,272
fold3_room13_mix006.csv,214,1,1,2,3,278
fold3_room13_mix006.csv,215,1,1,1,3,278
fold3_room13_mix006.csv,216,1,1,1,3,278
fold3_room13_mix006.csv,217,1,1,0,3,278
fold3_room13_mix006.csv,218,1,1,-1,3,276
fold3_room13_mix006.csv,219,1,1,-1,3,274
fold3_room13_mix006.csv,220,1,1,-1,3,272
fold3_room13_mix006.csv,221,1,1,-2,3,268
fold3_room13_mix006.csv,222,1,1,-2,3,264
fold3_room13_mix006.csv,223,1,1,-2,3,263
fold3_room13_mix006.csv,224,1,1,-3,3,263
fold3_room13_mix006.csv,225,1,1,-4,3,264
fold3_room13_mix006.csv,226,1,1,-5,3,267
fold3_room13_mix006.csv,227,1,1,-6,2,271
fold3_room13_mix006.csv,228,1,1,-7,2,276
fold3_room13_mix006.csv,229,1,1,-8,2,280
fold3_room13_mix006.csv,230,1,1,-8,3,282
fold3_room13_mix006.csv,231,1,1,-9,3,283
fold3_room13_mix006.csv,232,1,1,-9,3,284
fold3_room13_mix006.csv,233,1,1,-9,3,283
fold3_room13_mix006.csv,234,1,1,-8,3,281
fold3_room13_mix006.csv,235,1,1,-7,3,278
fold3_room13_mix006.csv,236,1,1,-7,3,278
fold3_room13_mix006.csv,246,1,1,1,3,282
fold3_room13_mix006.csv,247,1,1,2,3,283
fold3_room13_mix006.csv,248,1,1,2,3,286
fold3_room13_mix006.csv,249,1,1,3,3,284
fold3_room13_mix006.csv,250,1,1,3,3,280
fold3_room13_mix006.csv,251,1,1,3,3,277
fold3_room13_mix006.csv,252,1,1,3,3,274
fold3_room13_mix006.csv,253,1,1,3,3,271
fold3_room13_mix006.csv,254,1,1,4,3,269
fold3_room13_mix006.csv,255,1,1,4,3,268
fold3_room13_mix006.csv,256,1,1,5,3,268
fold3_room13_mix006.csv,257,1,1,6,3,269
fold3_room13_mix006.csv,258,1,1,7,3,271
fold3_room13_mix006.csv,259,1,1,8,3,273
fold3_room13_mix006.csv,260,1,1,8,3,275
fold3_room13_mix006.csv,261,1,1,9,3,276
fold3_room13_mix006.csv,262,1,1,9,3,277
fold3_room13_mix006.csv,263,1,1,10,3,278
fold3_room13_mix006.csv,264,1,1,10,3,279
fold3_room13_mix006.csv,265,1,1,10,3,279
fold3_room13_mix006.csv,266,1,1,10,3,279
fold3_room13_mix006.csv,267,1,1,10,3,280
fold3_room13_mix006.csv,268,1,1,10,3,279
fold3_room13_mix006.csv,269,1,1,10,3,279
fold3_room13_mix006.csv,270,1,1,10,3,279
fold3_room13_mix006.csv,271,1,1,10,3,279
fold3_room13_mix006.csv,272,1,1,10,3,279
fold3_room13_mix006.csv,273,1,1,10,3,278
fold3_room13_mix006.csv,274,1,1,10,3,278
fold3_room13_mix006.csv,275,1,1,9,3,278
fold3_room13_mix006.csv,276,1,1,10,3,278
fold3_room13_mix006.csv,277,1,1,10,3,278
fold3_room13_mix006.csv,278,1,1,10,3,278
fold3_room13_mix006.csv,279,1,1,10,3,278
fold3_room13_mix006.csv,280,1,1,10,3,278
fold3_room13_mix006.csv,281,1,1,9,3,278
fold3_room13_mix006.csv,282,1,1,9,3,278
fold3_room13_mix006.csv,283,1,1,9,3,278
fold3_room13_mix006.csv,295,1,1,9,3,276
fold3_room13_mix006.csv,296,1,1,9,3,276
fold3_room13_mix006.csv,297,1,1,9,3,276
fold3_room13_mix006.csv,298,1,1,9,3,276
fold3_room13_mix006.csv,299,1,1,9,3,276
fold3_room13_mix006.csv,300,1,1,9,3,276
fold3_room13_mix006.csv,301,1,1,9,3,276
fold3_room13_mix006.csv,302,1,1,9,3,276
fold3_room13_mix006.csv,303,1,1,9,3,276
fold3_room13_mix006.csv,304,1,1,9,3,276
fold3_room13_mix006.csv,305,1,1,9,3,276
fold3_room13_mix006.csv,306,1,1,9,3,275
fold3_room13_mix006.csv,307,1,1,8,3,275
fold3_room13_mix006.csv,308,1,1,8,3,275
fold3_room13_mix006.csv,309,1,1,8,3,275
fold3_room13_mix006.csv,310,1,1,8,3,275
fold3_room13_mix006.csv,311,1,1,8,3,275
fold3_room13_mix006.csv,312,1,1,7,3,275
fold3_room13_mix006.csv,313,1,1,7,3,275
fold3_room13_mix006.csv,314,1,1,7,3,275
fold3_room13_mix006.csv,315,1,1,7,3,275
fold3_room13_mix006.csv,316,1,1,7,3,275
fold3_room13_mix006.csv,317,1,1,7,3,275
fold3_room13_mix006.csv,318,1,1,7,3,275
fold3_room13_mix006.csv,319,1,1,7,3,276
fold3_room13_mix006.csv,320,1,1,8,3,275
fold3_room13_mix006.csv,321,1,1,8,3,275
fold3_room13_mix006.csv,322,1,1,8,3,276
fold3_room13_mix006.csv,323,1,1,8,3,276
fold3_room13_mix006.csv,324,1,1,8,3,276
fold3_room13_mix006.csv,325,1,1,8,3,276
fold3_room13_mix006.csv,326,1,1,8,3,276
fold3_room13_mix006.csv,327,1,1,8,3,276
fold3_room13_mix006.csv,328,1,1,7,3,276
fold3_room13_mix006.csv,329,1,1,7,3,276
fold3_room13_mix006.csv,330,1,1,7,3,276
fold3_room13_mix006.csv,331,1,1,7,2,276
fold3_room13_mix006.csv,332,1,1,7,3,276
fold3_room13_mix006.csv,333,1,1,7,3,275
fold3_room13_mix006.csv,334,1,1,7,3,276
fold3_room13_mix006.csv,335,1,1,7,3,276
fold3_room13_mix006.csv,336,1,1,7,3,277
fold3_room13_mix006.csv,337,1,1,7,3,277
fold3_room13_mix006.csv,338,1,1,7,3,278
fold3_room13_mix006.csv,339,1,1,8,3,278
fold3_room13_mix006.csv,340,1,1,8,3,278
fold3_room13_mix006.csv,341,1,1,8,3,278
fold3_room13_mix006.csv,342,1,1,8,2,278
fold3_room13_mix006.csv,343,1,1,8,2,277
fold3_room13_mix006.csv,344,1,1,8,2,276
fold3_room13_mix006.csv,345,1,1,8,2,275
fold3_room13_mix006.csv,346,1,1,8,2,275
fold3_room13_mix006.csv,347,1,1,9,2,275
fold3_room13_mix006.csv,348,1,1,9,2,275
fold3_room13_mix006.csv,349,1,1,9,2,275
fold3_room13_mix006.csv,350,1,1,9,2,275
fold3_room13_mix006.csv,351,1,1,9,2,276
fold3_room13_mix006.csv,352,1,1,9,2,276
fold3_room13_mix006.csv,353,1,1,9,2,276
fold3_room13_mix006.csv,354,1,1,9,2,277
fold3_room13_mix006.csv,355,1,1,8,3,276
fold3_room13_mix006.csv,356,1,1,8,3,276
fold3_room13_mix006.csv,357,1,1,8,3,276
fold3_room13_mix006.csv,358,1,1,8,3,276
fold3_room13_mix006.csv,359,1,1,8,3,276
fold3_room13_mix006.csv,360,1,1,8,3,276
fold3_room13_mix006.csv,361,1,1,8,3,277
fold3_room13_mix006.csv,362,1,1,8,3,277
fold3_room13_mix006.csv,363,1,1,8,3,277
fold3_room13_mix006.csv,364,1,1,8,3,277
fold3_room13_mix006.csv,365,1,1,8,3,276
fold3_room13_mix006.csv,366,1,1,8,3,277
fold3_room13_mix006.csv,367,1,1,8,3,277
fold3_room13_mix006.csv,368,1,1,8,3,278
fold3_room13_mix006.csv,369,1,1,8,3,277
fold3_room13_mix006.csv,370,1,1,8,3,277
fold3_room13_mix006.csv,371,1,1,8,3,276
fold3_room13_mix006.csv,372,1,1,8,3,276
fold3_room13_mix006.csv,373,1,1,7,3,277
fold3_room13_mix006.csv,374,1,1,7,3,277
fold3_room13_mix006.csv,375,1,1,7,3,276
fold3_room13_mix006.csv,376,1,1,7,3,276
fold3_room13_mix006.csv,377,1,1,8,3,277
fold3_room13_mix006.csv,378,1,1,7,3,277
fold3_room13_mix006.csv,379,1,1,7,3,277
fold3_room13_mix006.csv,380,1,1,7,3,277
fold3_room13_mix006.csv,381,1,1,6,3,277
fold3_room13_mix006.csv,382,1,1,6,3,277
fold3_room13_mix006.csv,383,1,1,6,3,276
fold3_room13_mix006.csv,384,1,1,6,3,276
fold3_room13_mix006.csv,385,1,1,7,3,275
fold3_room13_mix006.csv,386,1,1,7,3,274
fold3_room13_mix006.csv,387,1,1,7,3,274
fold3_room13_mix006.csv,388,1,1,8,3,274
fold3_room13_mix006.csv,396,1,1,7,3,272
fold3_room13_mix006.csv,397,1,1,6,3,272
fold3_room13_mix006.csv,448,1,1,8,3,272
fold3_room13_mix006.csv,449,1,1,8,3,272
fold3_room13_mix006.csv,450,1,1,8,3,272
fold3_room13_mix006.csv,451,1,1,8,3,272
fold3_room13_mix006.csv,452,1,1,8,3,272
fold3_room13_mix006.csv,453,1,1,8,3,272
fold3_room13_mix006.csv,454,1,1,8,3,272
fold3_room13_mix006.csv,455,1,1,8,3,272
fold3_room13_mix006.csv,456,1,1,8,3,273
fold3_room13_mix006.csv,457,1,1,8,3,273
fold3_room13_mix006.csv,458,1,1,8,3,273
fold3_room13_mix006.csv,459,1,1,8,3,273
fold3_room13_mix006.csv,460,1,1,8,3,273
fold3_room13_mix006.csv,461,1,1,8,3,273
fold3_room13_mix006.csv,462,1,1,8,3,273
fold3_room13_mix006.csv,463,1,1,8,3,272
fold3_room13_mix006.csv,464,1,1,8,3,272
fold3_room13_mix006.csv,465,1,1,8,3,272
fold3_room13_mix006.csv,466,1,1,8,3,272
fold3_room13_mix006.csv,467,1,1,8,3,271
fold3_room13_mix006.csv,468,1,1,8,3,271
fold3_room13_mix006.csv,469,1,1,8,3,271
fold3_room13_mix006.csv,470,1,1,8,3,271
fold3_room13_mix006.csv,471,1,1,9,3,271
fold3_room13_mix006.csv,472,1,1,9,3,272
fold3_room13_mix006.csv,473,1,1,9,3,272
fold3_room13_mix006.csv,474,1,1,9,3,272
fold3_room13_mix006.csv,475,1,1,9,3,272
fold3_room13_mix006.csv,476,1,1,9,3,272
fold3_room13_mix006.csv,477,1,1,9,3,272
fold3_room13_mix006.csv,478,1,1,9,3,272
fold3_room13_mix006.csv,479,1,1,9,3,272
fold3_room13_mix006.csv,480,1,1,9,3,272
fold3_room13_mix006.csv,481,1,1,9,3,272
fold3_room13_mix006.csv,482,1,1,9,3,272
fold3_room13_mix006.csv,483,1,1,8,3,272
fold3_room13_mix006.csv,484,1,1,8,3,272
fold3_room13_mix006.csv,485,1,1,8,3,271
fold3_room13_mix006.csv,486,1,1,8,3,271
fold3_room13_mix006.csv,487,1,1,8,3,271
fold3_room13_mix006.csv,488,1,1,8,3,272
fold3_room13_mix006.csv,489,1,1,8,3,272
fold3_room13_mix006.csv,502,1,1,8,3,271
fold3_room13_mix006.csv,503,1,1,9,3,272
fold3_room13_mix006.csv,504,1,1,9,3,271
fold3_room13_mix006.csv,505,1,1,9,3,272
fold3_room13_mix006.csv,506,1,1,9,3,272
fold3_room13_mix006.csv,507,1,1,9,3,272
fold3_room13_mix006.csv,508,1,1,9,3,271
fold3_room13_mix006.csv,509,1,1,9,3,271
fold3_room13_mix006.csv,510,1,1,8,3,271
fold3_room13_mix006.csv,511,1,1,8,3,271
fold3_room13_mix006.csv,512,1,1,8,3,272
fold3_room13_mix006.csv,513,1,1,8,3,272
fold3_room13_mix006.csv,514,1,1,8,3,271
fold3_room13_mix006.csv,515,1,1,8,3,271
fold3_room13_mix006.csv,516,1,1,8,3,271
fold3_room13_mix006.csv,517,1,1,8,3,271
fold3_room13_mix006.csv,518,1,1,8,3,271
fold3_room13_mix006.csv,519,1,1,8,3,271
fold3_room13_mix006.csv,520,1,1,8,3,272
fold3_room13_mix006.csv,521,1,1,8,3,272
fold3_room13_mix006.csv,522,1,1,8,3,272
fold3_room13_mix006.csv,523,1,1,9,3,274
fold3_room13_mix006.csv,524,1,1,8,3,274
fold3_room13_mix006.csv,525,1,1,9,3,275
fold3_room13_mix006.csv,526,1,1,9,3,275
fold3_room13_mix006.csv,527,1,1,9,3,276
fold3_room13_mix006.csv,528,1,1,8,3,276
fold3_room13_mix006.csv,529,1,1,8,3,275
fold3_room13_mix006.csv,530,1,1,8,3,274
fold3_room13_mix006.csv,531,1,1,8,3,274
fold3_room13_mix006.csv,532,1,1,8,3,274
fold3_room13_mix006.csv,533,1,1,8,3,274
fold3_room13_mix006.csv,534,1,1,8,3,274
fold3_room13_mix006.csv,535,1,1,8,3,274
fold3_room13_mix006.csv,536,1,1,8,3,274
fold3_room13_mix006.csv,537,1,1,8,3,274
fold3_room13_mix006.csv,538,1,1,8,3,274
fold3_room13_mix006.csv,539,1,1,8,3,274
fold3_room13_mix006.csv,540,1,1,8,3,274
fold3_room13_mix006.csv,541,1,1,8,3,274
fold3_room13_mix006.csv,542,1,1,8,3,274
fold3_room13_mix006.csv,543,1,1,8,3,274
fold3_room13_mix006.csv,544,1,1,8,3,275
fold3_room13_mix006.csv,545,1,1,8,3,274
fold3_room13_mix006.csv,546,1,1,8,3,274
fold3_room13_mix006.csv,547,1,1,8,3,274
fold3_room13_mix006.csv,548,1,1,8,3,274
fold3_room13_mix006.csv,549,1,1,8,3,273
fold3_room13_mix006.csv,550,1,1,8,3,273
fold3_room13_mix006.csv,551,1,1,8,3,272
fold3_room13_mix006.csv,552,1,1,8,3,272
fold3_room13_mix006.csv,553,1,1,8,3,272
fold3_room13_mix006.csv,554,1,1,8,3,272
fold3_room13_mix006.csv,564,1,1,8,3,272
fold3_room13_mix006.csv,565,1,1,8,3,272
fold3_room13_mix006.csv,566,1,1,8,3,273
fold3_room13_mix006.csv,567,1,1,8,3,273
fold3_room13_mix006.csv,568,1,1,8,3,273
fold3_room13_mix006.csv,569,1,1,8,3,273
fold3_room13_mix006.csv,570,1,1,8,3,272
fold3_room13_mix006.csv,571,1,1,8,3,272
fold3_room13_mix006.csv,572,1,1,8,3,272
fold3_room13_mix006.csv,573,1,1,8,3,272
fold3_room13_mix006.csv,574,1,1,8,3,273
fold3_room13_mix006.csv,575,1,1,8,3,273
fold3_room13_mix006.csv,576,1,1,9,3,273
fold3_room13_mix006.csv,577,1,1,8,3,272
fold3_room13_mix006.csv,578,1,1,8,3,272
fold3_room13_mix006.csv,579,1,1,8,3,273
fold3_room13_mix006.csv,580,1,1,8,3,273
fold3_room13_mix006.csv,581,1,1,8,3,273
fold3_room13_mix006.csv,582,1,1,8,3,273
fold3_room13_mix006.csv,608,1,1,8,3,273
fold3_room13_mix006.csv,609,1,1,8,3,274
fold3_room13_mix006.csv,610,1,1,8,3,274
fold3_room13_mix006.csv,611,1,1,8,3,273
fold3_room13_mix006.csv,612,1,1,9,3,273
fold3_room13_mix006.csv,613,1,1,8,3,273
fold3_room13_mix006.csv,614,1,1,8,3,273
fold3_room13_mix006.csv,615,1,1,9,3,274
fold3_room13_mix006.csv,616,1,1,9,3,274
fold3_room13_mix006.csv,617,1,1,9,3,274
fold3_room13_mix006.csv,618,1,1,9,3,274
fold3_room13_mix006.csv,619,1,1,9,3,274
fold3_room13_mix006.csv,620,1,1,9,3,274
fold3_room13_mix006.csv,621,1,1,9,3,274
fold3_room13_mix006.csv,622,1,1,9,3,274
fold3_room13_mix006.csv,623,1,1,9,3,274
fold3_room13_mix006.csv,624,1,1,9,3,274
fold3_room13_mix006.csv,625,1,1,9,3,274
fold3_room13_mix006.csv,626,1,1,9,3,274
fold3_room13_mix006.csv,627,1,1,9,3,274
fold3_room13_mix006.csv,628,1,1,9,3,274
fold3_room13_mix006.csv,629,1,1,9,3,274
fold3_room13_mix006.csv,630,1,1,9,3,274
fold3_room13_mix006.csv,631,1,1,9,3,274
fold3_room13_mix006.csv,632,1,1,9,3,273
fold3_room13_mix006.csv,633,1,1,9,3,273
fold3_room13_mix006.csv,634,1,1,9,2,274
fold3_room13_mix006.csv,635,1,1,9,2,274
fold3_room13_mix006.csv,636,1,1,9,2,274
fold3_room13_mix006.csv,637,1,1,9,2,274
fold3_room13_mix006.csv,725,1,1,6,2,275
fold3_room13_mix006.csv,726,1,1,6,2,276
fold3_room13_mix006.csv,727,1,1,5,2,276
fold3_room13_mix006.csv,728,1,1,6,2,276
fold3_room13_mix006.csv,729,1,1,6,2,276
fold3_room13_mix006.csv,730,1,1,6,3,275
fold3_room13_mix006.csv,731,1,1,7,3,274
fold3_room13_mix006.csv,732,1,1,7,3,274
fold3_room13_mix006.csv,733,1,1,7,3,274
fold3_room13_mix006.csv,734,1,1,7,3,274
fold3_room13_mix006.csv,735,1,1,8,3,275
fold3_room13_mix006.csv,736,1,1,8,3,275
fold3_room13_mix006.csv,737,1,1,8,3,275
fold3_room13_mix006.csv,738,1,1,7,3,276
fold3_room13_mix006.csv,739,1,1,7,3,276
fold3_room13_mix006.csv,740,1,1,7,3,277
fold3_room13_mix006.csv,741,1,1,6,3,278
fold3_room13_mix006.csv,742,1,1,5,3,279
fold3_room13_mix006.csv,743,1,1,4,3,281
fold3_room13_mix006.csv,744,1,1,3,3,282
fold3_room13_mix006.csv,745,1,1,3,3,284
fold3_room13_mix006.csv,746,1,1,2,3,285
fold3_room13_mix006.csv,747,1,1,3,3,286
fold3_room13_mix006.csv,748,1,1,2,3,287
fold3_room13_mix006.csv,749,1,1,2,3,287
fold3_room13_mix006.csv,750,1,1,3,3,287
fold3_room13_mix006.csv,751,1,1,3,3,287
fold3_room13_mix006.csv,752,1,1,3,3,287
fold3_room13_mix006.csv,753,1,1,3,3,287
fold3_room13_mix006.csv,754,1,1,3,3,286
fold3_room13_mix006.csv,755,1,1,3,3,286
fold3_room13_mix006.csv,756,1,1,3,3,285
fold3_room13_mix006.csv,757,1,1,3,3,285
fold3_room13_mix006.csv,758,1,1,3,3,284
fold3_room13_mix006.csv,759,1,1,3,3,284
fold3_room13_mix006.csv,760,1,1,3,3,283
fold3_room13_mix006.csv,761,1,1,3,3,282
fold3_room13_mix006.csv,762,1,1,4,3,282
fold3_room13_mix006.csv,763,1,1,4,3,281
fold3_room13_mix006.csv,764,1,1,4,3,280
fold3_room13_mix006.csv,765,1,1,4,3,280
fold3_room13_mix006.csv,766,1,1,4,3,279
fold3_room13_mix006.csv,767,1,1,4,3,279
fold3_room13_mix006.csv,768,1,1,4,3,279
fold3_room13_mix006.csv,769,1,1,4,3,279
fold3_room13_mix006.csv,770,1,1,4,3,279
fold3_room13_mix006.csv,771,1,1,4,3,279
fold3_room13_mix006.csv,772,1,1,4,3,279
fold3_room13_mix006.csv,773,1,1,4,3,280
fold3_room13_mix006.csv,774,1,1,4,3,280
fold3_room13_mix006.csv,775,1,1,4,3,280
fold3_room13_mix006.csv,776,1,1,4,3,280
fold3_room13_mix006.csv,777,1,1,4,3,281
fold3_room13_mix006.csv,778,1,1,4,3,281
fold3_room13_mix006.csv,779,1,1,4,3,282
fold3_room13_mix006.csv,780,1,1,4,3,282
fold3_room13_mix006.csv,781,1,1,4,3,282
fold3_room13_mix006.csv,782,1,1,4,3,283
fold3_room13_mix006.csv,783,1,1,4,3,283
fold3_room13_mix006.csv,784,1,1,4,3,283
fold3_room13_mix006.csv,785,1,1,4,3,283
fold3_room13_mix006.csv,786,1,1,4,3,283
fold3_room13_mix006.csv,787,1,1,4,3,283
fold3_room13_mix006.csv,788,1,1,4,3,283
fold3_room13_mix006.csv,789,1,1,4,3,283
fold3_room13_mix006.csv,790,1,1,4,3,283
fold3_room13_mix006.csv,791,1,1,4,3,282
fold3_room13_mix006.csv,792,1,1,4,3,282
fold3_room13_mix006.csv,793,1,1,4,3,282
fold3_room13_mix006.csv,794,1,1,4,3,282
fold3_room13_mix006.csv,795,1,1,4,3,282
fold3_room13_mix006.csv,796,1,1,4,3,282
fold3_room13_mix006.csv,797,1,1,4,3,282
fold3_room13_mix006.csv,798,1,1,5,3,282
fold3_room13_mix006.csv,799,1,1,5,3,282
fold3_room13_mix006.csv,800,1,1,5,3,281
fold3_room13_mix006.csv,801,1,1,5,3,281
fold3_room13_mix006.csv,802,1,1,5,3,281
fold3_room13_mix006.csv,803,1,1,5,3,281
fold3_room13_mix006.csv,804,1,1,5,3,281
fold3_room13_mix006.csv,805,1,1,5,3,281
fold3_room13_mix006.csv,806,1,1,5,3,281
fold3_room13_mix006.csv,807,1,1,5,3,280
fold3_room13_mix006.csv,808,1,1,4,3,280
fold3_room13_mix006.csv,809,1,1,4,3,280
fold3_room13_mix006.csv,810,1,1,4,3,280
fold3_room13_mix006.csv,811,1,1,4,3,280
fold3_room13_mix006.csv,812,1,1,4,3,280
fold3_room13_mix006.csv,813,1,1,4,3,280
fold3_room13_mix006.csv,814,1,1,4,3,280
fold3_room13_mix006.csv,815,1,1,4,3,280
fold3_room13_mix006.csv,816,1,1,4,3,280
fold3_room13_mix006.csv,817,1,1,4,3,280
fold3_room13_mix006.csv,818,1,1,4,3,280
fold3_room13_mix006.csv,819,1,1,4,3,280
fold3_room13_mix006.csv,820,1,1,4,3,280
fold3_room13_mix006.csv,821,1,1,4,3,280
fold3_room13_mix006.csv,822,1,1,4,3,280
fold3_room13_mix006.csv,823,1,1,4,3,280
fold3_room13_mix006.csv,836,1,1,4,3,279
fold3_room13_mix006.csv,837,1,1,4,3,279
fold3_room13_mix006.csv,838,1,1,4,3,279
fold3_room13_mix006.csv,839,1,1,4,3,279
fold3_room13_mix006.csv,840,1,1,4,3,279
fold3_room13_mix006.csv,841,1,1,5,3,278
fold3_room13_mix006.csv,842,1,1,5,3,278
fold3_room13_mix006.csv,843,1,1,5,3,279
fold3_room13_mix006.csv,844,1,1,5,3,279
fold3_room13_mix006.csv,845,1,1,4,3,279
fold3_room13_mix006.csv,846,1,1,4,3,280
fold3_room13_mix006.csv,847,1,1,3,3,280
fold3_room13_mix006.csv,848,1,1,2,3,281
fold3_room13_mix006.csv,849,1,1,2,3,282
fold3_room13_mix006.csv,850,1,1,2,3,282
fold3_room13_mix006.csv,851,1,1,1,3,282
fold3_room13_mix006.csv,852,1,1,1,3,283
fold3_room13_mix006.csv,910,1,1,1,3,281
fold3_room13_mix006.csv,911,1,1,1,3,281
fold3_room13_mix006.csv,912,1,1,1,3,281
fold3_room13_mix006.csv,913,1,1,1,3,281
fold3_room13_mix006.csv,914,1,1,1,3,281
fold3_room13_mix006.csv,915,1,1,1,3,281
fold3_room13_mix006.csv,916,1,1,1,3,282
fold3_room13_mix006.csv,917,1,1,1,3,281
fold3_room13_mix006.csv,918,1,1,1,3,281
fold3_room13_mix006.csv,919,1,1,1,3,281
fold3_room13_mix006.csv,920,1,1,1,3,281
fold3_room13_mix006.csv,921,1,1,1,3,281
fold3_room13_mix006.csv,922,1,1,1,3,281
fold3_room13_mix006.csv,923,1,1,1,3,281
fold3_room13_mix006.csv,924,1,1,1,3,281
fold3_room13_mix006.csv,925,1,1,1,3,281
fold3_room13_mix006.csv,926,1,1,1,3,281
fold3_room13_mix006.csv,927,1,1,1,3,281
fold3_room13_mix006.csv,928,1,1,1,3,281
fold3_room13_mix006.csv,929,1,1,1,3,281
fold3_room13_mix006.csv,930,1,1,1,3,281
fold3_room13_mix006.csv,931,1,1,1,3,281
fold3_room13_mix006.csv,1034,1,1,-3,2,281
fold3_room13_mix006.csv,1035,1,1,-2,2,283
fold3_room13_mix006.csv,1036,1,1,-2,2,283
fold3_room13_mix006.csv,1037,1,1,-1,2,284
fold3_room13_mix006.csv,1038,1,1,-1,2,284
fold3_room13_mix006.csv,1039,1,1,0,2,283
fold3_room13_mix006.csv,1040,1,1,0,2,282
fold3_room13_mix006.csv,1041,1,1,0,2,280
fold3_room13_mix006.csv,1042,1,1,-1,3,277
fold3_room13_mix006.csv,1043,1,1,-1,3,274
fold3_room13_mix006.csv,1044,1,1,-1,3,271
fold3_room13_mix006.csv,1045,1,1,-1,3,268
fold3_room13_mix006.csv,1046,1,1,-2,3,266
fold3_room13_mix006.csv,1047,1,1,-2,3,265
fold3_room13_mix006.csv,1048,1,1,-1,3,265
fold3_room13_mix006.csv,1049,1,1,-1,3,265
fold3_room13_mix006.csv,1050,1,1,0,3,266
fold3_room13_mix006.csv,1051,1,1,1,3,267
fold3_room13_mix006.csv,1052,1,1,2,3,268
fold3_room13_mix006.csv,1053,1,1,3,3,270
fold3_room13_mix006.csv,1054,1,1,4,3,270
fold3_room13_mix006.csv,1055,1,1,4,3,271
fold3_room13_mix006.csv,1056,1,1,4,3,272
fold3_room13_mix006.csv,1057,1,1,4,3,272
fold3_room13_mix006.csv,1058,1,1,4,3,272
fold3_room13_mix006.csv,1059,1,1,4,3,272
fold3_room13_mix006.csv,1060,1,1,4,3,272
fold3_room13_mix006.csv,1061,1,1,4,3,273
fold3_room13_mix006.csv,1062,1,1,4,3,273
fold3_room13_mix006.csv,1063,1,1,4,3,273
fold3_room13_mix006.csv,1064,1,1,3,3,273
fold3_room13_mix006.csv,1065,1,1,3,3,273
fold3_room13_mix006.csv,1066,1,1,3,3,273
fold3_room13_mix006.csv,1067,1,1,3,3,273
fold3_room13_mix006.csv,1068,1,1,3,3,273
fold3_room13_mix006.csv,1069,1,1,2,3,274
fold3_room13_mix006.csv,1070,1,1,2,3,273
fold3_room13_mix006.csv,1071,1,1,2,3,273
fold3_room13_mix006.csv,1072,1,1,1,3,273
fold3_room13_mix006.csv,1073,1,1,1,3,274
fold3_room13_mix006.csv,1074,1,1,0,3,274
fold3_room13_mix006.csv,1075,1,1,0,3,274
fold3_room13_mix006.csv,1076,1,1,-1,3,274
fold3_room13_mix006.csv,1077,1,1,-2,3,274
fold3_room13_mix006.csv,1078,1,1,-3,3,274
fold3_room13_mix006.csv,1079,1,1,-3,3,274
fold3_room13_mix006.csv,1080,1,1,-4,3,274
fold3_room13_mix006.csv,1081,1,1,-4,3,274
fold3_room13_mix006.csv,1082,1,1,-4,3,274
fold3_room13_mix006.csv,1083,1,1,-4,3,274
fold3_room13_mix006.csv,1084,1,1,-4,3,274
fold3_room13_mix006.csv,1085,1,1,-4,3,274
fold3_room13_mix006.csv,1086,1,1,-3,3,274
fold3_room13_mix006.csv,1087,1,1,-3,3,274
fold3_room13_mix006.csv,1088,1,1,-2,3,273
fold3_room13_mix006.csv,1096,1,1,4,3,274
fold3_room13_mix006.csv,1097,1,1,4,3,274
fold3_room13_mix006.csv,1098,1,1,4,3,274
fold3_room13_mix006.csv,1099,1,1,3,3,274
fold3_room13_mix006.csv,1100,1,1,4,3,274
fold3_room13_mix006.csv,1101,1,1,4,3,275
fold3_room13_mix006.csv,1102,1,1,4,3,275
fold3_room13_mix006.csv,1103,1,1,5,3,276
fold3_room13_mix006.csv,1104,1,1,5,3,276
fold3_room13_mix006.csv,1105,1,1,5,3,276
fold3_room13_mix006.csv,1106,1,1,4,3,276
fold3_room13_mix006.csv,1107,1,1,4,3,275
fold3_room13_mix006.csv,1108,1,1,3,3,275
fold3_room13_mix006.csv,1109,1,1,3,3,275
fold3_room13_mix006.csv,1110,1,1,2,3,275
fold3_room13_mix006.csv,1111,1,1,1,3,276
fold3_room13_mix006.csv,1112,1,1,1,3,276
fold3_room13_mix006.csv,1113,1,1,0,3,275
fold3_room13_mix006.csv,1114,1,1,-1,3,275
fold3_room13_mix006.csv,1115,1,1,-1,3,275
fold3_room13_mix006.csv,1116,1,1,-1,3,275
fold3_room13_mix006.csv,1117,1,1,-2,3,274
fold3_room13_mix006.csv,1118,1,1,-2,3,273
fold3_room13_mix006.csv,1119,1,1,-2,3,273
fold3_room13_mix006.csv,1120,1,1,-2,3,273
fold3_room13_mix006.csv,1121,1,1,-2,3,273
fold3_room13_mix006.csv,1122,1,1,-1,3,273
fold3_room13_mix006.csv,1123,1,1,0,3,274
fold3_room13_mix006.csv,1124,1,1,1,3,275
fold3_room13_mix006.csv,1125,1,1,2,3,276
fold3_room13_mix006.csv,1126,1,1,3,3,277
fold3_room13_mix006.csv,1260,1,1,-6,2,279
fold3_room13_mix006.csv,1261,1,1,-5,2,279
fold3_room13_mix006.csv,1262,1,1,-4,2,281
fold3_room13_mix006.csv,1263,1,1,-3,2,282
fold3_room13_mix006.csv,1264,1,1,-3,3,282
fold3_room13_mix006.csv,1265,1,1,-2,3,284
fold3_room13_mix006.csv,1266,1,1,0,3,287
fold3_room13_mix006.csv,1267,1,1,1,2,291
fold3_room13_mix006.csv,1268,1,1,1,2,293
fold3_room13_mix006.csv,1269,1,1,2,2,294
fold3_room13_mix006.csv,1335,1,1,5,3,275
fold3_room13_mix006.csv,1336,1,1,5,3,274
fold3_room13_mix006.csv,1337,1,1,5,3,275
fold3_room13_mix006.csv,1338,1,1,5,3,275
fold3_room13_mix006.csv,1592,1,1,11,3,276
fold3_room13_mix006.csv,1593,1,1,12,3,276
fold3_room13_mix006.csv,1594,1,1,12,3,277
fold3_room13_mix006.csv,1595,1,1,11,3,277
fold3_room13_mix006.csv,1596,1,1,11,3,277
fold3_room13_mix006.csv,1597,1,1,11,3,278
fold3_room13_mix006.csv,1598,1,1,10,3,278
fold3_room13_mix006.csv,1599,1,1,10,3,278
fold3_room13_mix006.csv,1600,1,1,9,3,279
fold3_room13_mix006.csv,1601,1,1,9,4,278
fold3_room13_mix006.csv,1602,1,1,9,3,278
fold3_room13_mix006.csv,1603,1,1,9,3,278
fold3_room13_mix006.csv,1604,1,1,8,3,278
fold3_room13_mix006.csv,1605,1,1,8,3,279
fold3_room13_mix006.csv,1606,1,1,8,3,279
fold3_room13_mix006.csv,1607,1,1,8,3,279
fold3_room13_mix006.csv,1608,1,1,9,3,280
fold3_room13_mix006.csv,1609,1,1,9,3,280
fold3_room13_mix006.csv,1610,1,1,9,3,281
fold3_room13_mix006.csv,1611,1,1,10,3,281
fold3_room13_mix006.csv,1612,1,1,10,3,282
fold3_room13_mix006.csv,1613,1,1,11,3,282
fold3_room13_mix006.csv,1614,1,1,11,3,283
fold3_room13_mix006.csv,1615,1,1,12,3,283
fold3_room13_mix006.csv,1616,1,1,12,4,284
fold3_room13_mix006.csv,1617,1,1,12,3,284
fold3_room13_mix006.csv,1618,1,1,12,3,284
fold3_room13_mix006.csv,1619,1,1,12,3,283
fold3_room13_mix006.csv,1620,1,1,11,3,281
fold3_room13_mix006.csv,1621,1,1,11,3,278
fold3_room13_mix006.csv,1638,1,1,8,3,273
fold3_room13_mix006.csv,1639,1,1,8,3,273
fold3_room13_mix006.csv,1640,1,1,8,3,273
fold3_room13_mix006.csv,1641,1,1,9,3,273
fold3_room13_mix006.csv,1642,1,1,9,3,273
fold3_room13_mix006.csv,1643,1,1,9,3,273
fold3_room13_mix006.csv,1644,1,1,9,3,273
fold3_room13_mix006.csv,1645,1,1,9,3,273
fold3_room13_mix006.csv,1646,1,1,9,3,273
fold3_room13_mix006.csv,1647,1,1,9,3,273
fold3_room13_mix006.csv,1648,1,1,9,3,273
fold3_room13_mix006.csv,1649,1,1,9,3,273
fold3_room13_mix006.csv,1650,1,1,8,3,273
fold3_room13_mix006.csv,1651,1,1,8,3,273
fold3_room13_mix006.csv,1652,1,1,8,3,273
fold3_room13_mix006.csv,1653,1,1,8,3,273
fold3_room13_mix006.csv,1654,1,1,8,3,273
fold3_room13_mix006.csv,1655,1,1,8,3,272
fold3_room13_mix006.csv,1656,1,1,8,3,272
fold3_room13_mix006.csv,1657,1,1,8,3,272
fold3_room13_mix006.csv,1658,1,1,8,3,272
fold3_room13_mix006.csv,1659,1,1,8,3,272
fold3_room13_mix006.csv,1660,1,1,8,3,272
fold3_room13_mix006.csv,1661,1,1,8,3,272
fold3_room13_mix006.csv,1662,1,1,8,3,272
fold3_room13_mix006.csv,1663,1,1,8,3,272
fold3_room13_mix006.csv,1664,1,1,8,3,272
fold3_room13_mix006.csv,1665,1,1,8,3,271
fold3_room13_mix006.csv,1666,1,1,8,3,271
fold3_room13_mix006.csv,1667,1,1,8,3,271
fold3_room13_mix006.csv,1668,1,1,8,3,271
fold3_room13_mix006.csv,1669,1,1,9,3,272
fold3_room13_mix006.csv,1670,1,1,9,3,272
fold3_room13_mix006.csv,1671,1,1,8,3,272
fold3_room13_mix006.csv,1672,1,1,9,3,272
fold3_room13_mix006.csv,1673,1,1,8,3,272
fold3_room13_mix006.csv,1674,1,1,8,3,272
fold3_room13_mix006.csv,1675,1,1,9,3,272
fold3_room13_mix006.csv,1676,1,1,9,3,272
fold3_room13_mix006.csv,1677,1,1,9,3,272
fold3_room13_mix006.csv,1678,1,1,9,3,272
fold3_room13_mix006.csv,1679,1,1,9,3,272
fold3_room13_mix006.csv,1680,1,1,8,3,272
fold3_room13_mix006.csv,1681,1,1,8,3,272
fold3_room13_mix006.csv,1682,1,1,9,3,272
fold3_room13_mix006.csv,1683,1,1,9,3,273
fold3_room13_mix006.csv,1684,1,1,9,3,273
fold3_room13_mix006.csv,1685,1,1,9,3,273
fold3_room13_mix006.csv,1686,1,1,9,3,273
fold3_room13_mix006.csv,1687,1,1,8,3,273
fold3_room13_mix006.csv,1688,1,1,8,3,273
fold3_room13_mix006.csv,1689,1,1,8,3,273
fold3_room13_mix006.csv,1690,1,1,8,3,273
fold3_room13_mix006.csv,1691,1,1,8,3,273
fold3_room13_mix006.csv,1692,1,1,8,3,273
fold3_room13_mix006.csv,1693,1,1,8,3,273
fold3_room13_mix006.csv,1694,1,1,8,3,273
fold3_room13_mix006.csv,1695,1,1,8,3,273
fold3_room13_mix006.csv,1696,1,1,8,3,273
fold3_room13_mix006.csv,1697,1,1,8,3,273
fold3_room13_mix006.csv,1698,1,1,8,3,272
fold3_room13_mix006.csv,1699,1,1,8,3,272
fold3_room13_mix006.csv,1700,1,1,8,3,272
fold3_room13_mix006.csv,1701,1,1,7,3,272
fold3_room13_mix006.csv,1702,1,1,8,3,272
fold3_room13_mix006.csv,1703,1,1,8,3,273
fold3_room13_mix006.csv,1704,1,1,8,3,273
fold3_room13_mix006.csv,1705,1,1,8,3,273
fold3_room13_mix006.csv,1706,1,1,8,3,273
fold3_room13_mix006.csv,1707,1,1,8,3,273
fold3_room13_mix006.csv,1708,1,1,8,3,273
fold3_room13_mix006.csv,1709,1,1,8,3,273
fold3_room13_mix006.csv,1710,1,1,8,3,273
fold3_room13_mix006.csv,1711,1,1,8,3,272
fold3_room13_mix006.csv,1712,1,1,8,3,272
fold3_room13_mix006.csv,1713,1,1,8,3,272
fold3_room13_mix006.csv,1714,1,1,8,3,272
fold3_room13_mix006.csv,1715,1,1,9,3,272
fold3_room13_mix006.csv,1716,1,1,9,3,272
fold3_room13_mix006.csv,1717,1,1,9,3,272
fold3_room13_mix006.csv,1718,1,1,9,3,272
fold3_room13_mix006.csv,1719,1,1,8,3,272
fold3_room13_mix006.csv,1720,1,1,8,3,272
fold3_room13_mix006.csv,1721,1,1,8,3,272
fold3_room13_mix006.csv,1722,1,1,8,3,273
fold3_room13_mix006.csv,1723,1,1,8,3,273
fold3_room13_mix006.csv,1724,1,1,8,3,273
fold3_room13_mix006.csv,1725,1,1,8,3,273
fold3_room13_mix006.csv,1726,1,1,8,3,273
fold3_room13_mix006.csv,1727,1,1,8,3,273
fold3_room13_mix006.csv,1728,1,1,9,3,273
fold3_room13_mix006.csv,1729,1,1,9,3,274
fold3_room13_mix006.csv,1730,1,1,9,3,274
fold3_room13_mix006.csv,1731,1,1,9,3,274
fold3_room13_mix006.csv,1732,1,1,9,3,274
fold3_room13_mix006.csv,1733,1,1,9,3,274
fold3_room13_mix006.csv,1734,1,1,9,3,275
fold3_room13_mix006.csv,1735,1,1,9,3,275
fold3_room13_mix006.csv,1736,1,1,10,3,275
fold3_room13_mix006.csv,1737,1,1,10,3,275
fold3_room13_mix006.csv,1738,1,1,9,3,275
fold3_room13_mix006.csv,1739,1,1,9,3,275
fold3_room13_mix006.csv,1740,1,1,9,3,274
fold3_room13_mix006.csv,1741,1,1,9,3,273
fold3_room13_mix006.csv,1742,1,1,8,3,273
fold3_room13_mix006.csv,1743,1,1,8,3,273
fold3_room13_mix006.csv,1744,1,1,8,3,273
fold3_room13_mix006.csv,1745,1,1,8,3,273
fold3_room13_mix006.csv,1746,1,1,7,3,273
fold3_room13_mix006.csv,1747,1,1,8,3,273
fold3_room13_mix006.csv,1748,1,1,8,3,273
fold3_room13_mix006.csv,1749,1,1,8,3,273
fold3_room13_mix006.csv,1750,1,1,8,3,273
fold3_room13_mix006.csv,1751,1,1,8,3,273
fold3_room13_mix006.csv,1762,1,1,8,3,273
fold3_room13_mix006.csv,1763,1,1,8,3,273
fold3_room13_mix006.csv,1764,1,1,8,3,273
fold3_room13_mix006.csv,1765,1,1,8,3,273
fold3_room13_mix006.csv,1766,1,1,8,3,273
fold3_room13_mix006.csv,1767,1,1,9,3,273
fold3_room13_mix006.csv,1768,1,1,9,3,273
fold3_room13_mix006.csv,1769,1,1,9,3,273
fold3_room13_mix006.csv,1770,1,1,9,3,273
fold3_room13_mix006.csv,1771,1,1,9,3,273
fold3_room13_mix006.csv,1787,1,1,8,3,273
fold3_room13_mix006.csv,1788,1,1,8,3,274
fold3_room13_mix006.csv,1789,1,1,8,3,273
fold3_room13_mix006.csv,1790,1,1,8,3,273
fold3_room13_mix006.csv,1791,1,1,8,3,273
fold3_room13_mix006.csv,1792,1,1,8,3,273
fold3_room13_mix006.csv,1793,1,1,8,3,273
fold3_room13_mix006.csv,1794,1,1,8,3,273
fold3_room13_mix006.csv,1795,1,1,8,3,273
fold3_room13_mix006.csv,1796,1,1,8,3,273
fold3_room13_mix006.csv,1797,1,1,8,3,273
fold3_room13_mix006.csv,1798,1,1,8,3,273
fold3_room13_mix006.csv,1799,1,1,8,3,274
fold3_room13_mix006.csv,1800,1,1,8,3,273
fold3_room13_mix006.csv,1801,1,1,8,3,274
fold3_room13_mix006.csv,1802,1,1,8,3,274
fold3_room13_mix006.csv,1803,1,1,8,3,274
fold3_room13_mix006.csv,1804,1,1,8,3,273
fold3_room13_mix006.csv,1805,1,1,8,3,274
fold3_room13_mix006.csv,1806,1,1,8,3,274
fold3_room13_mix006.csv,1807,1,1,8,3,274
fold3_room13_mix006.csv,1808,1,1,8,3,274
fold3_room13_mix006.csv,1809,1,1,8,3,274
fold3_room13_mix006.csv,1810,1,1,8,3,274
fold3_room13_mix006.csv,1811,1,1,8,3,274
fold3_room13_mix006.csv,1812,1,1,8,4,274
fold3_room13_mix006.csv,1813,1,1,8,4,275
fold3_room13_mix006.csv,1814,1,1,8,4,274
fold3_room13_mix006.csv,1815,1,1,8,4,275
fold3_room13_mix006.csv,1816,1,1,9,4,275
fold3_room13_mix006.csv,1817,1,1,9,4,275
fold3_room13_mix006.csv,1818,1,1,9,4,275
fold3_room13_mix006.csv,1819,1,1,9,4,275
fold3_room13_mix006.csv,1820,1,1,9,3,275
fold3_room13_mix006.csv,1821,1,1,9,3,274
fold3_room13_mix006.csv,1822,1,1,8,3,274
fold3_room13_mix006.csv,1823,1,1,8,4,274
fold3_room13_mix006.csv,1824,1,1,8,4,273
fold3_room13_mix006.csv,1862,1,1,-2,3,273
fold3_room13_mix006.csv,1863,1,1,-2,3,273
fold3_room13_mix006.csv,1864,1,1,-1,3,273
fold3_room13_mix006.csv,1865,1,1,-1,3,274
fold3_room13_mix006.csv,1866,1,1,-1,3,276
fold3_room13_mix006.csv,1867,1,1,-1,3,278
fold3_room13_mix006.csv,1868,1,1,-1,3,279
fold3_room13_mix006.csv,1869,1,1,-1,3,281
fold3_room13_mix006.csv,1870,1,1,-1,3,281
fold3_room13_mix006.csv,1871,1,1,0,3,282
fold3_room13_mix006.csv,1872,1,1,0,3,282
fold3_room13_mix006.csv,1873,1,1,1,3,283
fold3_room13_mix006.csv,1874,1,1,1,3,283
fold3_room13_mix006.csv,1875,1,1,2,3,284
fold3_room13_mix006.csv,1876,1,1,3,3,285
fold3_room13_mix006.csv,1877,1,1,4,3,286
fold3_room13_mix006.csv,1878,1,1,5,3,287
fold3_room13_mix006.csv,1879,1,1,5,3,287
fold3_room13_mix006.csv,1880,1,1,6,3,287
fold3_room13_mix006.csv,1881,1,1,7,3,286
fold3_room13_mix006.csv,1905,1,1,13,3,275
fold3_room13_mix006.csv,1906,1,1,13,3,275
fold3_room13_mix006.csv,1907,1,1,13,3,276
fold3_room13_mix006.csv,1908,1,1,13,3,276
fold3_room13_mix006.csv,1909,1,1,12,3,276
fold3_room13_mix006.csv,1910,1,1,12,3,276
fold3_room13_mix006.csv,1911,1,1,12,3,277
fold3_room13_mix006.csv,1912,1,1,13,3,277
fold3_room13_mix006.csv,1913,1,1,12,3,278
fold3_room13_mix006.csv,1914,1,1,13,3,278
fold3_room13_mix006.csv,1915,1,1,13,3,278
fold3_room13_mix006.csv,1916,1,1,13,3,279
fold3_room13_mix006.csv,1917,1,1,13,3,279
fold3_room13_mix006.csv,1918,1,1,12,3,279
fold3_room13_mix006.csv,1919,1,1,12,3,280
fold3_room13_mix006.csv,1920,1,1,12,3,280
fold3_room13_mix006.csv,1921,1,1,11,3,280
fold3_room13_mix006.csv,1922,1,1,11,3,281
fold3_room13_mix006.csv,1923,1,1,12,3,280
fold3_room13_mix006.csv,1924,1,1,12,3,279
fold3_room13_mix006.csv,1925,1,1,12,3,279
fold3_room13_mix006.csv,1926,1,1,12,3,279
fold3_room13_mix006.csv,1927,1,1,12,3,279
fold3_room13_mix006.csv,1928,1,1,12,3,279
fold3_room13_mix006.csv,1929,1,1,12,3,279
fold3_room13_mix006.csv,1930,1,1,13,3,278
fold3_room13_mix006.csv,1931,1,1,13,3,278
fold3_room13_mix006.csv,1932,1,1,12,2,278
fold3_room13_mix006.csv,1933,1,1,12,3,279
fold3_room13_mix006.csv,1934,1,1,12,3,281
fold3_room13_mix006.csv,1935,1,1,11,3,283
fold3_room13_mix006.csv,1936,1,1,10,3,284
fold3_room13_mix006.csv,1937,1,1,10,3,286
fold3_room13_mix006.csv,1938,1,1,9,3,287
fold3_room13_mix006.csv,1939,1,1,8,3,289
fold3_room13_mix006.csv,1940,1,1,8,3,290
fold3_room13_mix006.csv,1941,1,1,7,3,291
fold3_room13_mix006.csv,1942,1,1,7,3,291
fold3_room13_mix006.csv,1943,1,1,7,3,292
fold3_room13_mix006.csv,1944,1,1,7,3,292
fold3_room13_mix006.csv,1945,1,1,7,3,292
fold3_room13_mix006.csv,1946,1,1,7,3,291
fold3_room13_mix006.csv,1947,1,1,7,3,291
fold3_room13_mix006.csv,1948,1,1,7,3,291
fold3_room13_mix006.csv,1949,1,1,7,3,291
fold3_room13_mix006.csv,1950,1,1,7,3,291
fold3_room13_mix006.csv,1951,1,1,7,3,292
fold3_room13_mix006.csv,1952,1,1,7,3,293
fold3_room13_mix006.csv,1953,1,1,7,3,293
fold3_room13_mix006.csv,1954,1,1,7,3,292
fold3_room13_mix006.csv,1955,1,1,6,3,292
fold3_room13_mix006.csv,1956,1,1,6,3,290
fold3_room13_mix006.csv,1957,1,1,6,3,288
fold3_room13_mix006.csv,1958,1,1,5,3,285
fold3_room13_mix006.csv,1959,1,1,5,3,282
fold3_room13_mix006.csv,1960,1,1,5,3,278
fold3_room13_mix006.csv,1961,1,1,5,3,275
fold3_room13_mix006.csv,1962,1,1,4,3,272
fold3_room13_mix006.csv,1963,1,1,4,3,271
fold3_room13_mix006.csv,1964,1,1,3,3,269
fold3_room13_mix006.csv,1965,1,1,3,2,268
fold3_room13_mix006.csv,1966,1,1,2,2,268
fold3_room13_mix006.csv,1967,1,1,2,2,269
fold3_room13_mix006.csv,1968,1,1,1,3,270
fold3_room13_mix006.csv,1969,1,1,1,3,272
fold3_room13_mix006.csv,1970,1,1,1,3,273
fold3_room13_mix006.csv,1971,1,1,1,3,273
fold3_room13_mix006.csv,1972,1,1,2,3,273
fold3_room13_mix006.csv,1973,1,1,2,3,273
fold3_room13_mix006.csv,1974,1,1,2,3,272
fold3_room13_mix006.csv,1975,1,1,2,3,271
fold3_room13_mix006.csv,1976,1,1,3,3,270
fold3_room13_mix006.csv,1977,1,1,3,3,268
fold3_room13_mix006.csv,1978,1,1,4,3,267
fold3_room13_mix006.csv,2075,1,1,0,3,242
fold3_room13_mix006.csv,2076,1,1,0,3,242
fold3_room13_mix006.csv,2077,1,1,0,3,242
fold3_room13_mix006.csv,2078,1,1,0,3,242
fold3_room13_mix006.csv,2079,1,1,1,3,242
fold3_room13_mix006.csv,2080,1,1,1,3,242
fold3_room13_mix006.csv,2081,1,1,1,3,242
fold3_room13_mix006.csv,2082,1,1,0,3,241
fold3_room13_mix006.csv,2083,1,1,0,3,241
fold3_room13_mix006.csv,2084,1,1,0,3,241
fold3_room13_mix006.csv,2085,1,1,0,3,241
fold3_room13_mix006.csv,2086,1,1,0,3,241
fold3_room13_mix006.csv,2087,1,1,0,3,242
fold3_room13_mix006.csv,2088,1,1,0,3,243
fold3_room13_mix006.csv,2102,1,1,1,3,240
fold3_room13_mix006.csv,2103,1,1,0,3,240
fold3_room13_mix006.csv,2104,1,1,0,3,241
fold3_room13_mix006.csv,2105,1,1,0,3,242
fold3_room13_mix006.csv,2106,1,1,1,3,243
fold3_room13_mix006.csv,2107,1,1,1,3,243
fold3_room13_mix006.csv,2108,1,1,1,3,243
fold3_room13_mix006.csv,2109,1,1,1,3,243
fold3_room13_mix006.csv,2110,1,1,1,4,243
fold3_room13_mix006.csv,2111,1,1,1,4,243
fold3_room13_mix006.csv,2112,1,1,1,4,242
fold3_room13_mix006.csv,2113,1,1,1,4,242
fold3_room13_mix006.csv,2114,1,1,1,4,242
fold3_room13_mix006.csv,2115,1,1,1,4,242
fold3_room13_mix006.csv,2116,1,1,1,4,242
fold3_room13_mix006.csv,2117,1,1,1,4,242
fold3_room13_mix006.csv,2118,1,1,1,4,242
fold3_room13_mix006.csv,2119,1,1,1,4,242
fold3_room13_mix006.csv,2120,1,1,1,4,243
fold3_room13_mix006.csv,2121,1,1,1,4,243
fold3_room13_mix006.csv,2122,1,1,1,4,244
fold3_room13_mix006.csv,2123,1,1,1,4,245
fold3_room13_mix006.csv,2124,1,1,1,4,247
fold3_room13_mix006.csv,2125,1,1,1,4,248
fold3_room13_mix006.csv,2126,1,1,1,4,249
fold3_room13_mix006.csv,2127,1,1,2,4,248
fold3_room13_mix006.csv,2128,1,1,2,4,247
fold3_room13_mix006.csv,2129,1,1,2,3,246
fold3_room13_mix006.csv,2130,1,1,2,3,244
fold3_room13_mix006.csv,2175,1,1,1,4,255
fold3_room13_mix006.csv,2176,1,1,1,4,256
fold3_room13_mix006.csv,2177,1,1,1,4,257
fold3_room13_mix006.csv,2178,1,1,1,4,258
fold3_room13_mix006.csv,2179,1,1,1,4,258
fold3_room13_mix006.csv,2180,1,1,1,3,258
fold3_room13_mix006.csv,2181,1,1,1,3,258
fold3_room13_mix006.csv,2302,1,1,0,2,243
fold3_room13_mix006.csv,2303,1,1,1,2,243
fold3_room13_mix006.csv,2304,1,1,1,2,244
fold3_room13_mix006.csv,2305,1,1,1,2,245
fold3_room13_mix006.csv,2306,1,1,1,2,245
fold3_room13_mix006.csv,2307,1,1,1,2,245
fold3_room13_mix006.csv,2308,1,1,1,2,245
fold3_room13_mix006.csv,2309,1,1,1,2,244
fold3_room13_mix006.csv,2310,1,1,1,2,244
fold3_room13_mix006.csv,2311,1,1,1,2,243
fold3_room13_mix006.csv,2312,1,1,2,2,242
fold3_room13_mix006.csv,2313,1,1,2,2,242
fold3_room13_mix006.csv,2314,1,1,2,2,241
fold3_room13_mix006.csv,2315,1,1,2,2,241
fold3_room13_mix006.csv,2316,1,1,2,2,241
fold3_room13_mix006.csv,2317,1,1,2,2,241
fold3_room13_mix006.csv,2318,1,1,2,2,242
fold3_room13_mix006.csv,2416,1,1,4,2,259
fold3_room13_mix006.csv,2417,1,1,4,2,260
fold3_room13_mix006.csv,2418,1,1,4,3,258
fold3_room13_mix006.csv,2419,1,1,3,3,258
fold3_room13_mix006.csv,2420,1,1,4,3,260
fold3_room13_mix006.csv,2421,1,1,3,3,260
fold3_room13_mix006.csv,2422,1,1,3,3,260
fold3_room13_mix006.csv,2423,1,1,3,3,261
fold3_room13_mix006.csv,2424,1,1,2,3,261
fold3_room13_mix006.csv,2425,1,1,1,3,261
fold3_room13_mix006.csv,2426,1,1,1,3,261
fold3_room13_mix006.csv,2427,1,1,1,3,260
fold3_room13_mix006.csv,2428,1,1,0,3,260
fold3_room13_mix006.csv,2429,1,1,0,3,259
fold3_room13_mix006.csv,2430,1,1,0,3,259
fold3_room13_mix006.csv,2431,1,1,-1,3,259
fold3_room13_mix006.csv,2432,1,1,-1,3,258
fold3_room13_mix006.csv,2433,1,1,-1,3,258
fold3_room13_mix006.csv,2434,1,1,-1,3,258
fold3_room13_mix006.csv,2435,1,1,-2,3,259
fold3_room13_mix006.csv,2436,1,1,-2,3,260
fold3_room13_mix006.csv,2437,1,1,-2,3,260
fold3_room13_mix006.csv,2438,1,1,-2,3,261
fold3_room13_mix006.csv,2439,1,1,-2,3,262
fold3_room13_mix006.csv,2440,1,1,-1,3,262
fold3_room13_mix006.csv,2454,1,1,2,3,263
fold3_room13_mix006.csv,2455,1,1,1,3,263
fold3_room13_mix006.csv,2456,1,1,1,3,263
fold3_room13_mix006.csv,2457,1,1,1,3,262
fold3_room13_mix006.csv,2504,1,1,1,3,250
fold3_room13_mix006.csv,2505,1,1,0,3,251
fold3_room13_mix006.csv,2506,1,1,0,3,251
fold3_room13_mix006.csv,2507,1,1,0,3,251
fold3_room13_mix006.csv,2508,1,1,0,3,249
fold3_room13_mix006.csv,2509,1,1,0,3,246
fold3_room13_mix006.csv,2510,1,1,0,3,244
fold3_room13_mix006.csv,2511,1,1,0,3,242
fold3_room13_mix006.csv,2512,1,1,0,3,242
fold3_room13_mix006.csv,2513,1,1,0,3,242
fold3_room13_mix006.csv,2520,1,1,1,3,253
fold3_room13_mix006.csv,2521,1,1,1,3,253
fold3_room13_mix006.csv,2522,1,1,1,3,253
fold3_room13_mix006.csv,2523,1,1,1,3,252
fold3_room13_mix006.csv,2524,1,1,1,3,251
fold3_room13_mix006.csv,2525,1,1,0,3,249
fold3_room13_mix006.csv,2526,1,1,-1,3,247
fold3_room13_mix006.csv,2527,1,1,-1,3,245
fold3_room13_mix006.csv,2528,1,1,-1,3,243
fold3_room13_mix006.csv,2529,1,1,-1,3,242
fold3_room13_mix006.csv,2530,1,1,-1,3,241
fold3_room13_mix006.csv,2531,1,1,-1,3,240
fold3_room13_mix006.csv,2532,1,1,-1,2,240
fold3_room13_mix006.csv,2533,1,1,-1,2,241
fold3_room13_mix006.csv,2534,1,1,-1,2,244
fold3_room13_mix006.csv,2535,1,1,-1,3,245
fold3_room13_mix006.csv,2536,1,1,-1,3,246
fold3_room13_mix006.csv,2537,1,1,-1,3,247
fold3_room13_mix006.csv,2538,1,1,-1,2,247
fold3_room13_mix006.csv,2539,1,1,0,2,247
fold3_room13_mix006.csv,2540,1,1,0,2,247
fold3_room13_mix006.csv,2541,1,1,1,2,246
fold3_room13_mix006.csv,2542,1,1,1,2,246
fold3_room13_mix006.csv,2543,1,1,1,2,245
fold3_room13_mix006.csv,2544,1,1,1,2,244
fold3_room13_mix006.csv,2545,1,1,1,3,242
fold3_room13_mix006.csv,2546,1,1,0,3,240
fold3_room13_mix006.csv,2547,1,1,0,3,240
fold3_room13_mix006.csv,2548,1,1,0,2,240
fold3_room13_mix006.csv,2549,1,1,0,2,239
fold3_room13_mix006.csv,2766,1,1,2,3,246
fold3_room13_mix006.csv,2767,1,1,2,3,246
fold3_room13_mix006.csv,2768,1,1,2,3,246
fold3_room13_mix006.csv,2769,1,1,2,3,247
fold3_room13_mix006.csv,2770,1,1,1,3,247
fold3_room13_mix006.csv,2780,1,1,1,3,247
fold3_room13_mix006.csv,2781,1,1,1,3,247
fold3_room13_mix006.csv,2782,1,1,1,3,246
fold3_room13_mix006.csv,2783,1,1,1,3,245
fold3_room13_mix006.csv,2784,1,1,1,3,244
fold3_room13_mix006.csv,2785,1,1,0,3,244
fold3_room13_mix006.csv,2786,1,1,1,3,244
fold3_room13_mix006.csv,2787,1,1,1,3,243
fold3_room13_mix006.csv,2788,1,1,1,3,243
fold3_room13_mix006.csv,2789,1,1,1,3,243
fold3_room13_mix006.csv,2790,1,1,1,3,243
fold3_room13_mix006.csv,2791,1,1,1,3,243
fold3_room13_mix006.csv,2792,1,1,1,3,244
fold3_room13_mix006.csv,2793,1,1,1,3,244
fold3_room13_mix006.csv,2794,1,1,1,3,244
fold3_room13_mix006.csv,2795,1,1,2,3,244
fold3_room13_mix006.csv,2796,1,1,2,3,246
fold3_room13_mix006.csv,2797,1,1,2,3,247
fold3_room13_mix006.csv,2798,1,1,2,3,249
fold3_room13_mix006.csv,2799,1,1,2,3,252
fold3_room13_mix006.csv,2800,1,1,1,3,255
fold3_room13_mix006.csv,2801,1,1,1,3,257
fold3_room13_mix006.csv,2802,1,1,1,3,259
fold3_room13_mix006.csv,2803,1,1,1,4,260
fold3_room13_mix006.csv,2804,1,1,2,4,262
fold3_room13_mix006.csv,2805,1,1,2,4,263
fold3_room13_mix006.csv,2806,1,1,2,4,264
fold3_room13_mix006.csv,2807,1,1,2,4,265
fold3_room13_mix006.csv,2808,1,1,3,4,265
fold3_room13_mix006.csv,2809,1,1,3,4,266
fold3_room13_mix006.csv,2810,1,1,3,4,266
fold3_room13_mix006.csv,2811,1,1,4,4,266
fold3_room13_mix006.csv,2826,1,1,3,4,269
fold3_room13_mix006.csv,2827,1,1,3,4,269
fold3_room13_mix006.csv,2828,1,1,4,3,269
fold3_room13_mix006.csv,2829,1,1,4,3,270
fold3_room13_mix006.csv,2830,1,1,4,3,271
fold3_room13_mix006.csv,2838,1,1,5,3,272
fold3_room13_mix006.csv,2839,1,1,5,3,272
fold3_room13_mix006.csv,2840,1,1,5,3,273
fold3_room13_mix006.csv,2866,1,1,5,3,273
fold3_room13_mix006.csv,2867,1,1,5,3,273
fold3_room13_mix006.csv,2868,1,1,5,3,272
fold3_room13_mix006.csv,2869,1,1,5,3,273
fold3_room13_mix006.csv,2870,1,1,5,3,273
fold3_room13_mix006.csv,2871,1,1,5,3,272
fold3_room13_mix006.csv,2872,1,1,5,3,273
fold3_room13_mix006.csv,2873,1,1,4,3,272
fold3_room13_mix006.csv,2874,1,1,4,3,272
fold3_room13_mix006.csv,2875,1,1,4,3,272
fold3_room13_mix006.csv,2876,1,1,4,3,272
fold3_room13_mix006.csv,2877,1,1,4,3,272
fold3_room13_mix006.csv,2878,1,1,3,3,272
fold3_room13_mix006.csv,2879,1,1,3,3,272
fold3_room13_mix006.csv,2880,1,1,3,3,272
fold3_room13_mix006.csv,2881,1,1,2,3,271
fold3_room13_mix006.csv,2882,1,1,1,3,271
fold3_room13_mix006.csv,2883,1,1,1,3,271
fold3_room13_mix006.csv,2884,1,1,0,3,272
fold3_room13_mix006.csv,2885,1,1,0,3,272
fold3_room13_mix006.csv,2894,1,1,2,3,269
fold3_room13_mix006.csv,2895,1,1,2,3,268
fold3_room13_mix006.csv,2896,1,1,3,3,268
fold3_room13_mix006.csv,2910,1,1,5,3,271
fold3_room13_mix006.csv,2911,1,1,6,3,271
fold3_room13_mix006.csv,2912,1,1,6,3,271
fold3_room13_mix006.csv,2913,1,1,6,3,272
fold3_room13_mix006.csv,2914,1,1,6,3,272
fold3_room13_mix006.csv,2915,1,1,6,3,272
fold3_room13_mix006.csv,2916,1,1,6,3,272
fold3_room13_mix006.csv,2917,1,1,6,3,272
fold3_room13_mix006.csv,2918,1,1,6,3,272
fold3_room13_mix006.csv,2919,1,1,6,3,272
fold3_room13_mix006.csv,2920,1,1,6,3,272
fold3_room13_mix006.csv,2921,1,1,6,3,272
fold3_room13_mix006.csv,2922,1,1,6,3,272
fold3_room13_mix006.csv,2923,1,1,6,3,272
fold3_room13_mix006.csv,2971,1,1,6,3,275
fold3_room13_mix006.csv,2972,1,1,6,3,275
fold3_room13_mix006.csv,2973,1,1,6,3,275
fold3_room13_mix006.csv,2974,1,1,6,3,275
fold3_room13_mix006.csv,2975,1,1,6,3,275
fold3_room13_mix006.csv,2976,1,1,6,3,275
fold3_room13_mix006.csv,2977,1,1,6,3,275
fold3_room13_mix006.csv,2978,1,1,6,3,275
fold3_room13_mix006.csv,2979,1,1,7,3,275
fold3_room13_mix006.csv,2980,1,1,7,3,275
fold3_room13_mix006.csv,2990,1,1,6,3,274
fold3_room13_mix006.csv,2991,1,1,6,3,274
fold3_room13_mix006.csv,2992,1,1,5,3,274
fold3_room13_mix006.csv,2993,1,1,5,3,275
fold3_room13_mix006.csv,2994,1,1,5,3,275
fold3_room13_mix006.csv,2995,1,1,5,3,275
fold3_room13_mix006.csv,2996,1,1,5,3,275
fold3_room13_mix006.csv,2997,1,1,5,3,274
fold3_room13_mix006.csv,2998,1,1,6,3,274
fold3_room13_mix006.csv,2999,1,1,6,3,274
fold3_room13_mix006.csv,3000,1,1,6,3,274
fold3_room13_mix006.csv,3001,1,1,6,3,274
fold3_room13_mix006.csv,3002,1,1,5,3,274
fold3_room13_mix006.csv,3003,1,1,5,3,274
fold3_room13_mix006.csv,3004,1,1,5,3,275
fold3_room13_mix006.csv,3005,1,1,4,3,276
fold3_room13_mix006.csv,3006,1,1,3,3,277
fold3_room13_mix006.csv,3007,1,1,3,3,277
fold3_room13_mix006.csv,3008,1,1,3,3,276
fold3_room13_mix006.csv,3009,1,1,3,4,275
fold3_room13_mix006.csv,3010,1,1,4,4,274
fold3_room13_mix006.csv,3011,1,1,4,4,273
fold3_room13_mix006.csv,3012,1,1,5,3,272
fold3_room13_mix006.csv,3013,1,1,5,3,271
fold3_room13_mix006.csv,3014,1,1,6,3,271
fold3_room13_mix006.csv,3015,1,1,6,3,271
fold3_room13_mix006.csv,3025,1,1,6,3,273
fold3_room13_mix006.csv,3026,1,1,6,3,272
fold3_room13_mix006.csv,3027,1,1,6,3,272
fold3_room13_mix006.csv,3028,1,1,6,3,272
fold3_room13_mix006.csv,3029,1,1,6,3,273
fold3_room13_mix006.csv,3030,1,1,7,3,273
fold3_room13_mix006.csv,3031,1,1,8,3,274
fold3_room13_mix006.csv,3032,1,1,8,2,274
fold3_room13_mix006.csv,3033,1,1,8,2,274
fold3_room13_mix006.csv,3034,1,1,8,3,274
fold3_room13_mix006.csv,3035,1,1,8,3,274
fold3_room13_mix006.csv,3036,1,1,8,3,274
fold3_room13_mix006.csv,3037,1,1,8,3,274
fold3_room13_mix006.csv,3038,1,1,8,3,274
fold3_room13_mix006.csv,3039,1,1,8,3,274
fold3_room13_mix006.csv,3040,1,1,8,3,274
fold3_room13_mix006.csv,3041,1,1,8,3,274
fold3_room13_mix006.csv,3042,1,1,8,3,273
fold3_room13_mix006.csv,3043,1,1,7,3,273
fold3_room13_mix006.csv,3044,1,1,7,3,273
fold3_room13_mix006.csv,3045,1,1,6,3,273
fold3_room13_mix006.csv,3046,1,1,6,3,273
fold3_room13_mix006.csv,3047,1,1,6,4,273
fold3_room13_mix006.csv,3048,1,1,6,3,273
fold3_room13_mix006.csv,3049,1,1,5,3,273
fold3_room13_mix006.csv,3050,1,1,6,3,273
fold3_room13_mix006.csv,3051,1,1,6,3,273
fold3_room13_mix006.csv,3052,1,1,6,3,273
fold3_room13_mix006.csv,3053,1,1,5,3,274
fold3_room13_mix006.csv,3054,1,1,5,3,273
fold3_room13_mix006.csv,3055,1,1,5,3,273
fold3_room13_mix007.csv,580,1,1,20,3,279
fold3_room13_mix007.csv,581,1,1,20,3,278
fold3_room13_mix007.csv,1448,1,1,-31,1,312
fold3_room13_mix007.csv,1891,1,1,-39,2,350
fold3_room13_mix007.csv,1892,1,1,-38,2,347
fold3_room13_mix007.csv,1893,1,1,-37,2,344
fold3_room13_mix007.csv,1894,1,1,-36,2,342
fold3_room13_mix007.csv,1895,1,1,-36,2,339
fold3_room13_mix007.csv,1896,1,1,-35,2,336
fold3_room13_mix007.csv,2116,1,1,21,3,248
fold3_room13_mix007.csv,2117,1,1,22,3,247
fold3_room13_mix007.csv,2118,1,1,22,3,247
fold3_room13_mix009.csv,3865,1,1,-38,2,417
fold3_room13_mix009.csv,3866,1,1,-38,2,417
fold3_room4_mix001.csv,485,1,2,177,-1,224
fold3_room4_mix001.csv,486,1,2,177,-1,223
fold3_room4_mix001.csv,487,1,2,178,-1,222
fold3_room4_mix001.csv,488,1,2,178,-1,222
fold3_room4_mix001.csv,489,1,2,178,-1,222
fold3_room4_mix001.csv,505,1,2,179,-1,224
fold3_room4_mix001.csv,506,1,2,179,-1,224
fold3_room4_mix001.csv,507,1,2,179,-1,224
fold3_room4_mix001.csv,508,1,2,179,-1,224
fold3_room4_mix001.csv,509,1,2,179,-1,224
fold3_room4_mix001.csv,510,1,2,179,-1,225
fold3_room4_mix001.csv,511,1,2,179,-1,226
fold3_room4_mix001.csv,512,1,2,179,-1,227
fold3_room4_mix001.csv,513,1,2,180,-1,227
fold3_room4_mix001.csv,514,1,2,180,-1,226
fold3_room4_mix001.csv,515,1,2,180,-1,226
fold3_room4_mix001.csv,516,1,2,179,-1,226
fold3_room4_mix001.csv,517,1,2,179,-1,226
fold3_room4_mix001.csv,518,1,2,179,-1,226
fold3_room4_mix001.csv,519,1,2,179,-1,226
fold3_room4_mix001.csv,520,1,2,178,-1,226
fold3_room4_mix001.csv,521,1,2,178,-1,226
fold3_room4_mix001.csv,522,1,2,178,-1,226
fold3_room4_mix001.csv,523,1,2,178,-1,226
fold3_room4_mix001.csv,524,1,2,178,-1,225
fold3_room4_mix001.csv,540,1,2,179,-1,225
fold3_room4_mix001.csv,541,1,2,179,-1,226
fold3_room4_mix001.csv,542,1,2,179,-1,227
fold3_room4_mix001.csv,543,1,2,180,-1,227
fold3_room4_mix001.csv,544,1,2,-180,-1,228
fold3_room4_mix001.csv,545,1,2,-179,-1,228
fold3_room4_mix001.csv,546,1,2,-179,-1,228
fold3_room4_mix001.csv,547,1,2,-179,-1,228
fold3_room4_mix001.csv,548,1,2,-179,-1,227
fold3_room4_mix001.csv,549,1,2,-180,-1,227
fold3_room4_mix001.csv,550,1,2,180,-1,226
fold3_room4_mix001.csv,551,1,2,179,-1,225
fold3_room4_mix001.csv,552,1,2,179,-1,225
fold3_room4_mix001.csv,553,1,2,179,-1,225
fold3_room4_mix001.csv,554,1,2,179,-1,224
fold3_room4_mix001.csv,555,1,2,179,-1,224
fold3_room4_mix001.csv,556,1,2,179,-1,224
fold3_room4_mix001.csv,557,1,2,179,-1,224
fold3_room4_mix001.csv,558,1,2,179,-1,223
fold3_room4_mix001.csv,559,1,2,179,-1,223
fold3_room4_mix001.csv,560,1,2,179,0,221
fold3_room4_mix001.csv,561,1,2,179,0,219
fold3_room4_mix001.csv,562,1,2,179,0,218
fold3_room4_mix001.csv,563,1,2,179,0,216
fold3_room4_mix001.csv,564,1,2,179,0,216
fold3_room4_mix001.csv,565,1,2,179,0,216
fold3_room4_mix001.csv,566,1,2,179,0,216
fold3_room4_mix001.csv,567,1,2,179,0,217
fold3_room4_mix001.csv,568,1,2,179,0,217
fold3_room4_mix001.csv,569,1,2,179,0,218
fold3_room4_mix001.csv,570,1,2,179,0,218
fold3_room4_mix001.csv,571,1,2,179,0,219
fold3_room4_mix001.csv,572,1,2,179,0,219
fold3_room4_mix001.csv,573,1,2,179,0,218
fold3_room4_mix001.csv,574,1,2,179,0,218
fold3_room4_mix001.csv,575,1,2,179,0,218
fold3_room4_mix001.csv,576,1,2,179,0,218
fold3_room4_mix001.csv,577,1,2,179,0,219
fold3_room4_mix001.csv,578,1,2,179,-1,220
fold3_room4_mix001.csv,579,1,2,179,-1,220
fold3_room4_mix001.csv,580,1,2,179,-1,220
fold3_room4_mix001.csv,581,1,2,179,-1,220
fold3_room4_mix001.csv,582,1,2,179,-1,220
fold3_room4_mix001.csv,583,1,2,178,-1,219
fold3_room4_mix001.csv,584,1,2,178,-1,219
fold3_room4_mix001.csv,585,1,2,178,-1,220
fold3_room4_mix001.csv,586,1,2,178,-1,220
fold3_room4_mix001.csv,587,1,2,178,-1,220
fold3_room4_mix001.csv,588,1,2,179,-1,221
fold3_room4_mix001.csv,589,1,2,179,-1,221
fold3_room4_mix001.csv,630,1,2,180,-1,222
fold3_room4_mix001.csv,631,1,2,179,-1,221
fold3_room4_mix001.csv,632,1,2,179,-1,222
fold3_room4_mix001.csv,633,1,2,179,-1,222
fold3_room4_mix001.csv,634,1,2,179,-1,222
fold3_room4_mix001.csv,645,1,2,179,-1,221
fold3_room4_mix001.csv,646,1,2,179,-1,221
fold3_room4_mix001.csv,647,1,2,179,-1,221
fold3_room4_mix001.csv,648,1,2,179,-1,221
fold3_room4_mix001.csv,649,1,2,179,-1,221
fold3_room4_mix001.csv,650,1,2,179,-1,221
fold3_room4_mix001.csv,651,1,2,179,-1,221
fold3_room4_mix001.csv,652,1,2,179,-1,221
fold3_room4_mix001.csv,653,1,2,179,-1,221
fold3_room4_mix001.csv,654,1,2,179,-1,221
fold3_room4_mix001.csv,655,1,2,179,-1,221
fold3_room4_mix001.csv,656,1,2,179,-1,221
fold3_room4_mix001.csv,657,1,2,179,-1,222
fold3_room4_mix001.csv,658,1,2,180,-1,223
fold3_room4_mix001.csv,659,1,2,-180,-1,225
fold3_room4_mix001.csv,660,1,2,-179,-1,228
fold3_room4_mix001.csv,661,1,2,-179,0,231
fold3_room4_mix001.csv,662,1,2,-179,0,234
fold3_room4_mix001.csv,663,1,2,-179,0,237
fold3_room4_mix001.csv,664,1,2,-180,0,241
fold3_room4_mix001.csv,665,1,2,180,0,245
fold3_room4_mix001.csv,666,1,2,180,0,247
fold3_room4_mix001.csv,667,1,2,179,0,250
fold3_room4_mix001.csv,668,1,2,179,0,251
fold3_room4_mix001.csv,669,1,2,179,0,252
fold3_room4_mix001.csv,670,1,2,179,0,253
fold3_room4_mix001.csv,671,1,2,179,0,254
fold3_room4_mix001.csv,672,1,2,179,0,254
fold3_room4_mix001.csv,673,1,2,179,0,254
fold3_room4_mix001.csv,674,1,2,179,0,253
fold3_room4_mix001.csv,675,1,2,179,0,252
fold3_room4_mix001.csv,676,1,2,179,0,250
fold3_room4_mix001.csv,677,1,2,179,0,247
fold3_room4_mix001.csv,678,1,2,179,0,244
fold3_room4_mix001.csv,679,1,2,179,0,240
fold3_room4_mix001.csv,680,1,2,179,0,236
fold3_room4_mix001.csv,681,1,2,180,0,232
fold3_room4_mix001.csv,682,1,2,180,0,227
fold3_room4_mix001.csv,683,1,2,179,0,223
fold3_room4_mix001.csv,684,1,2,179,0,220
fold3_room4_mix001.csv,685,1,2,179,-1,218
fold3_room4_mix001.csv,686,1,2,178,-1,217
fold3_room4_mix001.csv,687,1,2,178,-1,217
fold3_room4_mix001.csv,688,1,2,178,-1,218
fold3_room4_mix001.csv,689,1,2,178,-1,218
fold3_room4_mix001.csv,690,1,2,177,-1,219
fold3_room4_mix001.csv,691,1,2,177,-1,219
fold3_room4_mix001.csv,692,1,2,177,-1,219
fold3_room4_mix001.csv,693,1,2,177,-1,219
fold3_room4_mix001.csv,694,1,2,178,-1,219
fold3_room4_mix001.csv,695,1,2,178,-1,219
fold3_room4_mix001.csv,696,1,2,178,-1,219
fold3_room4_mix001.csv,697,1,2,178,-1,219
fold3_room4_mix001.csv,698,1,2,178,-1,219
fold3_room4_mix001.csv,699,1,2,178,-1,219
fold3_room4_mix001.csv,700,1,2,178,-1,219
fold3_room4_mix001.csv,701,1,2,178,-1,219
fold3_room4_mix001.csv,702,1,2,178,-1,219
fold3_room4_mix001.csv,703,1,2,178,-1,219
fold3_room4_mix001.csv,704,1,2,178,-1,219
fold3_room4_mix001.csv,705,1,2,178,-1,219
fold3_room4_mix001.csv,706,1,2,178,-1,219
fold3_room4_mix001.csv,707,1,2,178,-1,219
fold3_room4_mix001.csv,708,1,2,178,-1,219
fold3_room4_mix001.csv,709,1,2,178,-1,219
fold3_room4_mix001.csv,710,1,2,178,-1,220
fold3_room4_mix001.csv,711,1,2,179,-1,220
fold3_room4_mix001.csv,712,1,2,179,-1,220
fold3_room4_mix001.csv,713,1,2,179,-1,221
fold3_room4_mix001.csv,714,1,2,180,-1,221
fold3_room4_mix001.csv,715,1,2,180,-1,221
fold3_room4_mix001.csv,716,1,2,180,-1,220
fold3_room4_mix001.csv,717,1,2,179,-1,220
fold3_room4_mix001.csv,718,1,2,179,-1,220
fold3_room4_mix001.csv,719,1,2,179,-1,220
fold3_room4_mix001.csv,720,1,2,179,-1,220
fold3_room4_mix001.csv,721,1,2,179,-1,220
fold3_room4_mix001.csv,722,1,2,179,-1,220
fold3_room4_mix001.csv,723,1,2,179,-1,220
fold3_room4_mix001.csv,724,1,2,179,-1,220
fold3_room4_mix001.csv,740,1,2,179,-1,221
fold3_room4_mix001.csv,741,1,2,179,-1,221
fold3_room4_mix001.csv,742,1,2,179,-1,220
fold3_room4_mix001.csv,743,1,2,178,-1,220
fold3_room4_mix001.csv,744,1,2,178,-1,219
fold3_room4_mix001.csv,745,1,2,178,-1,219
fold3_room4_mix001.csv,746,1,2,178,-1,218
fold3_room4_mix001.csv,747,1,2,178,-1,217
fold3_room4_mix001.csv,748,1,2,178,-1,217
fold3_room4_mix001.csv,749,1,2,178,-1,217
fold3_room4_mix001.csv,750,1,2,178,-1,217
fold3_room4_mix001.csv,751,1,2,178,-1,217
fold3_room4_mix001.csv,752,1,2,178,-1,217
fold3_room4_mix001.csv,753,1,2,178,-1,217
fold3_room4_mix001.csv,754,1,2,178,-1,217
fold3_room4_mix001.csv,765,1,2,179,-1,219
fold3_room4_mix001.csv,766,1,2,179,-1,219
fold3_room4_mix001.csv,767,1,2,179,-1,219
fold3_room4_mix001.csv,768,1,2,179,-1,219
fold3_room4_mix001.csv,769,1,2,179,-1,219
fold3_room4_mix001.csv,780,1,2,-178,-1,225
fold3_room4_mix001.csv,781,1,2,-178,-1,225
fold3_room4_mix001.csv,782,1,2,-178,-1,225
fold3_room4_mix001.csv,783,1,2,-178,-1,225
fold3_room4_mix001.csv,784,1,2,-178,-1,225
fold3_room4_mix001.csv,785,1,2,-178,-1,224
fold3_room4_mix001.csv,786,1,2,-178,-1,224
fold3_room4_mix001.csv,787,1,2,-178,-1,224
fold3_room4_mix001.csv,788,1,2,-179,-1,224
fold3_room4_mix001.csv,789,1,2,-179,-1,224
fold3_room4_mix001.csv,790,1,2,-179,-1,223
fold3_room4_mix001.csv,791,1,2,-179,-1,223
fold3_room4_mix001.csv,792,1,2,-179,-1,223
fold3_room4_mix001.csv,793,1,2,-179,-1,223
fold3_room4_mix001.csv,794,1,2,-179,-1,223
fold3_room4_mix001.csv,795,1,2,-179,-1,223
fold3_room4_mix001.csv,796,1,2,-179,-1,223
fold3_room4_mix001.csv,797,1,2,-179,-1,223
fold3_room4_mix001.csv,798,1,2,-179,-1,222
fold3_room4_mix001.csv,799,1,2,-179,-1,222
fold3_room4_mix001.csv,800,1,2,-179,-1,222
fold3_room4_mix001.csv,801,1,2,-179,-1,222
fold3_room4_mix001.csv,802,1,2,-179,-1,222
fold3_room4_mix001.csv,803,1,2,-179,-1,222
fold3_room4_mix001.csv,804,1,2,-179,-1,222
fold3_room4_mix001.csv,810,1,2,-179,-1,222
fold3_room4_mix001.csv,811,1,2,-179,-1,222
fold3_room4_mix001.csv,812,1,2,-179,-1,222
fold3_room4_mix001.csv,813,1,2,-179,-1,222
fold3_room4_mix001.csv,814,1,2,-179,-1,222
fold3_room4_mix001.csv,815,1,2,-179,-1,221
fold3_room4_mix001.csv,816,1,2,-179,-1,221
fold3_room4_mix001.csv,817,1,2,-179,-1,221
fold3_room4_mix001.csv,818,1,2,-179,-1,221
fold3_room4_mix001.csv,819,1,2,-179,-1,221
fold3_room4_mix001.csv,820,1,2,-180,-1,221
fold3_room4_mix001.csv,821,1,2,-180,-1,220
fold3_room4_mix001.csv,822,1,2,-180,-1,220
fold3_room4_mix001.csv,823,1,2,-180,-1,220
fold3_room4_mix001.csv,824,1,2,180,-1,220
fold3_room4_mix001.csv,825,1,2,180,-1,219
fold3_room4_mix001.csv,826,1,2,180,-1,219
fold3_room4_mix001.csv,827,1,2,179,-1,219
fold3_room4_mix001.csv,828,1,2,179,-1,219
fold3_room4_mix001.csv,829,1,2,179,-1,219
fold3_room4_mix001.csv,830,1,2,179,-1,219
fold3_room4_mix001.csv,831,1,2,179,-1,219
fold3_room4_mix001.csv,832,1,2,180,-1,220
fold3_room4_mix001.csv,833,1,2,180,-1,220
fold3_room4_mix001.csv,834,1,2,180,-1,220
fold3_room4_mix001.csv,860,1,2,180,-1,220
fold3_room4_mix001.csv,861,1,2,180,-1,220
fold3_room4_mix001.csv,862,1,2,180,-1,220
fold3_room4_mix001.csv,863,1,2,180,-1,220
fold3_room4_mix001.csv,864,1,2,180,-1,220
fold3_room4_mix001.csv,865,1,2,180,-1,220
fold3_room4_mix001.csv,866,1,2,180,-1,220
fold3_room4_mix001.csv,867,1,2,-180,-1,221
fold3_room4_mix001.csv,868,1,2,-180,-1,221
fold3_room4_mix001.csv,869,1,2,-180,-1,221
fold3_room4_mix001.csv,895,1,2,-180,-1,222
fold3_room4_mix001.csv,896,1,2,-180,-1,222
fold3_room4_mix001.csv,897,1,2,-180,-1,222
fold3_room4_mix001.csv,898,1,2,-180,-1,222
fold3_room4_mix001.csv,899,1,2,-180,-1,222
fold3_room4_mix001.csv,900,1,2,-180,-1,222
fold3_room4_mix001.csv,901,1,2,-180,-1,222
fold3_room4_mix001.csv,902,1,2,-180,-1,222
fold3_room4_mix001.csv,903,1,2,-180,-1,222
fold3_room4_mix001.csv,904,1,2,-180,-1,222
fold3_room4_mix001.csv,915,1,2,-179,0,216
fold3_room4_mix001.csv,916,1,2,-179,0,216
fold3_room4_mix001.csv,917,1,2,-179,0,216
fold3_room4_mix001.csv,918,1,2,-179,0,216
fold3_room4_mix001.csv,919,1,2,-179,0,216
fold3_room4_mix001.csv,920,1,2,-179,0,216
fold3_room4_mix001.csv,921,1,2,-179,0,216
fold3_room4_mix001.csv,922,1,2,-179,0,216
fold3_room4_mix001.csv,923,1,2,-179,0,216
fold3_room4_mix001.csv,924,1,2,-179,0,216
fold3_room4_mix001.csv,925,1,2,-179,0,216
fold3_room4_mix001.csv,926,1,2,-179,0,216
fold3_room4_mix001.csv,927,1,2,-179,0,216
fold3_room4_mix001.csv,928,1,2,-179,0,216
fold3_room4_mix001.csv,929,1,2,-179,0,217
fold3_room4_mix001.csv,930,1,2,-179,0,217
fold3_room4_mix001.csv,931,1,2,-179,0,217
fold3_room4_mix001.csv,932,1,2,-179,0,217
fold3_room4_mix001.csv,933,1,2,-179,0,217
fold3_room4_mix001.csv,934,1,2,-180,0,217
fold3_room4_mix001.csv,935,1,2,-180,0,216
fold3_room4_mix001.csv,936,1,2,-180,0,217
fold3_room4_mix001.csv,937,1,2,-180,0,217
fold3_room4_mix001.csv,938,1,2,-180,0,218
fold3_room4_mix001.csv,939,1,2,-180,0,218
fold3_room4_mix001.csv,940,1,2,-179,0,218
fold3_room4_mix001.csv,941,1,2,-179,-1,218
fold3_room4_mix001.csv,942,1,2,-179,-1,218
fold3_room4_mix001.csv,943,1,2,-179,-1,218
fold3_room4_mix001.csv,944,1,2,-179,-1,218
fold3_room4_mix001.csv,945,1,2,-180,-1,218
fold3_room4_mix001.csv,946,1,2,-180,-1,218
fold3_room4_mix001.csv,947,1,2,-180,-1,218
fold3_room4_mix001.csv,948,1,2,-180,-1,218
fold3_room4_mix001.csv,949,1,2,-180,-1,218
fold3_room4_mix001.csv,950,1,2,-180,-1,218
fold3_room4_mix001.csv,951,1,2,-180,-1,218
fold3_room4_mix001.csv,952,1,2,-180,-1,218
fold3_room4_mix001.csv,953,1,2,-180,-1,218
fold3_room4_mix001.csv,954,1,2,-180,-1,218
fold3_room4_mix001.csv,975,1,2,-179,-1,220
fold3_room4_mix001.csv,976,1,2,-179,-1,220
fold3_room4_mix001.csv,977,1,2,-179,-1,220
fold3_room4_mix001.csv,978,1,2,-179,-1,220
fold3_room4_mix001.csv,979,1,2,-179,-1,220
fold3_room4_mix001.csv,980,1,2,-179,-1,220
fold3_room4_mix001.csv,981,1,2,-179,-1,220
fold3_room4_mix001.csv,982,1,2,-179,-1,220
fold3_room4_mix001.csv,983,1,2,-179,-1,220
fold3_room4_mix001.csv,984,1,2,-179,-1,220
fold3_room4_mix001.csv,995,1,2,-179,-1,220
fold3_room4_mix001.csv,996,1,2,-179,-1,220
fold3_room4_mix001.csv,997,1,2,-179,-1,220
fold3_room4_mix001.csv,998,1,2,-179,-1,220
fold3_room4_mix001.csv,999,1,2,-179,-1,220
fold3_room4_mix001.csv,1000,1,2,-179,-1,220
fold3_room4_mix001.csv,1001,1,2,-179,-1,220
fold3_room4_mix001.csv,1002,1,2,-179,-1,219
fold3_room4_mix001.csv,1003,1,2,-179,-1,219
fold3_room4_mix001.csv,1004,1,2,-179,-1,219
fold3_room4_mix001.csv,1005,1,2,-179,-1,219
fold3_room4_mix001.csv,1006,1,2,-180,-1,219
fold3_room4_mix001.csv,1007,1,2,-180,-1,219
fold3_room4_mix001.csv,1008,1,2,-180,-1,219
fold3_room4_mix001.csv,1009,1,2,-180,-1,219
fold3_room4_mix001.csv,1010,1,2,-180,-1,219
fold3_room4_mix001.csv,1011,1,2,-180,-1,219
fold3_room4_mix001.csv,1012,1,2,-180,-1,219
fold3_room4_mix001.csv,1013,1,2,-180,-1,219
fold3_room4_mix001.csv,1014,1,2,-180,-1,219
fold3_room4_mix001.csv,1035,1,2,180,-1,219
fold3_room4_mix001.csv,1036,1,2,180,-1,219
fold3_room4_mix001.csv,1037,1,2,180,-1,219
fold3_room4_mix001.csv,1038,1,2,180,-1,219
fold3_room4_mix001.csv,1039,1,2,179,-1,218
fold3_room4_mix001.csv,1040,1,2,179,-1,218
fold3_room4_mix001.csv,1041,1,2,179,-1,218
fold3_room4_mix001.csv,1042,1,2,179,-1,218
fold3_room4_mix001.csv,1043,1,2,179,-1,218
fold3_room4_mix001.csv,1044,1,2,179,-1,219
fold3_room4_mix001.csv,1055,1,2,180,-1,218
fold3_room4_mix001.csv,1056,1,2,180,-1,218
fold3_room4_mix001.csv,1057,1,2,180,-1,218
fold3_room4_mix001.csv,1058,1,2,180,-1,218
fold3_room4_mix001.csv,1059,1,2,180,-1,218
fold3_room4_mix001.csv,1060,1,2,179,-1,218
fold3_room4_mix001.csv,1061,1,2,179,-1,217
fold3_room4_mix001.csv,1062,1,2,179,-1,217
fold3_room4_mix001.csv,1063,1,2,179,-1,217
fold3_room4_mix001.csv,1064,1,2,178,-1,217
fold3_room4_mix001.csv,1065,1,2,178,-1,217
fold3_room4_mix001.csv,1066,1,2,178,-1,217
fold3_room4_mix001.csv,1067,1,2,178,-1,216
fold3_room4_mix001.csv,1068,1,2,178,-1,216
fold3_room4_mix001.csv,1069,1,2,178,-1,217
fold3_room4_mix004.csv,1081,1,1,-15,-1,160
fold3_room4_mix004.csv,1082,1,1,-15,-1,160
fold3_room4_mix004.csv,1083,1,1,-15,-1,160
fold3_room4_mix004.csv,1084,1,1,-15,-1,160
fold3_room4_mix004.csv,1085,1,1,-15,-1,162
fold3_room4_mix004.csv,1086,1,1,-16,-1,165
fold3_room4_mix004.csv,1087,1,1,-17,0,168
fold3_room4_mix004.csv,1088,1,1,-18,0,172
fold3_room4_mix004.csv,1089,1,1,-19,0,175
fold3_room4_mix004.csv,1090,1,1,-20,0,177
fold3_room4_mix004.csv,1091,1,1,-21,0,179
fold3_room4_mix004.csv,1092,1,1,-21,0,180
fold3_room4_mix004.csv,1093,1,1,-22,0,178
fold3_room4_mix004.csv,1110,1,1,-28,16,143
fold3_room4_mix004.csv,1111,1,1,-29,16,145
fold3_room4_mix004.csv,1112,1,1,-29,16,145
fold3_room4_mix004.csv,1113,1,1,-30,16,143
fold3_room4_mix004.csv,1114,1,1,-29,17,141
fold3_room4_mix004.csv,1115,1,1,-29,17,137
fold3_room4_mix004.csv,1116,1,1,-27,18,134
fold3_room4_mix004.csv,1117,1,1,-26,18,131
fold3_room4_mix004.csv,1118,1,1,-25,19,128
fold3_room4_mix004.csv,1119,1,1,-25,19,125
fold3_room4_mix004.csv,1120,1,1,-25,20,122
fold3_room4_mix004.csv,1121,1,1,-26,20,119
fold3_room4_mix004.csv,1122,1,1,-28,20,116
fold3_room4_mix004.csv,1123,1,1,-30,20,113
fold3_room4_mix004.csv,1124,1,1,-33,20,112
fold3_room4_mix004.csv,1125,1,1,-36,21,112
fold3_room4_mix004.csv,1126,1,1,-39,21,112
fold3_room4_mix004.csv,1127,1,1,-42,21,111
fold3_room4_mix004.csv,1128,1,1,-44,21,110
fold3_room4_mix004.csv,1129,1,1,-45,21,109
fold3_room4_mix004.csv,1130,1,1,-46,22,106
fold3_room4_mix004.csv,1131,1,1,-46,22,102
fold3_room4_mix004.csv,1132,1,1,-45,22,97
fold3_room4_mix004.csv,1162,1,1,-42,25,93
fold3_room4_mix004.csv,1163,1,1,-41,27,91
fold3_room4_mix004.csv,1164,1,1,-39,28,89
fold3_room4_mix004.csv,1165,1,1,-37,29,87
fold3_room4_mix004.csv,1166,1,1,-35,29,87
fold3_room4_mix004.csv,1167,1,1,-33,30,86
fold3_room4_mix004.csv,1168,1,1,-31,30,86
fold3_room4_mix004.csv,1169,1,1,-28,29,87
fold3_room4_mix004.csv,1170,1,1,-26,29,88
fold3_room4_mix004.csv,1171,1,1,-23,29,88
fold3_room4_mix004.csv,1172,1,1,-21,28,89
fold3_room4_mix004.csv,1173,1,1,-18,27,90
fold3_room4_mix004.csv,1174,1,1,-14,27,90
fold3_room4_mix004.csv,1175,1,1,-12,27,89
fold3_room4_mix004.csv,1176,1,1,-10,27,87
fold3_room4_mix004.csv,1177,1,1,-7,28,84
fold3_room4_mix004.csv,1178,1,1,-5,30,79
fold3_room4_mix004.csv,1179,1,1,-4,32,75
fold3_room4_mix004.csv,1180,1,1,-4,34,72
fold3_room4_mix004.csv,1181,1,1,-3,36,69
fold3_room4_mix004.csv,1182,1,1,-3,38,67
fold3_room4_mix004.csv,1183,1,1,-3,39,65
fold3_room4_mix004.csv,1184,1,1,-3,40,63
fold3_room4_mix004.csv,1185,1,1,-2,40,62
fold3_room4_mix004.csv,1186,1,1,1,40,63
fold3_room4_mix004.csv,1187,1,1,5,39,65
fold3_room4_mix004.csv,1188,1,1,12,38,67
fold3_room4_mix004.csv,1205,1,1,-13,29,81
fold3_room4_mix004.csv,1206,1,1,-14,29,82
fold3_room4_mix004.csv,1207,1,1,-17,28,83
fold3_room4_mix004.csv,1208,1,1,-20,27,84
fold3_room4_mix004.csv,1209,1,1,-22,27,83
fold3_room4_mix004.csv,1210,1,1,-24,28,81
fold3_room4_mix004.csv,1211,1,1,-27,30,80
fold3_room4_mix004.csv,1212,1,1,-29,30,80
fold3_room4_mix004.csv,1213,1,1,-32,30,81
fold3_room4_mix004.csv,1214,1,1,-34,29,83
fold3_room4_mix004.csv,1215,1,1,-36,28,85
fold3_room4_mix004.csv,1216,1,1,-38,27,88
fold3_room4_mix004.csv,1217,1,1,-40,26,92
fold3_room4_mix004.csv,1218,1,1,-41,25,96
fold3_room4_mix004.csv,1219,1,1,-42,24,100
fold3_room4_mix004.csv,1220,1,1,-43,23,103
fold3_room4_mix004.csv,1221,1,1,-43,22,107
fold3_room4_mix004.csv,1222,1,1,-44,21,110
fold3_room4_mix004.csv,1223,1,1,-44,21,113
fold3_room4_mix004.csv,1224,1,1,-45,20,115
fold3_room4_mix004.csv,1225,1,1,-45,20,117
fold3_room4_mix004.csv,1226,1,1,-46,20,117
fold3_room4_mix004.csv,1227,1,1,-46,20,117
fold3_room4_mix004.csv,1228,1,1,-47,20,115
fold3_room4_mix004.csv,1229,1,1,-48,21,112
fold3_room4_mix004.csv,1230,1,1,-49,21,107
fold3_room4_mix004.csv,1231,1,1,-49,23,102
fold3_room4_mix004.csv,1232,1,1,-49,24,96
fold3_room4_mix004.csv,1233,1,1,-49,26,90
fold3_room4_mix004.csv,1234,1,1,-50,27,85
fold3_room4_mix004.csv,1235,1,1,-50,28,80
fold3_room4_mix004.csv,1241,1,1,-44,28,76
fold3_room4_mix004.csv,1242,1,1,-46,28,79
fold3_room4_mix004.csv,1243,1,1,-54,29,80
fold3_room4_mix004.csv,1244,1,1,-54,27,83
fold3_room4_mix004.csv,1245,1,1,-62,28,82
fold3_room4_mix004.csv,1246,1,1,-65,28,82
fold3_room4_mix004.csv,1247,1,1,-68,27,84
fold3_room4_mix004.csv,1248,1,1,-69,27,85
fold3_room4_mix004.csv,1249,1,1,-70,26,87
fold3_room4_mix004.csv,1250,1,1,-70,26,89
fold3_room4_mix004.csv,1251,1,1,-70,25,91
fold3_room4_mix004.csv,1252,1,1,-70,25,93
fold3_room4_mix004.csv,1253,1,1,-69,24,96
fold3_room4_mix004.csv,1254,1,1,-68,24,99
fold3_room4_mix004.csv,1255,1,1,-65,23,103
fold3_room4_mix004.csv,1256,1,1,-62,23,107
fold3_room4_mix004.csv,1257,1,1,-59,22,110
fold3_room4_mix004.csv,1258,1,1,-57,21,112
fold3_room4_mix004.csv,1259,1,1,-55,21,113
fold3_room4_mix004.csv,1260,1,1,-54,21,113
fold3_room4_mix004.csv,1261,1,1,-53,21,112
fold3_room4_mix004.csv,1262,1,1,-52,22,110
fold3_room4_mix004.csv,1263,1,1,-51,22,107
fold3_room4_mix004.csv,1264,1,1,-50,23,103
fold3_room4_mix004.csv,1265,1,1,-49,24,99
fold3_room4_mix004.csv,1273,1,1,-30,29,87
fold3_room4_mix004.csv,1274,1,1,-27,28,88
fold3_room4_mix004.csv,1275,1,1,-25,28,90
fold3_room4_mix004.csv,1276,1,1,-23,27,91
fold3_room4_mix004.csv,1277,1,1,-22,27,93
fold3_room4_mix004.csv,1278,1,1,-20,26,93
fold3_room4_mix004.csv,1279,1,1,-19,26,93
fold3_room4_mix004.csv,1280,1,1,-18,27,92
fold3_room4_mix004.csv,1281,1,1,-17,27,89
fold3_room4_mix004.csv,1282,1,1,-17,28,87
fold3_room4_mix004.csv,1283,1,1,-18,29,84
fold3_room4_mix004.csv,1284,1,1,-18,31,81
fold3_room4_mix004.csv,1285,1,1,-18,32,78
fold3_room4_mix004.csv,1286,1,1,-19,33,75
fold3_room4_mix004.csv,1287,1,1,-20,34,74
fold3_room4_mix004.csv,1288,1,1,-21,35,73
fold3_room4_mix004.csv,1289,1,1,-15,35,71
fold3_room4_mix004.csv,1290,1,1,-21,36,72
fold3_room4_mix004.csv,1291,1,1,-20,36,72
fold3_room4_mix004.csv,1292,1,1,-18,36,72
fold3_room4_mix004.csv,1293,1,1,-15,35,73
fold3_room4_mix004.csv,1298,1,1,5,36,71
fold3_room4_mix004.csv,1299,1,1,7,36,71
fold3_room4_mix004.csv,1300,1,1,7,36,71
fold3_room4_mix004.csv,1301,1,1,7,36,70
fold3_room4_mix004.csv,1302,1,1,5,36,70
fold3_room4_mix004.csv,1303,1,1,3,36,70
fold3_room4_mix004.csv,1304,1,1,-1,36,70
fold3_room4_mix004.csv,1305,1,1,-5,35,71
fold3_room4_mix004.csv,1306,1,1,-9,34,73
fold3_room4_mix004.csv,1307,1,1,-13,32,75
fold3_room4_mix004.csv,1308,1,1,-17,31,78
fold3_room4_mix004.csv,1309,1,1,-20,29,82
fold3_room4_mix004.csv,1310,1,1,-22,28,86
fold3_room4_mix004.csv,1311,1,1,-24,27,90
fold3_room4_mix004.csv,1312,1,1,-25,26,94
fold3_room4_mix004.csv,1313,1,1,-25,24,100
fold3_room4_mix004.csv,1314,1,1,-26,24,102
fold3_room4_mix004.csv,1329,1,1,-51,20,119
fold3_room4_mix004.csv,1330,1,1,-51,20,120
fold3_room4_mix004.csv,1331,1,1,-50,20,120
fold3_room4_mix004.csv,1332,1,1,-50,20,119
fold3_room4_mix004.csv,1333,1,1,-49,20,118
fold3_room4_mix004.csv,1341,1,1,-48,24,101
fold3_room4_mix004.csv,1342,1,1,-47,25,98
fold3_room4_mix004.csv,1343,1,1,-46,25,95
fold3_room4_mix004.csv,1344,1,1,-45,26,93
fold3_room4_mix004.csv,1345,1,1,-44,26,91
fold3_room4_mix004.csv,1358,1,1,-59,26,87
fold3_room4_mix004.csv,1359,1,1,-59,26,88
fold3_room4_mix004.csv,1360,1,1,-60,26,88
fold3_room4_mix004.csv,1361,1,1,-59,26,89
fold3_room4_mix004.csv,1362,1,1,-58,26,89
fold3_room4_mix004.csv,1363,1,1,-56,26,88
fold3_room4_mix004.csv,1364,1,1,-54,26,88
fold3_room4_mix004.csv,1365,1,1,-51,26,88
fold3_room4_mix004.csv,1382,1,1,-17,33,69
fold3_room4_mix004.csv,1383,1,1,-15,34,68
fold3_room4_mix004.csv,1384,1,1,-13,34,68
fold3_room4_mix004.csv,1385,1,1,-12,35,68
fold3_room4_mix004.csv,1386,1,1,-9,35,68
fold3_room4_mix004.csv,1387,1,1,-8,34,69
fold3_room4_mix004.csv,1388,1,1,-5,34,70
fold3_room4_mix004.csv,1389,1,1,-3,33,71
fold3_room4_mix004.csv,1390,1,1,-1,32,73
fold3_room4_mix004.csv,1391,1,1,1,32,74
fold3_room4_mix004.csv,1392,1,1,3,31,75
fold3_room4_mix004.csv,1393,1,1,5,31,74
fold3_room4_mix004.csv,1413,1,1,-20,29,76
fold3_room4_mix004.csv,1414,1,1,-21,29,81
fold3_room4_mix004.csv,1415,1,1,-21,29,80
fold3_room4_mix004.csv,1416,1,1,-20,30,74
fold3_room4_mix004.csv,1417,1,1,-21,29,75
fold3_room4_mix004.csv,1418,1,1,-23,29,76
fold3_room4_mix004.csv,1419,1,1,-24,28,77
fold3_room4_mix004.csv,1420,1,1,-26,27,82
fold3_room4_mix004.csv,1421,1,1,-28,25,94
fold3_room4_mix004.csv,1422,1,1,-29,24,98
fold3_room4_mix004.csv,1423,1,1,-30,23,103
fold3_room4_mix004.csv,1424,1,1,-30,23,107
fold3_room4_mix004.csv,1425,1,1,-31,22,110
fold3_room4_mix004.csv,1426,1,1,-32,21,113
fold3_room4_mix004.csv,1427,1,1,-33,21,114
fold3_room4_mix004.csv,1428,1,1,-34,21,114
fold3_room4_mix004.csv,1429,1,1,-36,21,114
fold3_room4_mix004.csv,1430,1,1,-37,21,112
fold3_room4_mix004.csv,1431,1,1,-39,22,110
fold3_room4_mix004.csv,1432,1,1,-40,23,107
fold3_room4_mix004.csv,1433,1,1,-42,23,105
fold3_room4_mix004.csv,1434,1,1,-43,24,102
fold3_room4_mix004.csv,1435,1,1,-43,25,99
fold3_room4_mix004.csv,1436,1,1,-44,25,98
fold3_room4_mix004.csv,1437,1,1,-44,25,92
fold3_room4_mix004.csv,1438,1,1,-45,25,99
fold3_room4_mix004.csv,1439,1,1,-47,25,101
fold3_room4_mix004.csv,1440,1,1,-48,24,103
fold3_room4_mix004.csv,1441,1,1,-50,24,105
fold3_room4_mix004.csv,1442,1,1,-52,23,107
fold3_room4_mix004.csv,1443,1,1,-53,22,109
fold3_room4_mix004.csv,1444,1,1,-54,22,112
fold3_room4_mix004.csv,1445,1,1,-54,21,114
fold3_room4_mix004.csv,1446,1,1,-54,21,116
fold3_room4_mix004.csv,1447,1,1,-54,21,117
fold3_room4_mix004.csv,1448,1,1,-53,21,119
fold3_room4_mix004.csv,1462,1,1,-42,20,111
fold3_room4_mix004.csv,1463,1,1,-43,21,108
fold3_room4_mix004.csv,1464,1,1,-43,22,104
fold3_room4_mix004.csv,1465,1,1,-44,23,100
fold3_room4_mix004.csv,1466,1,1,-44,23,96
fold3_room4_mix004.csv,1467,1,1,-45,24,94
fold3_room4_mix004.csv,1468,1,1,-45,24,93
fold3_room4_mix004.csv,1469,1,1,-44,24,91
fold3_room4_mix004.csv,1470,1,1,-43,25,90
fold3_room4_mix004.csv,1471,1,1,-42,25,89
fold3_room4_mix004.csv,1472,1,1,-40,25,89
fold3_room4_mix004.csv,1473,1,1,-39,25,90
fold3_room4_mix004.csv,1474,1,1,-34,22,94
fold3_room4_mix004.csv,1475,1,1,-31,22,95
fold3_room4_mix004.csv,1476,1,1,-32,25,92
fold3_room4_mix004.csv,1477,1,1,-29,24,94
fold3_room4_mix004.csv,1478,1,1,-27,24,96
fold3_room4_mix006.csv,55,1,2,-32,1,117
fold3_room4_mix006.csv,56,1,2,-33,1,117
fold3_room4_mix006.csv,57,1,2,-33,1,117
fold3_room4_mix006.csv,58,1,2,-33,1,120
fold3_room4_mix006.csv,59,1,2,-33,0,124
fold3_room4_mix006.csv,60,1,2,-34,0,128
fold3_room4_mix006.csv,61,1,2,-34,0,133
fold3_room4_mix006.csv,62,1,2,-34,0,138
fold3_room4_mix006.csv,63,1,2,-35,0,143
fold3_room4_mix006.csv,64,1,2,-35,-1,146
fold3_room4_mix006.csv,65,1,2,-36,-1,147
fold3_room4_mix006.csv,66,1,2,-35,-1,148
fold3_room4_mix006.csv,67,1,2,-34,-1,148
fold3_room4_mix006.csv,68,1,2,-33,-1,148
fold3_room4_mix006.csv,69,1,2,-33,-1,148
fold3_room4_mix006.csv,70,1,2,-33,-1,148
fold3_room4_mix006.csv,71,1,2,-33,-1,148
fold3_room4_mix006.csv,72,1,2,-33,-1,147
fold3_room4_mix006.csv,73,1,2,-33,-1,147
fold3_room4_mix006.csv,74,1,2,-33,-1,148
fold3_room4_mix006.csv,75,1,2,-33,-1,149
fold3_room4_mix006.csv,76,1,2,-33,-1,148
fold3_room4_mix006.csv,77,1,2,-33,-1,147
fold3_room4_mix006.csv,78,1,2,-33,-1,147
fold3_room4_mix006.csv,79,1,2,-33,-1,147
fold3_room4_mix006.csv,80,1,2,-33,-1,147
fold3_room4_mix006.csv,81,1,2,-32,-1,147
fold3_room4_mix006.csv,82,1,2,-32,-1,148
fold3_room4_mix006.csv,83,1,2,-32,-1,147
fold3_room4_mix006.csv,84,1,2,-31,-1,147
fold3_room4_mix006.csv,85,1,2,-31,-1,147
fold3_room4_mix006.csv,86,1,2,-31,-1,147
fold3_room4_mix006.csv,87,1,2,-31,-1,147
fold3_room4_mix006.csv,88,1,2,-31,-1,147
fold3_room4_mix006.csv,89,1,2,-31,-1,147
fold3_room4_mix006.csv,90,1,2,-31,-1,147
fold3_room4_mix006.csv,91,1,2,-31,-1,147
fold3_room4_mix006.csv,92,1,2,-31,-1,147
fold3_room4_mix006.csv,93,1,2,-31,-1,147
fold3_room4_mix006.csv,94,1,2,-31,-1,147
fold3_room4_mix006.csv,95,1,2,-31,-1,147
fold3_room4_mix006.csv,96,1,2,-31,-1,146
fold3_room4_mix006.csv,97,1,2,-31,-1,146
fold3_room4_mix006.csv,98,1,2,-31,-1,146
fold3_room4_mix006.csv,99,1,2,-31,-1,146
fold3_room4_mix006.csv,100,1,2,-31,-1,146
fold3_room4_mix006.csv,101,1,2,-31,-1,146
fold3_room4_mix006.csv,102,1,2,-31,-1,146
fold3_room4_mix006.csv,103,1,2,-31,-1,146
fold3_room4_mix006.csv,104,1,2,-31,-1,146
fold3_room4_mix006.csv,105,1,2,-31,-1,146
fold3_room4_mix006.csv,106,1,2,-31,-1,146
fold3_room4_mix006.csv,107,1,2,-31,-1,146
fold3_room4_mix006.csv,108,1,2,-31,-1,146
fold3_room4_mix006.csv,109,1,2,-31,-1,146
fold3_room4_mix006.csv,110,1,2,-31,-1,146
fold3_room4_mix006.csv,111,1,2,-31,-1,147
fold3_room4_mix006.csv,112,1,2,-31,-1,147
fold3_room4_mix006.csv,113,1,2,-31,-1,147
fold3_room4_mix006.csv,114,1,2,-31,-1,147
fold3_room4_mix006.csv,125,1,2,-31,-1,144
fold3_room4_mix006.csv,126,1,2,-31,-1,145
fold3_room4_mix006.csv,127,1,2,-31,-1,145
fold3_room4_mix006.csv,128,1,2,-31,-1,145
fold3_room4_mix006.csv,129,1,2,-31,-1,145
fold3_room4_mix006.csv,130,1,2,-31,-1,145
fold3_room4_mix006.csv,131,1,2,-31,-1,145
fold3_room4_mix006.csv,132,1,2,-31,-1,145
fold3_room4_mix006.csv,133,1,2,-31,-1,145
fold3_room4_mix006.csv,134,1,2,-31,-1,145
fold3_room4_mix006.csv,135,1,2,-31,-1,145
fold3_room4_mix006.csv,136,1,2,-31,-1,146
fold3_room4_mix006.csv,137,1,2,-31,-1,145
fold3_room4_mix006.csv,138,1,2,-31,-1,145
fold3_room4_mix006.csv,139,1,2,-31,-1,146
fold3_room4_mix006.csv,140,1,2,-31,-1,145
fold3_room4_mix006.csv,141,1,2,-31,-1,145
fold3_room4_mix006.csv,142,1,2,-31,-1,145
fold3_room4_mix006.csv,143,1,2,-31,-1,145
fold3_room4_mix006.csv,144,1,2,-31,-1,145
fold3_room4_mix006.csv,145,1,2,-31,-1,145
fold3_room4_mix006.csv,146,1,2,-31,-1,145
fold3_room4_mix006.csv,147,1,2,-31,-1,145
fold3_room4_mix006.csv,148,1,2,-31,-1,145
fold3_room4_mix006.csv,149,1,2,-31,-1,145
fold3_room4_mix006.csv,155,1,1,-1,-1,239
fold3_room4_mix006.csv,156,1,1,-1,-1,239
fold3_room4_mix006.csv,157,1,1,-1,-1,239
fold3_room4_mix006.csv,158,1,1,-1,-1,240
fold3_room4_mix006.csv,159,1,1,-1,-1,240
fold3_room4_mix006.csv,160,1,1,-1,-1,240
fold3_room4_mix006.csv,161,1,1,-1,-1,240
fold3_room4_mix006.csv,162,1,1,-1,-1,240
fold3_room4_mix006.csv,163,1,1,-1,-1,240
fold3_room4_mix006.csv,164,1,1,-1,-1,240
fold3_room4_mix006.csv,165,1,1,-1,-1,240
fold3_room4_mix006.csv,166,1,1,-1,-1,240
fold3_room4_mix006.csv,167,1,1,-1,-1,240
fold3_room4_mix006.csv,168,1,1,-1,-1,240
fold3_room4_mix006.csv,169,1,1,-1,-1,240
fold3_room4_mix006.csv,170,1,1,-1,-1,240
fold3_room4_mix006.csv,171,1,1,-1,-1,240
fold3_room4_mix006.csv,172,1,1,-1,-1,240
fold3_room4_mix006.csv,173,1,1,-1,-1,240
fold3_room4_mix006.csv,174,1,1,-1,-1,240
fold3_room4_mix006.csv,175,1,1,-1,-1,240
fold3_room4_mix006.csv,176,1,1,-1,-1,240
fold3_room4_mix006.csv,177,1,1,-1,-1,240
fold3_room4_mix006.csv,178,1,1,-1,-1,240
fold3_room4_mix006.csv,179,1,1,-1,-1,240
fold3_room4_mix006.csv,180,1,1,-1,-1,240
fold3_room4_mix006.csv,181,1,1,-1,-1,240
fold3_room4_mix006.csv,182,1,1,-1,-1,240
fold3_room4_mix006.csv,183,1,1,-1,-1,240
fold3_room4_mix006.csv,184,1,1,-1,-1,240
fold3_room4_mix006.csv,185,1,1,-1,-1,240
fold3_room4_mix006.csv,186,1,1,-1,-1,240
fold3_room4_mix006.csv,187,1,1,-1,-1,240
fold3_room4_mix006.csv,188,1,1,-1,-1,240
fold3_room4_mix006.csv,189,1,1,-1,-1,240
fold3_room4_mix006.csv,190,1,1,-1,-1,240
fold3_room4_mix006.csv,191,1,1,-1,-1,240
fold3_room4_mix006.csv,192,1,1,-1,-1,240
fold3_room4_mix006.csv,193,1,1,-1,-1,240
fold3_room4_mix006.csv,194,1,1,-1,-1,240
fold3_room4_mix006.csv,195,1,1,-1,-1,240
fold3_room4_mix006.csv,196,1,1,-1,-1,240
fold3_room4_mix006.csv,197,1,1,-1,-1,240
fold3_room4_mix006.csv,198,1,1,-1,-1,240
fold3_room4_mix006.csv,199,1,1,-1,-1,240
fold3_room4_mix006.csv,200,1,2,-31,-1,145
fold3_room4_mix006.csv,201,1,2,-31,-1,145
fold3_room4_mix006.csv,202,1,2,-31,-1,145
fold3_room4_mix006.csv,203,1,2,-32,-1,145
fold3_room4_mix006.csv,204,1,2,-32,-1,146
fold3_room4_mix006.csv,205,1,2,-31,-1,146
fold3_room4_mix006.csv,206,1,2,-31,-1,146
fold3_room4_mix006.csv,207,1,2,-31,-1,146
fold3_room4_mix006.csv,208,1,2,-31,-1,146
fold3_room4_mix006.csv,209,1,2,-31,-1,145
fold3_room4_mix006.csv,210,1,2,-31,-1,145
fold3_room4_mix006.csv,211,1,2,-31,-1,146
fold3_room4_mix006.csv,212,1,2,-31,-1,146
fold3_room4_mix006.csv,213,1,2,-31,-1,145
fold3_room4_mix006.csv,214,1,2,-31,-1,145
fold3_room4_mix006.csv,215,1,2,-31,-1,145
fold3_room4_mix006.csv,216,1,2,-31,-1,145
fold3_room4_mix006.csv,217,1,2,-31,-1,145
fold3_room4_mix006.csv,218,1,2,-31,-1,145
fold3_room4_mix006.csv,219,1,2,-31,-1,145
fold3_room4_mix006.csv,220,1,2,-31,-1,145
fold3_room4_mix006.csv,221,1,2,-31,-1,145
fold3_room4_mix006.csv,222,1,2,-31,-1,146
fold3_room4_mix006.csv,223,1,2,-31,-1,146
fold3_room4_mix006.csv,224,1,2,-31,-1,146
fold3_room4_mix006.csv,225,1,2,-31,-1,145
fold3_room4_mix006.csv,226,1,2,-31,-1,145
fold3_room4_mix006.csv,227,1,2,-31,-1,145
fold3_room4_mix006.csv,228,1,2,-31,-1,145
fold3_room4_mix006.csv,229,1,2,-31,-1,145
fold3_room4_mix006.csv,230,1,2,-31,-1,145
fold3_room4_mix006.csv,231,1,2,-31,-1,145
fold3_room4_mix006.csv,232,1,2,-31,-1,145
fold3_room4_mix006.csv,233,1,2,-31,-1,145
fold3_room4_mix006.csv,234,1,2,-31,-1,145
fold3_room4_mix006.csv,235,1,2,-31,-1,145
fold3_room4_mix006.csv,236,1,2,-31,-1,145
fold3_room4_mix006.csv,237,1,2,-31,-1,145
fold3_room4_mix006.csv,238,1,2,-31,-1,145
fold3_room4_mix006.csv,239,1,2,-31,-1,145
fold3_room4_mix006.csv,240,1,2,-31,-1,145
fold3_room4_mix006.csv,241,1,2,-31,-1,145
fold3_room4_mix006.csv,242,1,2,-31,-1,145
fold3_room4_mix006.csv,243,1,2,-31,-1,145
fold3_room4_mix006.csv,244,1,2,-31,-1,145
fold3_room4_mix006.csv,245,1,2,-31,-1,145
fold3_room4_mix006.csv,246,1,2,-30,-1,145
fold3_room4_mix006.csv,247,1,2,-30,-1,145
fold3_room4_mix006.csv,248,1,2,-30,-1,145
fold3_room4_mix006.csv,249,1,2,-30,-1,145
fold3_room4_mix006.csv,250,1,2,-31,-1,145
fold3_room4_mix006.csv,251,1,2,-31,-1,145
fold3_room4_mix006.csv,252,1,2,-31,-1,145
fold3_room4_mix006.csv,253,1,2,-31,-1,145
fold3_room4_mix006.csv,254,1,2,-31,-1,145
fold3_room4_mix006.csv,255,1,2,-31,-1,144
fold3_room4_mix006.csv,256,1,2,-31,-1,144
fold3_room4_mix006.csv,257,1,2,-31,-1,144
fold3_room4_mix006.csv,258,1,2,-31,-1,144
fold3_room4_mix006.csv,259,1,2,-31,-1,144
fold3_room4_mix006.csv,260,1,2,-30,-1,144
fold3_room4_mix006.csv,261,1,2,-30,-1,144
fold3_room4_mix006.csv,262,1,2,-31,-1,144
fold3_room4_mix006.csv,263,1,2,-31,-1,144
fold3_room4_mix006.csv,264,1,2,-30,-1,144
fold3_room4_mix006.csv,265,1,2,-31,-1,145
fold3_room4_mix006.csv,266,1,2,-31,-1,145
fold3_room4_mix006.csv,267,1,2,-31,-1,145
fold3_room4_mix006.csv,268,1,2,-30,-1,145
fold3_room4_mix006.csv,269,1,2,-30,-1,145
fold3_room4_mix006.csv,270,1,2,-30,-1,145
fold3_room4_mix006.csv,271,1,2,-30,-1,145
fold3_room4_mix006.csv,272,1,2,-30,-1,145
fold3_room4_mix006.csv,273,1,2,-30,-1,145
fold3_room4_mix006.csv,274,1,2,-31,-1,145
fold3_room4_mix006.csv,275,1,2,-31,-1,145
fold3_room4_mix006.csv,276,1,2,-31,-1,144
fold3_room4_mix006.csv,277,1,2,-31,-1,144
fold3_room4_mix006.csv,278,1,2,-31,-1,144
fold3_room4_mix006.csv,279,1,2,-31,-1,144
fold3_room4_mix006.csv,280,1,2,-31,-1,144
fold3_room4_mix006.csv,281,1,2,-31,-1,144
fold3_room4_mix006.csv,282,1,2,-31,-1,144
fold3_room4_mix006.csv,283,1,2,-30,-1,144
fold3_room4_mix006.csv,284,1,2,-30,-1,144
fold3_room4_mix006.csv,285,1,2,-30,-1,144
fold3_room4_mix006.csv,286,1,2,-30,-1,144
fold3_room4_mix006.csv,287,1,2,-30,-1,144
fold3_room4_mix006.csv,288,1,2,-30,-1,144
fold3_room4_mix006.csv,289,1,2,-30,-1,144
fold3_room4_mix006.csv,290,1,2,-30,-1,144
fold3_room4_mix006.csv,291,1,2,-30,-1,143
fold3_room4_mix006.csv,292,1,2,-30,-1,143
fold3_room4_mix006.csv,293,1,2,-30,-1,143
fold3_room4_mix006.csv,294,1,2,-30,-1,143
fold3_room4_mix006.csv,295,1,2,-30,-1,143
fold3_room4_mix006.csv,296,1,2,-30,-1,143
fold3_room4_mix006.csv,297,1,2,-30,-1,143
fold3_room4_mix006.csv,298,1,2,-30,-1,143
fold3_room4_mix006.csv,299,1,2,-30,-1,143
fold3_room4_mix006.csv,300,1,2,-30,-1,143
fold3_room4_mix006.csv,301,1,2,-30,-1,143
fold3_room4_mix006.csv,302,1,2,-30,-1,143
fold3_room4_mix006.csv,303,1,2,-30,-1,143
fold3_room4_mix006.csv,304,1,2,-30,-1,143
fold3_room4_mix006.csv,305,1,2,-30,-1,143
fold3_room4_mix006.csv,306,1,2,-30,-1,144
fold3_room4_mix006.csv,307,1,2,-30,-1,145
fold3_room4_mix006.csv,308,1,2,-31,-1,145
fold3_room4_mix006.csv,309,1,2,-31,-1,145
fold3_room4_mix006.csv,310,1,2,-31,-1,145
fold3_room4_mix006.csv,311,1,2,-31,-1,145
fold3_room4_mix006.csv,312,1,2,-31,-1,145
fold3_room4_mix006.csv,313,1,2,-31,-1,144
fold3_room4_mix006.csv,314,1,2,-32,-1,143
fold3_room4_mix006.csv,315,1,2,-32,-1,142
fold3_room4_mix006.csv,316,1,2,-32,-1,142
fold3_room4_mix006.csv,317,1,2,-32,-1,142
fold3_room4_mix006.csv,318,1,2,-32,-1,142
fold3_room4_mix006.csv,319,1,2,-32,-1,142
fold3_room4_mix006.csv,320,1,2,-32,-1,142
fold3_room4_mix006.csv,321,1,2,-32,0,142
fold3_room4_mix006.csv,322,1,2,-32,0,142
fold3_room4_mix006.csv,323,1,2,-33,0,141
fold3_room4_mix006.csv,324,1,2,-33,0,141
fold3_room4_mix006.csv,325,1,2,-33,0,140
fold3_room4_mix006.csv,326,1,2,-33,0,139
fold3_room4_mix006.csv,327,1,2,-33,0,137
fold3_room4_mix006.csv,328,1,2,-33,0,136
fold3_room4_mix006.csv,329,1,2,-32,0,136
fold3_room4_mix006.csv,330,1,2,-32,-1,135
fold3_room4_mix006.csv,331,1,2,-31,-1,136
fold3_room4_mix006.csv,332,1,2,-31,-1,137
fold3_room4_mix006.csv,333,1,2,-30,-1,138
fold3_room4_mix006.csv,334,1,2,-30,-1,139
fold3_room4_mix006.csv,335,1,2,-30,-1,140
fold3_room4_mix006.csv,336,1,2,-30,-1,141
fold3_room4_mix006.csv,337,1,2,-30,-1,141
fold3_room4_mix006.csv,338,1,2,-30,-1,142
fold3_room4_mix006.csv,339,1,2,-30,-1,143
fold3_room4_mix006.csv,340,1,2,-30,-1,143
fold3_room4_mix006.csv,341,1,2,-30,-1,143
fold3_room4_mix006.csv,342,1,2,-31,-1,143
fold3_room4_mix006.csv,343,1,2,-31,-1,143
fold3_room4_mix006.csv,344,1,2,-31,-1,143
fold3_room4_mix006.csv,345,1,2,-31,-1,142
fold3_room4_mix006.csv,346,1,2,-31,-1,142
fold3_room4_mix006.csv,347,1,2,-31,-1,142
fold3_room4_mix006.csv,348,1,2,-31,-1,141
fold3_room4_mix006.csv,349,1,2,-31,-1,141
fold3_room4_mix006.csv,350,1,2,-31,-1,141
fold3_room4_mix006.csv,351,1,2,-31,-1,141
fold3_room4_mix006.csv,352,1,2,-31,-1,142
fold3_room4_mix006.csv,353,1,2,-31,-1,142
fold3_room4_mix006.csv,354,1,2,-31,-1,142
fold3_room4_mix006.csv,355,1,2,-31,-1,142
fold3_room4_mix006.csv,356,1,2,-31,-1,143
fold3_room4_mix006.csv,357,1,2,-31,-1,143
fold3_room4_mix006.csv,358,1,2,-31,-1,143
fold3_room4_mix006.csv,359,1,2,-31,-1,143
fold3_room4_mix006.csv,360,1,2,-31,-1,143
fold3_room4_mix006.csv,361,1,2,-31,-1,143
fold3_room4_mix006.csv,362,1,2,-31,-1,143
fold3_room4_mix006.csv,363,1,2,-31,-1,144
fold3_room4_mix006.csv,364,1,2,-31,-1,144
fold3_room4_mix006.csv,390,1,2,-31,-1,142
fold3_room4_mix006.csv,391,1,2,-31,-1,142
fold3_room4_mix006.csv,392,1,2,-30,-1,143
fold3_room4_mix006.csv,393,1,2,-30,-1,144
fold3_room4_mix006.csv,394,1,2,-30,-1,144
fold3_room4_mix006.csv,395,1,2,-30,-1,144
fold3_room4_mix006.csv,396,1,2,-30,-1,144
fold3_room4_mix006.csv,397,1,2,-30,-1,145
fold3_room4_mix006.csv,398,1,2,-30,-1,145
fold3_room4_mix006.csv,399,1,2,-31,-1,146
fold3_room4_mix006.csv,400,1,2,-31,-1,146
fold3_room4_mix006.csv,401,1,2,-31,-1,147
fold3_room4_mix006.csv,402,1,2,-31,-1,147
fold3_room4_mix006.csv,403,1,2,-31,-1,147
fold3_room4_mix006.csv,404,1,2,-31,-1,147
fold3_room4_mix006.csv,405,1,2,-31,-1,147
fold3_room4_mix006.csv,406,1,2,-31,-1,147
fold3_room4_mix006.csv,407,1,2,-31,-1,146
fold3_room4_mix006.csv,408,1,2,-31,-1,146
fold3_room4_mix006.csv,409,1,2,-31,-1,146
fold3_room4_mix006.csv,410,1,1,-1,-1,239
fold3_room4_mix006.csv,411,1,1,-1,-1,239
fold3_room4_mix006.csv,412,1,1,-1,-1,239
fold3_room4_mix006.csv,413,1,1,-1,-1,239
fold3_room4_mix006.csv,414,1,1,-1,-1,239
fold3_room4_mix006.csv,415,1,1,-1,-1,239
fold3_room4_mix006.csv,416,1,1,-1,-1,239
fold3_room4_mix006.csv,417,1,1,-1,-1,239
fold3_room4_mix006.csv,418,1,1,-1,-1,239
fold3_room4_mix006.csv,419,1,1,-1,-1,239
fold3_room4_mix006.csv,420,1,1,-1,-1,239
fold3_room4_mix006.csv,421,1,1,-1,-1,239
fold3_room4_mix006.csv,422,1,1,-1,-1,239
fold3_room4_mix006.csv,423,1,1,0,-1,239
fold3_room4_mix006.csv,424,1,1,0,-1,239
fold3_room4_mix006.csv,425,1,1,0,-1,239
fold3_room4_mix006.csv,426,1,1,0,-1,239
fold3_room4_mix006.csv,427,1,1,0,-1,239
fold3_room4_mix006.csv,428,1,1,0,-1,239
fold3_room4_mix006.csv,429,1,1,0,-1,239
fold3_room4_mix006.csv,430,1,1,0,-1,239
fold3_room4_mix006.csv,431,1,1,0,-1,239
fold3_room4_mix006.csv,432,1,1,0,-1,239
fold3_room4_mix006.csv,433,1,1,0,-1,239
fold3_room4_mix006.csv,434,1,1,0,-1,239
fold3_room4_mix006.csv,435,1,1,0,-1,239
fold3_room4_mix006.csv,436,1,1,0,-1,239
fold3_room4_mix006.csv,437,1,1,0,-1,239
fold3_room4_mix006.csv,438,1,1,0,-1,239
fold3_room4_mix006.csv,439,1,1,0,-1,239
fold3_room4_mix006.csv,440,1,1,0,-1,239
fold3_room4_mix006.csv,441,1,1,0,-1,239
fold3_room4_mix006.csv,442,1,1,0,-1,239
fold3_room4_mix006.csv,443,1,1,0,-1,239
fold3_room4_mix006.csv,444,1,1,0,-1,239
fold3_room4_mix006.csv,445,1,1,0,-1,239
fold3_room4_mix006.csv,446,1,1,0,-1,239
fold3_room4_mix006.csv,447,1,1,0,-1,239
fold3_room4_mix006.csv,448,1,1,0,-1,239
fold3_room4_mix006.csv,449,1,1,0,-1,239
fold3_room4_mix006.csv,450,1,1,0,-1,239
fold3_room4_mix006.csv,451,1,1,0,-1,239
fold3_room4_mix006.csv,452,1,1,0,-1,239
fold3_room4_mix006.csv,453,1,1,0,-1,239
fold3_room4_mix006.csv,454,1,1,0,-1,239
fold3_room4_mix006.csv,465,1,1,0,-1,239
fold3_room4_mix006.csv,466,1,1,0,-1,239
fold3_room4_mix006.csv,467,1,1,0,-1,239
fold3_room4_mix006.csv,468,1,1,0,-1,239
fold3_room4_mix006.csv,469,1,1,0,-1,239
fold3_room4_mix006.csv,470,1,1,0,-1,239
fold3_room4_mix006.csv,471,1,1,0,-1,239
fold3_room4_mix006.csv,472,1,1,0,-1,239
fold3_room4_mix006.csv,473,1,1,0,-1,239
fold3_room4_mix006.csv,474,1,1,0,-1,239
fold3_room4_mix006.csv,475,1,1,0,-1,239
fold3_room4_mix006.csv,476,1,1,0,-1,239
fold3_room4_mix006.csv,477,1,1,0,-1,239
fold3_room4_mix006.csv,478,1,1,0,-1,239
fold3_room4_mix006.csv,479,1,1,0,-1,239
fold3_room4_mix006.csv,480,1,1,0,-1,239
fold3_room4_mix006.csv,481,1,1,0,-1,239
fold3_room4_mix006.csv,482,1,1,0,-1,239
fold3_room4_mix006.csv,483,1,1,0,-1,239
fold3_room4_mix006.csv,484,1,1,0,-1,239
fold3_room4_mix006.csv,495,1,1,0,-1,239
fold3_room4_mix006.csv,496,1,1,0,-1,239
fold3_room4_mix006.csv,497,1,1,0,-1,239
fold3_room4_mix006.csv,498,1,1,0,-1,239
fold3_room4_mix006.csv,499,1,1,0,-1,239
fold3_room4_mix006.csv,500,1,1,0,-1,239
fold3_room4_mix006.csv,501,1,1,0,-1,239
fold3_room4_mix006.csv,502,1,1,0,-1,239
fold3_room4_mix006.csv,503,1,1,0,-1,239
fold3_room4_mix006.csv,504,1,1,0,-1,239
fold3_room4_mix006.csv,505,1,2,-30,-1,143
fold3_room4_mix006.csv,506,1,2,-30,-1,143
fold3_room4_mix006.csv,507,1,2,-30,-1,143
fold3_room4_mix006.csv,508,1,2,-30,-1,143
fold3_room4_mix006.csv,509,1,2,-30,-1,143
fold3_room4_mix006.csv,510,1,2,-30,-1,143
fold3_room4_mix006.csv,511,1,2,-30,-1,143
fold3_room4_mix006.csv,512,1,2,-30,-1,143
fold3_room4_mix006.csv,513,1,2,-31,-1,143
fold3_room4_mix006.csv,514,1,2,-31,-1,143
fold3_room4_mix006.csv,515,1,2,-31,-1,143
fold3_room4_mix006.csv,516,1,2,-31,-1,143
fold3_room4_mix006.csv,517,1,2,-30,-1,143
fold3_room4_mix006.csv,518,1,2,-30,-1,143
fold3_room4_mix006.csv,519,1,2,-30,-1,143
fold3_room4_mix006.csv,520,1,2,-30,-1,143
fold3_room4_mix006.csv,521,1,2,-30,-1,143
fold3_room4_mix006.csv,522,1,2,-30,-1,143
fold3_room4_mix006.csv,523,1,2,-30,-1,143
fold3_room4_mix006.csv,524,1,2,-30,-1,143
fold3_room4_mix006.csv,525,1,2,-30,-1,144
fold3_room4_mix006.csv,526,1,2,-30,-1,144
fold3_room4_mix006.csv,527,1,2,-30,-1,145
fold3_room4_mix006.csv,528,1,2,-30,-1,145
fold3_room4_mix006.csv,529,1,2,-30,-1,145
fold3_room4_mix006.csv,530,1,2,-30,-1,145
fold3_room4_mix006.csv,531,1,2,-30,-1,145
fold3_room4_mix006.csv,532,1,2,-30,-1,145
fold3_room4_mix006.csv,533,1,2,-30,-1,144
fold3_room4_mix006.csv,534,1,2,-30,-1,144
fold3_room4_mix006.csv,545,1,1,0,-1,240
fold3_room4_mix006.csv,546,1,1,0,-1,240
fold3_room4_mix006.csv,547,1,1,0,-1,240
fold3_room4_mix006.csv,548,1,1,0,-1,240
fold3_room4_mix006.csv,549,1,1,0,-1,240
fold3_room4_mix006.csv,550,1,1,0,-1,239
fold3_room4_mix006.csv,551,1,1,0,-1,239
fold3_room4_mix006.csv,552,1,1,0,-1,239
fold3_room4_mix006.csv,553,1,1,0,-1,240
fold3_room4_mix006.csv,554,1,1,0,-1,240
fold3_room4_mix006.csv,555,1,1,0,-1,240
fold3_room4_mix006.csv,556,1,1,0,-1,240
fold3_room4_mix006.csv,557,1,1,0,-1,240
fold3_room4_mix006.csv,558,1,1,0,-1,240
fold3_room4_mix006.csv,559,1,1,0,-1,240
fold3_room4_mix006.csv,560,1,1,0,-1,240
fold3_room4_mix006.csv,561,1,1,0,-1,240
fold3_room4_mix006.csv,562,1,1,0,-1,240
fold3_room4_mix006.csv,563,1,1,0,-1,240
fold3_room4_mix006.csv,564,1,1,0,-1,240
fold3_room4_mix006.csv,575,1,1,0,-1,239
fold3_room4_mix006.csv,576,1,1,0,-1,239
fold3_room4_mix006.csv,577,1,1,0,-1,239
fold3_room4_mix006.csv,578,1,1,0,-1,239
fold3_room4_mix006.csv,579,1,1,0,-1,239
fold3_room4_mix006.csv,580,1,1,0,-1,239
fold3_room4_mix006.csv,581,1,1,0,-1,239
fold3_room4_mix006.csv,582,1,1,0,-1,239
fold3_room4_mix006.csv,583,1,1,0,-1,239
fold3_room4_mix006.csv,584,1,1,0,-1,239
fold3_room4_mix006.csv,585,1,1,0,-1,238
fold3_room4_mix006.csv,586,1,1,0,-1,238
fold3_room4_mix006.csv,587,1,1,0,-1,238
fold3_room4_mix006.csv,588,1,1,0,-1,239
fold3_room4_mix006.csv,589,1,1,0,-1,239
fold3_room4_mix006.csv,590,1,1,0,-1,238
fold3_room4_mix006.csv,591,1,1,0,-1,238
fold3_room4_mix006.csv,592,1,1,0,-1,238
fold3_room4_mix006.csv,593,1,1,0,-1,238
fold3_room4_mix006.csv,594,1,1,0,-1,238
fold3_room4_mix006.csv,595,1,1,0,-1,238
fold3_room4_mix006.csv,596,1,1,0,-1,238
fold3_room4_mix006.csv,597,1,1,0,-1,238
fold3_room4_mix006.csv,598,1,1,0,-1,238
fold3_room4_mix006.csv,599,1,1,0,-1,238
fold3_room4_mix006.csv,610,1,1,0,-1,239
fold3_room4_mix006.csv,611,1,1,0,-1,239
fold3_room4_mix006.csv,612,1,1,0,-1,239
fold3_room4_mix006.csv,613,1,1,0,-1,239
fold3_room4_mix006.csv,614,1,1,0,-1,239
fold3_room4_mix006.csv,615,1,1,0,-1,239
fold3_room4_mix006.csv,616,1,1,0,-1,239
fold3_room4_mix006.csv,617,1,1,0,-1,239
fold3_room4_mix006.csv,618,1,1,0,-1,239
fold3_room4_mix006.csv,619,1,1,0,-1,239
fold3_room4_mix006.csv,620,1,1,0,-1,239
fold3_room4_mix006.csv,621,1,1,0,-1,239
fold3_room4_mix006.csv,622,1,1,0,-1,239
fold3_room4_mix006.csv,623,1,1,0,-1,239
fold3_room4_mix006.csv,624,1,1,0,-1,239
fold3_room4_mix006.csv,625,1,1,0,-1,239
fold3_room4_mix006.csv,626,1,1,0,-1,239
fold3_room4_mix006.csv,627,1,1,0,-1,239
fold3_room4_mix006.csv,628,1,1,0,-1,239
fold3_room4_mix006.csv,629,1,1,0,-1,239
fold3_room4_mix006.csv,630,1,1,0,-1,239
fold3_room4_mix006.csv,631,1,1,0,-1,239
fold3_room4_mix006.csv,632,1,1,0,-1,239
fold3_room4_mix006.csv,633,1,1,0,-1,239
fold3_room4_mix006.csv,634,1,1,0,-1,239
fold3_room4_mix006.csv,635,1,1,0,-1,239
fold3_room4_mix006.csv,636,1,1,0,-1,239
fold3_room4_mix006.csv,637,1,1,0,-1,239
fold3_room4_mix006.csv,638,1,1,0,-1,239
fold3_room4_mix006.csv,639,1,1,0,-1,239
fold3_room4_mix006.csv,640,1,1,0,-1,239
fold3_room4_mix006.csv,641,1,1,0,-1,239
fold3_room4_mix006.csv,642,1,1,0,-1,239
fold3_room4_mix006.csv,643,1,1,0,-1,239
fold3_room4_mix006.csv,644,1,1,0,-1,239
fold3_room4_mix006.csv,645,1,1,0,-1,239
fold3_room4_mix006.csv,646,1,1,0,-1,239
fold3_room4_mix006.csv,647,1,1,0,-1,239
fold3_room4_mix006.csv,648,1,1,0,-1,239
fold3_room4_mix006.csv,649,1,1,0,-1,239
fold3_room4_mix006.csv,650,1,1,0,-1,239
fold3_room4_mix006.csv,651,1,1,0,-1,239
fold3_room4_mix006.csv,652,1,1,0,-1,239
fold3_room4_mix006.csv,653,1,1,0,-1,239
fold3_room4_mix006.csv,654,1,1,0,-1,239
fold3_room4_mix006.csv,655,1,1,0,-1,239
fold3_room4_mix006.csv,656,1,1,0,-1,239
fold3_room4_mix006.csv,657,1,1,0,-1,239
fold3_room4_mix006.csv,658,1,1,0,-1,239
fold3_room4_mix006.csv,659,1,1,0,-1,239
fold3_room4_mix006.csv,660,1,1,0,-1,239
fold3_room4_mix006.csv,661,1,1,0,-1,239
fold3_room4_mix006.csv,662,1,1,0,-1,239
fold3_room4_mix006.csv,663,1,1,0,-1,239
fold3_room4_mix006.csv,664,1,1,0,-1,239
fold3_room4_mix006.csv,665,1,1,0,-1,239
fold3_room4_mix006.csv,666,1,1,0,-1,239
fold3_room4_mix006.csv,667,1,1,0,-1,239
fold3_room4_mix006.csv,668,1,1,0,-1,239
fold3_room4_mix006.csv,669,1,1,0,-1,239
fold3_room4_mix006.csv,670,1,1,0,-1,239
fold3_room4_mix006.csv,671,1,1,0,-1,239
fold3_room4_mix006.csv,672,1,1,0,-1,239
fold3_room4_mix006.csv,673,1,1,0,-1,239
fold3_room4_mix006.csv,674,1,1,0,-1,239
fold3_room4_mix006.csv,680,1,2,-30,-1,141
fold3_room4_mix006.csv,681,1,2,-30,-1,141
fold3_room4_mix006.csv,682,1,2,-30,-1,141
fold3_room4_mix006.csv,683,1,2,-30,-1,141
fold3_room4_mix006.csv,684,1,2,-30,-1,141
fold3_room4_mix006.csv,685,1,2,-31,-1,140
fold3_room4_mix006.csv,686,1,2,-31,-1,140
fold3_room4_mix006.csv,687,1,2,-31,-1,139
fold3_room4_mix006.csv,688,1,2,-31,-1,139
fold3_room4_mix006.csv,689,1,2,-31,-1,138
fold3_room4_mix006.csv,690,1,2,-30,-1,138
fold3_room4_mix006.csv,691,1,2,-30,-1,138
fold3_room4_mix006.csv,692,1,2,-30,-1,138
fold3_room4_mix006.csv,693,1,2,-30,-1,138
fold3_room4_mix006.csv,694,1,2,-30,-1,138
fold3_room4_mix006.csv,695,1,2,-30,-1,138
fold3_room4_mix006.csv,696,1,2,-30,-1,138
fold3_room4_mix006.csv,697,1,2,-30,-1,138
fold3_room4_mix006.csv,698,1,2,-30,-1,138
fold3_room4_mix006.csv,699,1,2,-30,-1,138
fold3_room4_mix006.csv,700,1,2,-30,-1,138
fold3_room4_mix006.csv,701,1,2,-30,-1,139
fold3_room4_mix006.csv,702,1,2,-30,-1,138
fold3_room4_mix006.csv,703,1,2,-31,-1,138
fold3_room4_mix006.csv,704,1,2,-31,-1,138
fold3_room4_mix006.csv,705,1,2,-31,-1,137
fold3_room4_mix006.csv,706,1,2,-30,-1,138
fold3_room4_mix006.csv,707,1,2,-30,-1,138
fold3_room4_mix006.csv,708,1,2,-30,-1,139
fold3_room4_mix006.csv,709,1,2,-30,-1,140
fold3_room4_mix006.csv,710,1,2,-30,-1,141
fold3_room4_mix006.csv,711,1,2,-30,-1,141
fold3_room4_mix006.csv,712,1,2,-30,-1,141
fold3_room4_mix006.csv,713,1,2,-30,-1,141
fold3_room4_mix006.csv,714,1,2,-30,-1,141
fold3_room4_mix006.csv,715,1,2,-30,-1,141
fold3_room4_mix006.csv,716,1,2,-30,-1,141
fold3_room4_mix006.csv,717,1,2,-30,-1,141
fold3_room4_mix006.csv,718,1,2,-30,-1,141
fold3_room4_mix006.csv,719,1,2,-30,-1,141
fold3_room4_mix006.csv,720,1,2,-30,-1,140
fold3_room4_mix006.csv,721,1,2,-30,-1,140
fold3_room4_mix006.csv,722,1,2,-30,-1,140
fold3_room4_mix006.csv,723,1,2,-30,-1,140
fold3_room4_mix006.csv,724,1,2,-30,-1,140
fold3_room4_mix006.csv,725,1,2,-31,-1,140
fold3_room4_mix006.csv,726,1,2,-31,-1,140
fold3_room4_mix006.csv,727,1,2,-31,-1,140
fold3_room4_mix006.csv,728,1,2,-30,-1,140
fold3_room4_mix006.csv,729,1,2,-30,-1,140
fold3_room4_mix006.csv,730,1,2,-30,-1,140
fold3_room4_mix006.csv,731,1,2,-30,-1,140
fold3_room4_mix006.csv,732,1,2,-31,-1,140
fold3_room4_mix006.csv,733,1,2,-31,-1,141
fold3_room4_mix006.csv,734,1,2,-31,-1,141
fold3_room4_mix006.csv,735,1,2,-31,-1,142
fold3_room4_mix006.csv,736,1,2,-31,-1,142
fold3_room4_mix006.csv,737,1,2,-31,-1,142
fold3_room4_mix006.csv,738,1,2,-31,-1,142
fold3_room4_mix006.csv,739,1,2,-30,-1,142
fold3_room4_mix006.csv,740,1,2,-30,-1,142
fold3_room4_mix006.csv,741,1,2,-30,-1,142
fold3_room4_mix006.csv,742,1,2,-30,-1,142
fold3_room4_mix006.csv,743,1,2,-30,-1,143
fold3_room4_mix006.csv,744,1,2,-30,-1,143
fold3_room4_mix006.csv,745,1,2,-30,-1,142
fold3_room4_mix006.csv,746,1,2,-30,-1,142
fold3_room4_mix006.csv,747,1,2,-30,-1,142
fold3_room4_mix006.csv,748,1,2,-30,-1,142
fold3_room4_mix006.csv,749,1,2,-30,-1,142
fold3_room4_mix006.csv,750,1,2,-30,-1,142
fold3_room4_mix006.csv,751,1,2,-30,-1,142
fold3_room4_mix006.csv,752,1,2,-30,-1,142
fold3_room4_mix006.csv,753,1,2,-30,-1,142
fold3_room4_mix006.csv,754,1,2,-30,-1,142
fold3_room4_mix006.csv,755,1,2,-30,-1,142
fold3_room4_mix006.csv,756,1,2,-30,-1,142
fold3_room4_mix006.csv,757,1,2,-30,-1,142
fold3_room4_mix006.csv,758,1,2,-30,-1,142
fold3_room4_mix006.csv,759,1,2,-30,-1,142
fold3_room4_mix006.csv,770,1,2,-31,-1,140
fold3_room4_mix006.csv,771,1,2,-31,-1,139
fold3_room4_mix006.csv,772,1,2,-31,-1,139
fold3_room4_mix006.csv,773,1,2,-31,-1,139
fold3_room4_mix006.csv,774,1,2,-31,-1,139
fold3_room4_mix006.csv,775,1,2,-31,-1,140
fold3_room4_mix006.csv,776,1,2,-31,-1,140
fold3_room4_mix006.csv,777,1,2,-32,-1,141
fold3_room4_mix006.csv,778,1,2,-32,-1,141
fold3_room4_mix006.csv,779,1,2,-32,-1,141
fold3_room4_mix006.csv,780,1,2,-32,-1,141
fold3_room4_mix006.csv,781,1,2,-32,-1,141
fold3_room4_mix006.csv,782,1,2,-32,-1,142
fold3_room4_mix006.csv,783,1,2,-32,-1,142
fold3_room4_mix006.csv,784,1,2,-32,-1,142
fold3_room4_mix006.csv,785,1,2,-32,-1,142
fold3_room4_mix006.csv,786,1,2,-32,-1,141
fold3_room4_mix006.csv,787,1,2,-32,-1,141
fold3_room4_mix006.csv,788,1,2,-31,-1,141
fold3_room4_mix006.csv,789,1,2,-31,-1,141
fold3_room4_mix006.csv,790,1,2,-31,-1,141
fold3_room4_mix006.csv,791,1,2,-31,-1,141
fold3_room4_mix006.csv,792,1,2,-31,-1,141
fold3_room4_mix006.csv,793,1,2,-31,-1,141
fold3_room4_mix006.csv,794,1,2,-31,-1,141
fold3_room4_mix006.csv,800,1,1,0,-1,240
fold3_room4_mix006.csv,801,1,1,0,-1,239
fold3_room4_mix006.csv,802,1,1,0,-1,239
fold3_room4_mix006.csv,803,1,1,0,-1,239
fold3_room4_mix006.csv,804,1,1,0,-1,239
fold3_room4_mix006.csv,845,1,1,0,-1,239
fold3_room4_mix006.csv,846,1,1,0,-1,239
fold3_room4_mix006.csv,847,1,1,0,-1,239
fold3_room4_mix006.csv,848,1,1,0,-1,239
fold3_room4_mix006.csv,849,1,1,0,-1,239
fold3_room4_mix006.csv,850,1,1,0,-1,239
fold3_room4_mix006.csv,851,1,1,0,-1,239
fold3_room4_mix006.csv,852,1,1,0,-1,239
fold3_room4_mix006.csv,853,1,1,0,-1,239
fold3_room4_mix006.csv,854,1,1,0,-1,239
fold3_room4_mix006.csv,855,1,1,0,-1,239
fold3_room4_mix006.csv,856,1,1,0,-1,239
fold3_room4_mix006.csv,857,1,1,0,-1,239
fold3_room4_mix006.csv,858,1,1,0,-1,239
fold3_room4_mix006.csv,859,1,1,0,-1,239
fold3_room4_mix006.csv,860,1,1,0,-1,239
fold3_room4_mix006.csv,861,1,1,0,-1,239
fold3_room4_mix006.csv,862,1,1,0,-1,239
fold3_room4_mix006.csv,863,1,1,0,-1,239
fold3_room4_mix006.csv,864,1,1,0,-1,239
fold3_room4_mix006.csv,865,1,2,-31,-1,142
fold3_room4_mix006.csv,866,1,2,-31,-1,142
fold3_room4_mix006.csv,867,1,2,-31,-1,142
fold3_room4_mix006.csv,868,1,2,-31,-1,142
fold3_room4_mix006.csv,869,1,2,-31,-1,142
fold3_room4_mix006.csv,870,1,2,-31,-1,142
fold3_room4_mix006.csv,871,1,2,-31,-1,142
fold3_room4_mix006.csv,872,1,2,-31,-1,141
fold3_room4_mix006.csv,873,1,2,-31,-1,141
fold3_room4_mix006.csv,874,1,2,-31,-1,141
fold3_room4_mix006.csv,875,1,2,-31,-1,142
fold3_room4_mix006.csv,876,1,2,-31,-1,142
fold3_room4_mix006.csv,877,1,2,-31,-1,142
fold3_room4_mix006.csv,878,1,2,-31,-1,142
fold3_room4_mix006.csv,879,1,2,-31,-1,141
fold3_room4_mix006.csv,880,1,2,-31,-1,141
fold3_room4_mix006.csv,881,1,2,-31,-1,141
fold3_room4_mix006.csv,882,1,2,-31,-1,141
fold3_room4_mix006.csv,883,1,2,-31,-1,141
fold3_room4_mix006.csv,884,1,2,-31,-1,141
fold3_room4_mix006.csv,890,1,1,0,-1,238
fold3_room4_mix006.csv,891,1,1,0,-1,238
fold3_room4_mix006.csv,892,1,1,0,-1,238
fold3_room4_mix006.csv,893,1,1,0,-1,239
fold3_room4_mix006.csv,894,1,1,0,-1,239
fold3_room4_mix006.csv,895,1,1,0,-1,238
fold3_room4_mix006.csv,896,1,1,0,-1,238
fold3_room4_mix006.csv,897,1,1,0,-1,238
fold3_room4_mix006.csv,898,1,1,0,-1,238
fold3_room4_mix006.csv,899,1,1,0,-1,238
fold3_room4_mix006.csv,900,1,1,0,-1,238
fold3_room4_mix006.csv,901,1,1,0,-1,238
fold3_room4_mix006.csv,902,1,1,0,-1,238
fold3_room4_mix006.csv,903,1,1,0,-1,238
fold3_room4_mix006.csv,904,1,1,0,-1,238
fold3_room4_mix006.csv,905,1,1,0,-1,238
fold3_room4_mix006.csv,906,1,1,0,-1,238
fold3_room4_mix006.csv,907,1,1,0,-1,238
fold3_room4_mix006.csv,908,1,1,0,-1,238
fold3_room4_mix006.csv,909,1,1,0,-1,238
fold3_room4_mix006.csv,910,1,1,0,-1,239
fold3_room4_mix006.csv,911,1,1,0,-1,239
fold3_room4_mix006.csv,912,1,1,0,-1,239
fold3_room4_mix006.csv,913,1,1,0,-1,239
fold3_room4_mix006.csv,914,1,1,0,-1,238
fold3_room4_mix006.csv,955,1,2,-28,23,89
fold3_room4_mix006.csv,956,1,2,-34,24,86
fold3_room4_mix006.csv,957,1,2,-39,24,85
fold3_room4_mix006.csv,958,1,2,-42,24,85
fold3_room4_mix006.csv,959,1,2,-45,23,85
fold3_room4_mix006.csv,960,1,2,-46,23,84
fold3_room4_mix006.csv,961,1,2,-48,24,82
fold3_room4_mix006.csv,962,1,2,-51,25,79
fold3_room4_mix006.csv,963,1,2,-54,27,76
fold3_room4_mix006.csv,964,1,2,-57,27,75
fold3_room4_mix006.csv,965,1,2,-58,26,77
fold3_room4_mix006.csv,966,1,2,-57,25,81
fold3_room4_mix006.csv,967,1,2,-54,23,86
fold3_room4_mix006.csv,968,1,2,-51,21,94
fold3_room4_mix006.csv,969,1,2,-49,19,102
fold3_room4_mix006.csv,970,1,2,-47,18,110
fold3_room4_mix006.csv,971,1,2,-46,17,117
fold3_room4_mix006.csv,972,1,2,-46,16,122
fold3_room4_mix006.csv,973,1,2,-46,15,128
fold3_room4_mix006.csv,974,1,2,-47,14,135
fold3_room4_mix006.csv,990,1,2,-48,9,214
fold3_room4_mix006.csv,991,1,2,-49,9,214
fold3_room4_mix006.csv,992,1,2,-50,9,214
fold3_room4_mix006.csv,993,1,2,-51,9,214
fold3_room4_mix006.csv,994,1,2,-52,9,214
fold3_room4_mix006.csv,995,1,2,-53,8,214
fold3_room4_mix006.csv,996,1,2,-54,8,214
fold3_room4_mix006.csv,997,1,2,-54,8,214
fold3_room4_mix006.csv,998,1,2,-55,8,214
fold3_room4_mix006.csv,999,1,2,-55,8,215
fold3_room4_mix006.csv,1015,1,1,0,-1,239
fold3_room4_mix006.csv,1016,1,1,0,-1,239
fold3_room4_mix006.csv,1017,1,1,0,-1,239
fold3_room4_mix006.csv,1018,1,1,0,-1,239
fold3_room4_mix006.csv,1019,1,1,0,-1,239
fold3_room4_mix006.csv,1020,1,1,0,-1,239
fold3_room4_mix006.csv,1021,1,1,0,-1,239
fold3_room4_mix006.csv,1022,1,1,0,-1,239
fold3_room4_mix006.csv,1023,1,1,0,-1,238
fold3_room4_mix006.csv,1024,1,1,0,-1,238
fold3_room4_mix006.csv,1025,1,1,0,-1,239
fold3_room4_mix006.csv,1026,1,1,0,-1,238
fold3_room4_mix006.csv,1027,1,1,0,-1,238
fold3_room4_mix006.csv,1028,1,1,0,-1,238
fold3_room4_mix006.csv,1029,1,1,0,-1,238
fold3_room4_mix006.csv,1030,1,1,0,-1,238
fold3_room4_mix006.csv,1031,1,1,0,-1,238
fold3_room4_mix006.csv,1032,1,1,0,-1,238
fold3_room4_mix006.csv,1033,1,1,0,-1,238
fold3_room4_mix006.csv,1034,1,1,0,-1,238
fold3_room4_mix006.csv,1035,1,1,0,-1,238
fold3_room4_mix006.csv,1036,1,1,0,-1,238
fold3_room4_mix006.csv,1037,1,1,0,-1,238
fold3_room4_mix006.csv,1038,1,1,0,-1,238
fold3_room4_mix006.csv,1039,1,1,0,-1,238
fold3_room4_mix006.csv,1050,1,2,-53,9,205
fold3_room4_mix006.csv,1051,1,2,-53,9,205
fold3_room4_mix006.csv,1052,1,2,-53,9,205
fold3_room4_mix006.csv,1053,1,2,-53,9,206
fold3_room4_mix006.csv,1054,1,2,-53,9,206
fold3_room4_mix006.csv,1055,1,2,-53,9,206
fold3_room4_mix006.csv,1056,1,2,-53,9,206
fold3_room4_mix006.csv,1057,1,2,-53,9,207
fold3_room4_mix006.csv,1058,1,2,-53,9,207
fold3_room4_mix006.csv,1059,1,2,-53,9,208
fold3_room4_mix006.csv,1060,1,2,-53,9,208
fold3_room4_mix006.csv,1061,1,2,-53,9,208
fold3_room4_mix006.csv,1062,1,2,-54,9,208
fold3_room4_mix006.csv,1063,1,2,-54,9,208
fold3_room4_mix006.csv,1064,1,2,-54,9,208
fold3_room4_mix006.csv,1065,1,2,-53,9,208
fold3_room4_mix006.csv,1066,1,2,-53,9,206
fold3_room4_mix006.csv,1067,1,2,-53,9,205
fold3_room4_mix006.csv,1068,1,2,-54,9,203
fold3_room4_mix006.csv,1069,1,2,-54,9,202
fold3_room4_mix006.csv,1070,1,2,-53,10,201
fold3_room4_mix006.csv,1071,1,2,-53,10,200
fold3_room4_mix006.csv,1072,1,2,-54,10,200
fold3_room4_mix006.csv,1073,1,2,-54,10,199
fold3_room4_mix006.csv,1074,1,2,-54,10,199
fold3_room4_mix006.csv,1290,1,2,-38,0,139
fold3_room4_mix006.csv,1291,1,2,-38,0,139
fold3_room4_mix006.csv,1292,1,2,-37,0,137
fold3_room4_mix006.csv,1293,1,2,-35,1,133
fold3_room4_mix006.csv,1294,1,2,-32,1,128
fold3_room4_mix006.csv,1295,1,2,-29,1,123
fold3_room4_mix006.csv,1296,1,2,-26,0,119
fold3_room4_mix006.csv,1297,1,2,-23,-1,116
fold3_room4_mix006.csv,1298,1,2,-20,-1,113
fold3_room4_mix006.csv,1299,1,2,-18,-2,113
fold3_room4_mix006.csv,1300,1,2,-16,-2,112
fold3_room4_mix006.csv,1301,1,2,-14,-2,112
fold3_room4_mix006.csv,1302,1,2,-13,-2,112
fold3_room4_mix006.csv,1303,1,2,-13,-2,113
fold3_room4_mix006.csv,1304,1,2,-13,-3,113
fold3_room4_mix006.csv,1305,1,2,-15,-2,114
fold3_room4_mix006.csv,1306,1,2,-19,-1,116
fold3_room4_mix006.csv,1307,1,2,-22,0,118
fold3_room4_mix006.csv,1308,1,2,-25,0,121
fold3_room4_mix006.csv,1309,1,2,-28,1,125
fold3_room4_mix006.csv,1320,1,1,0,-1,238
fold3_room4_mix006.csv,1321,1,1,0,-1,238
fold3_room4_mix006.csv,1322,1,1,0,-1,238
fold3_room4_mix006.csv,1323,1,1,0,-1,238
fold3_room4_mix006.csv,1324,1,1,0,-1,238
fold3_room4_mix006.csv,1325,1,1,0,-1,238
fold3_room4_mix006.csv,1326,1,1,0,-1,238
fold3_room4_mix006.csv,1327,1,1,0,-1,238
fold3_room4_mix006.csv,1328,1,1,0,-1,239
fold3_room4_mix006.csv,1329,1,1,0,-1,239
fold3_room4_mix006.csv,1330,1,1,0,-1,239
fold3_room4_mix006.csv,1331,1,1,0,-1,239
fold3_room4_mix006.csv,1332,1,1,0,-1,239
fold3_room4_mix006.csv,1333,1,1,0,-1,239
fold3_room4_mix006.csv,1334,1,1,0,-1,239
fold3_room4_mix006.csv,1335,1,1,0,-1,239
fold3_room4_mix006.csv,1336,1,1,0,-1,239
fold3_room4_mix006.csv,1337,1,1,0,-1,239
fold3_room4_mix006.csv,1338,1,1,0,-1,239
fold3_room4_mix006.csv,1339,1,1,0,-1,239
fold3_room4_mix006.csv,1340,1,1,0,-1,239
fold3_room4_mix006.csv,1341,1,1,0,-1,239
fold3_room4_mix006.csv,1342,1,1,0,-1,239
fold3_room4_mix006.csv,1343,1,1,0,-1,238
fold3_room4_mix006.csv,1344,1,1,0,-1,238
fold3_room4_mix006.csv,1345,1,1,0,-1,238
fold3_room4_mix006.csv,1346,1,1,0,-1,238
fold3_room4_mix006.csv,1347,1,1,0,-1,238
fold3_room4_mix006.csv,1348,1,1,0,-1,238
fold3_room4_mix006.csv,1349,1,1,0,-1,238
fold3_room4_mix006.csv,1350,1,1,0,-1,238
fold3_room4_mix006.csv,1351,1,1,0,-1,238
fold3_room4_mix006.csv,1352,1,1,0,-1,238
fold3_room4_mix006.csv,1353,1,1,0,-1,238
fold3_room4_mix006.csv,1354,1,1,0,-1,238
fold3_room4_mix006.csv,1355,1,1,0,-1,238
fold3_room4_mix006.csv,1356,1,1,0,-1,238
fold3_room4_mix006.csv,1357,1,1,0,-1,238
fold3_room4_mix006.csv,1358,1,1,0,-1,238
fold3_room4_mix006.csv,1359,1,1,0,-1,238
fold3_room4_mix006.csv,1360,1,1,0,-1,238
fold3_room4_mix006.csv,1361,1,1,0,-1,238
fold3_room4_mix006.csv,1362,1,1,0,-1,238
fold3_room4_mix006.csv,1363,1,1,0,-1,238
fold3_room4_mix006.csv,1364,1,1,0,-1,238
fold3_room4_mix006.csv,1365,1,1,0,-1,238
fold3_room4_mix006.csv,1366,1,1,0,-1,238
fold3_room4_mix006.csv,1367,1,1,0,-1,238
fold3_room4_mix006.csv,1368,1,1,0,-1,238
fold3_room4_mix006.csv,1369,1,1,0,-1,238
fold3_room4_mix006.csv,1370,1,1,0,-1,238
fold3_room4_mix006.csv,1371,1,1,0,-1,238
fold3_room4_mix006.csv,1372,1,1,0,-1,238
fold3_room4_mix006.csv,1373,1,1,0,-1,238
fold3_room4_mix006.csv,1374,1,1,0,-1,238
fold3_room4_mix006.csv,1375,1,1,0,-1,238
fold3_room4_mix006.csv,1376,1,1,0,-1,238
fold3_room4_mix006.csv,1377,1,1,0,-1,238
fold3_room4_mix006.csv,1378,1,1,0,-1,238
fold3_room4_mix006.csv,1379,1,1,0,-1,239
fold3_room4_mix006.csv,1380,1,1,0,-1,239
fold3_room4_mix006.csv,1381,1,1,0,-1,239
fold3_room4_mix006.csv,1382,1,1,0,-1,239
fold3_room4_mix006.csv,1383,1,1,0,-1,238
fold3_room4_mix006.csv,1384,1,1,0,-1,238
fold3_room4_mix006.csv,1385,1,1,0,-1,238
fold3_room4_mix006.csv,1386,1,1,0,-1,238
fold3_room4_mix006.csv,1387,1,1,0,-1,238
fold3_room4_mix006.csv,1388,1,1,0,-1,238
fold3_room4_mix006.csv,1389,1,1,0,-1,238
fold3_room4_mix006.csv,1390,1,1,0,-1,238
fold3_room4_mix006.csv,1391,1,1,0,-1,238
fold3_room4_mix006.csv,1392,1,1,0,-1,238
fold3_room4_mix006.csv,1393,1,1,0,-1,238
fold3_room4_mix006.csv,1394,1,1,0,-1,238
fold3_room4_mix006.csv,1395,1,1,0,-1,238
fold3_room4_mix006.csv,1396,1,1,0,-1,238
fold3_room4_mix006.csv,1397,1,1,0,-1,238
fold3_room4_mix006.csv,1398,1,1,0,-1,238
fold3_room4_mix006.csv,1399,1,1,0,-1,238
fold3_room4_mix006.csv,1400,1,1,0,-1,238
fold3_room4_mix006.csv,1401,1,1,0,-1,238
fold3_room4_mix006.csv,1402,1,1,0,-1,238
fold3_room4_mix006.csv,1403,1,1,0,-1,238
fold3_room4_mix006.csv,1404,1,1,0,-1,238
fold3_room4_mix006.csv,1405,1,1,0,-1,238
fold3_room4_mix006.csv,1406,1,1,0,-1,238
fold3_room4_mix006.csv,1407,1,1,0,-1,238
fold3_room4_mix006.csv,1408,1,1,0,-1,238
fold3_room4_mix006.csv,1409,1,1,0,-1,237
fold3_room4_mix006.csv,1415,1,1,0,-1,238
fold3_room4_mix006.csv,1416,1,1,0,-1,238
fold3_room4_mix006.csv,1417,1,1,0,-1,238
fold3_room4_mix006.csv,1418,1,1,0,-1,238
fold3_room4_mix006.csv,1419,1,1,0,-1,238
fold3_room4_mix006.csv,1420,1,1,0,-1,237
fold3_room4_mix006.csv,1421,1,1,0,-1,237
fold3_room4_mix006.csv,1422,1,1,0,-1,237
fold3_room4_mix006.csv,1423,1,1,0,-1,238
fold3_room4_mix006.csv,1424,1,1,0,-1,238
fold3_room4_mix006.csv,1425,1,1,0,-1,238
fold3_room4_mix006.csv,1426,1,1,0,-1,238
fold3_room4_mix006.csv,1427,1,1,0,-1,238
fold3_room4_mix006.csv,1428,1,1,0,-1,238
fold3_room4_mix006.csv,1429,1,1,0,-1,237
fold3_room4_mix006.csv,1430,1,1,0,-1,237
fold3_room4_mix006.csv,1431,1,1,0,-1,237
fold3_room4_mix006.csv,1432,1,1,0,-1,237
fold3_room4_mix006.csv,1433,1,1,0,-1,237
fold3_room4_mix006.csv,1434,1,1,0,-1,237
fold3_room4_mix006.csv,1435,1,1,0,-1,237
fold3_room4_mix006.csv,1436,1,1,0,-1,237
fold3_room4_mix006.csv,1437,1,1,0,-1,238
fold3_room4_mix006.csv,1438,1,1,0,-1,238
fold3_room4_mix006.csv,1439,1,1,0,-1,238
fold3_room4_mix006.csv,1445,1,2,-32,1,127
fold3_room4_mix006.csv,1446,1,2,-32,1,127
fold3_room4_mix006.csv,1447,1,2,-31,1,127
fold3_room4_mix006.csv,1448,1,2,-31,1,127
fold3_room4_mix006.csv,1449,1,2,-31,1,127
fold3_room4_mix006.csv,1450,1,2,-31,1,127
fold3_room4_mix006.csv,1451,1,2,-31,1,127
fold3_room4_mix006.csv,1452,1,2,-31,1,127
fold3_room4_mix006.csv,1453,1,2,-31,1,127
fold3_room4_mix006.csv,1454,1,2,-31,0,127
fold3_room4_mix006.csv,1460,1,1,0,-1,238
fold3_room4_mix006.csv,1461,1,1,0,-1,238
fold3_room4_mix006.csv,1462,1,1,0,-1,238
fold3_room4_mix006.csv,1463,1,1,0,-1,238
fold3_room4_mix006.csv,1464,1,1,0,-1,238
fold3_room4_mix006.csv,1465,1,1,0,-1,238
fold3_room4_mix006.csv,1466,1,1,0,-1,238
fold3_room4_mix006.csv,1467,1,1,0,-1,238
fold3_room4_mix006.csv,1468,1,1,0,-1,238
fold3_room4_mix006.csv,1469,1,1,0,-1,238
fold3_room4_mix006.csv,1470,1,1,0,-1,238
fold3_room4_mix006.csv,1471,1,1,0,-1,238
fold3_room4_mix006.csv,1472,1,1,0,-1,238
fold3_room4_mix006.csv,1473,1,1,0,-1,238
fold3_room4_mix006.csv,1474,1,1,0,-1,238
fold3_room4_mix006.csv,1475,1,1,0,-1,238
fold3_room4_mix006.csv,1476,1,1,0,-1,238
fold3_room4_mix006.csv,1477,1,1,0,-1,238
fold3_room4_mix006.csv,1478,1,1,0,-1,238
fold3_room4_mix006.csv,1479,1,1,0,-1,238
fold3_room4_mix006.csv,1480,1,1,0,-1,238
fold3_room4_mix006.csv,1481,1,1,0,-1,238
fold3_room4_mix006.csv,1482,1,1,0,-1,238
fold3_room4_mix006.csv,1483,1,1,0,-1,238
fold3_room4_mix006.csv,1484,1,1,0,-1,238
fold3_room4_mix006.csv,1485,1,1,0,-1,238
fold3_room4_mix006.csv,1486,1,1,0,-1,238
fold3_room4_mix006.csv,1487,1,1,0,-1,238
fold3_room4_mix006.csv,1488,1,1,0,-1,238
fold3_room4_mix006.csv,1489,1,1,0,-1,238
fold3_room4_mix006.csv,1505,1,1,0,-1,238
fold3_room4_mix006.csv,1506,1,1,0,-1,238
fold3_room4_mix006.csv,1507,1,1,0,-1,238
fold3_room4_mix006.csv,1508,1,1,0,-1,239
fold3_room4_mix006.csv,1509,1,1,0,-1,239
fold3_room4_mix006.csv,1510,1,1,0,-1,239
fold3_room4_mix006.csv,1511,1,1,0,-1,239
fold3_room4_mix006.csv,1512,1,1,0,-1,239
fold3_room4_mix006.csv,1513,1,1,0,-1,239
fold3_room4_mix006.csv,1514,1,1,0,-1,239
fold3_room4_mix006.csv,1515,1,1,0,-1,239
fold3_room4_mix006.csv,1516,1,1,0,-1,239
fold3_room4_mix006.csv,1517,1,1,0,-1,239
fold3_room4_mix006.csv,1518,1,1,0,-1,239
fold3_room4_mix006.csv,1519,1,1,0,-1,239
fold3_room4_mix006.csv,1520,1,1,0,-1,239
fold3_room4_mix006.csv,1521,1,1,0,-1,239
fold3_room4_mix006.csv,1522,1,1,0,-1,239
fold3_room4_mix006.csv,1523,1,1,0,-1,239
fold3_room4_mix006.csv,1524,1,1,0,-1,239
fold3_room4_mix006.csv,1525,1,1,0,-1,239
fold3_room4_mix006.csv,1526,1,1,0,-1,239
fold3_room4_mix006.csv,1527,1,1,0,-1,239
fold3_room4_mix006.csv,1528,1,1,0,-1,239
fold3_room4_mix006.csv,1529,1,1,0,-1,239
fold3_room4_mix006.csv,1530,1,1,0,-1,239
fold3_room4_mix006.csv,1531,1,1,0,-1,239
fold3_room4_mix006.csv,1532,1,1,0,-1,239
fold3_room4_mix006.csv,1533,1,1,0,-1,239
fold3_room4_mix006.csv,1534,1,1,0,-1,239
fold3_room4_mix006.csv,1535,1,1,0,-1,239
fold3_room4_mix006.csv,1536,1,1,0,-1,239
fold3_room4_mix006.csv,1537,1,1,0,-1,239
fold3_room4_mix006.csv,1538,1,1,0,-1,239
fold3_room4_mix006.csv,1539,1,1,0,-1,239
fold3_room4_mix006.csv,1540,1,1,0,-1,239
fold3_room4_mix006.csv,1541,1,1,0,-1,239
fold3_room4_mix006.csv,1542,1,1,0,-1,239
fold3_room4_mix006.csv,1543,1,1,0,-1,239
fold3_room4_mix006.csv,1544,1,1,0,-1,239
fold3_room4_mix006.csv,1545,1,1,0,-1,239
fold3_room4_mix006.csv,1546,1,1,0,-1,239
fold3_room4_mix006.csv,1547,1,1,0,-1,239
fold3_room4_mix006.csv,1548,1,1,0,-1,239
fold3_room4_mix006.csv,1549,1,1,0,-1,239
fold3_room4_mix006.csv,1565,1,2,-30,0,127
fold3_room4_mix006.csv,1566,1,2,-30,0,127
fold3_room4_mix006.csv,1567,1,2,-30,0,127
fold3_room4_mix006.csv,1568,1,2,-30,0,127
fold3_room4_mix006.csv,1569,1,2,-30,0,127
fold3_room4_mix006.csv,1570,1,2,-30,0,127
fold3_room4_mix006.csv,1571,1,2,-30,0,127
fold3_room4_mix006.csv,1572,1,2,-30,0,127
fold3_room4_mix006.csv,1573,1,2,-29,0,126
fold3_room4_mix006.csv,1574,1,2,-30,0,126
fold3_room4_mix006.csv,1575,1,2,-30,0,126
fold3_room4_mix006.csv,1576,1,2,-30,0,127
fold3_room4_mix006.csv,1577,1,2,-30,0,127
fold3_room4_mix006.csv,1578,1,2,-30,0,127
fold3_room4_mix006.csv,1579,1,2,-30,0,127
fold3_room4_mix006.csv,1580,1,2,-30,0,127
fold3_room4_mix006.csv,1581,1,2,-29,0,127
fold3_room4_mix006.csv,1582,1,2,-29,0,127
fold3_room4_mix006.csv,1583,1,2,-29,0,126
fold3_room4_mix006.csv,1584,1,2,-29,0,126
fold3_room4_mix006.csv,1585,1,1,0,-1,238
fold3_room4_mix006.csv,1586,1,1,0,-1,238
fold3_room4_mix006.csv,1587,1,1,0,-1,238
fold3_room4_mix006.csv,1588,1,1,0,-1,238
fold3_room4_mix006.csv,1589,1,1,0,-1,238
fold3_room4_mix006.csv,1590,1,1,0,-1,238
fold3_room4_mix006.csv,1591,1,1,0,-1,238
fold3_room4_mix006.csv,1592,1,1,0,-1,238
fold3_room4_mix006.csv,1593,1,1,0,-1,238
fold3_room4_mix006.csv,1594,1,1,0,-1,238
fold3_room4_mix006.csv,1595,1,1,0,-1,238
fold3_room4_mix006.csv,1596,1,1,0,-1,238
fold3_room4_mix006.csv,1597,1,1,0,-1,238
fold3_room4_mix006.csv,1598,1,1,0,-1,238
fold3_room4_mix006.csv,1599,1,1,0,-1,238
fold3_room4_mix006.csv,1600,1,1,0,-1,238
fold3_room4_mix006.csv,1601,1,1,0,-1,238
fold3_room4_mix006.csv,1602,1,1,0,-1,238
fold3_room4_mix006.csv,1603,1,1,0,-1,238
fold3_room4_mix006.csv,1604,1,1,0,-1,238
fold3_room4_mix006.csv,1605,1,1,0,-1,238
fold3_room4_mix006.csv,1606,1,1,0,-1,238
fold3_room4_mix006.csv,1607,1,1,0,-1,238
fold3_room4_mix006.csv,1608,1,1,0,-1,238
fold3_room4_mix006.csv,1609,1,1,0,-1,238
fold3_room4_mix006.csv,1610,1,1,0,-1,238
fold3_room4_mix006.csv,1611,1,1,0,-1,238
fold3_room4_mix006.csv,1612,1,1,0,-1,238
fold3_room4_mix006.csv,1613,1,1,0,-1,238
fold3_room4_mix006.csv,1614,1,1,0,-1,238
fold3_room4_mix006.csv,1615,1,1,0,-1,238
fold3_room4_mix006.csv,1616,1,1,0,-1,238
fold3_room4_mix006.csv,1617,1,1,0,-1,238
fold3_room4_mix006.csv,1618,1,1,0,-1,238
fold3_room4_mix006.csv,1619,1,1,0,-1,238
fold3_room4_mix006.csv,1625,1,2,-29,0,127
fold3_room4_mix006.csv,1626,1,2,-29,0,127
fold3_room4_mix006.csv,1627,1,2,-29,0,127
fold3_room4_mix006.csv,1628,1,2,-29,0,126
fold3_room4_mix006.csv,1629,1,2,-29,0,127
fold3_room4_mix006.csv,1635,1,1,0,-1,238
fold3_room4_mix006.csv,1636,1,1,0,-1,238
fold3_room4_mix006.csv,1637,1,1,0,-1,238
fold3_room4_mix006.csv,1638,1,1,0,-1,238
fold3_room4_mix006.csv,1639,1,1,0,-1,238
fold3_room4_mix006.csv,1640,1,1,0,-1,238
fold3_room4_mix006.csv,1641,1,1,0,-1,239
fold3_room4_mix006.csv,1642,1,1,0,-1,239
fold3_room4_mix006.csv,1643,1,1,0,-1,239
fold3_room4_mix006.csv,1644,1,1,0,-1,239
fold3_room4_mix006.csv,1645,1,1,0,-1,239
fold3_room4_mix006.csv,1646,1,1,0,-1,239
fold3_room4_mix006.csv,1647,1,1,0,-1,239
fold3_room4_mix006.csv,1648,1,1,0,-1,239
fold3_room4_mix006.csv,1649,1,1,0,-1,239
fold3_room4_mix006.csv,1650,1,1,0,-1,239
fold3_room4_mix006.csv,1651,1,1,0,-1,239
fold3_room4_mix006.csv,1652,1,1,0,-1,239
fold3_room4_mix006.csv,1653,1,1,0,-1,239
fold3_room4_mix006.csv,1654,1,1,0,-1,239
fold3_room4_mix006.csv,1655,1,1,0,-1,239
fold3_room4_mix006.csv,1656,1,1,0,-1,239
fold3_room4_mix006.csv,1657,1,1,0,-1,239
fold3_room4_mix006.csv,1658,1,1,0,-1,239
fold3_room4_mix006.csv,1659,1,1,0,-1,239
fold3_room4_mix006.csv,1660,1,1,0,-1,239
fold3_room4_mix006.csv,1661,1,1,0,-1,239
fold3_room4_mix006.csv,1662,1,1,0,-1,239
fold3_room4_mix006.csv,1663,1,1,0,-1,239
fold3_room4_mix006.csv,1664,1,1,0,-1,239
fold3_room4_mix006.csv,1665,1,1,0,-1,239
fold3_room4_mix006.csv,1666,1,1,0,-1,239
fold3_room4_mix006.csv,1667,1,1,0,-1,239
fold3_room4_mix006.csv,1668,1,1,0,-1,239
fold3_room4_mix006.csv,1669,1,1,0,-1,239
fold3_room4_mix006.csv,1670,1,1,0,-1,239
fold3_room4_mix006.csv,1671,1,1,0,-1,239
fold3_room4_mix006.csv,1672,1,1,0,-1,239
fold3_room4_mix006.csv,1673,1,1,0,-1,239
fold3_room4_mix006.csv,1674,1,1,0,-1,239
fold3_room4_mix006.csv,1675,1,1,0,-1,239
fold3_room4_mix006.csv,1676,1,1,0,-1,239
fold3_room4_mix006.csv,1677,1,1,0,-1,239
fold3_room4_mix006.csv,1678,1,1,0,-1,239
fold3_room4_mix006.csv,1679,1,1,0,-1,239
fold3_room4_mix006.csv,1680,1,1,0,-1,239
fold3_room4_mix006.csv,1681,1,1,0,-1,239
fold3_room4_mix006.csv,1682,1,1,0,-1,239
fold3_room4_mix006.csv,1683,1,1,0,-1,239
fold3_room4_mix006.csv,1684,1,1,0,-1,239
fold3_room4_mix006.csv,1685,1,1,0,-1,239
fold3_room4_mix006.csv,1686,1,1,0,-1,239
fold3_room4_mix006.csv,1687,1,1,0,-1,239
fold3_room4_mix006.csv,1688,1,1,0,-1,239
fold3_room4_mix006.csv,1689,1,1,0,-1,239
fold3_room4_mix006.csv,1690,1,1,0,-1,239
fold3_room4_mix006.csv,1691,1,1,0,-1,239
fold3_room4_mix006.csv,1692,1,1,0,-1,239
fold3_room4_mix006.csv,1693,1,1,0,-1,239
fold3_room4_mix006.csv,1694,1,1,0,-1,239
fold3_room4_mix006.csv,1695,1,1,0,-1,239
fold3_room4_mix006.csv,1696,1,1,0,-1,239
fold3_room4_mix006.csv,1697,1,1,0,-1,239
fold3_room4_mix006.csv,1698,1,1,0,-1,239
fold3_room4_mix006.csv,1699,1,1,0,-1,239
fold3_room4_mix006.csv,1700,1,1,0,-1,240
fold3_room4_mix006.csv,1701,1,1,-1,-1,240
fold3_room4_mix006.csv,1702,1,1,-1,-1,240
fold3_room4_mix006.csv,1703,1,1,-1,-1,240
fold3_room4_mix006.csv,1704,1,1,-1,-1,240
fold3_room4_mix006.csv,1715,1,1,0,-1,239
fold3_room4_mix006.csv,1716,1,1,0,-1,241
fold3_room4_mix006.csv,1717,1,1,0,-1,241
fold3_room4_mix006.csv,1718,1,1,0,-1,242
fold3_room4_mix006.csv,1719,1,1,0,-1,242
fold3_room4_mix006.csv,1720,1,1,0,-1,242
fold3_room4_mix006.csv,1721,1,1,0,-1,242
fold3_room4_mix006.csv,1722,1,1,0,-1,242
fold3_room4_mix006.csv,1723,1,1,0,-1,241
fold3_room4_mix006.csv,1724,1,1,0,-1,240
fold3_room4_mix006.csv,1725,1,1,0,-1,239
fold3_room4_mix006.csv,1726,1,1,0,-1,239
fold3_room4_mix006.csv,1727,1,1,0,-1,238
fold3_room4_mix006.csv,1728,1,1,0,-1,238
fold3_room4_mix006.csv,1729,1,1,0,-1,238
fold3_room4_mix006.csv,1735,1,2,-30,0,127
fold3_room4_mix006.csv,1736,1,2,-30,0,127
fold3_room4_mix006.csv,1737,1,2,-30,0,127
fold3_room4_mix006.csv,1738,1,2,-30,0,127
fold3_room4_mix006.csv,1739,1,2,-30,0,127
fold3_room4_mix006.csv,1740,1,2,-30,0,126
fold3_room4_mix006.csv,1741,1,2,-30,0,126
fold3_room4_mix006.csv,1742,1,2,-30,1,126
fold3_room4_mix006.csv,1743,1,2,-30,1,126
fold3_room4_mix006.csv,1744,1,2,-30,0,126
fold3_room4_mix006.csv,1745,1,2,-30,0,127
fold3_room4_mix006.csv,1746,1,2,-30,0,127
fold3_room4_mix006.csv,1747,1,2,-30,0,127
fold3_room4_mix006.csv,1748,1,2,-30,0,127
fold3_room4_mix006.csv,1749,1,2,-30,0,127
fold3_room4_mix006.csv,1750,1,2,-30,0,127
fold3_room4_mix006.csv,1751,1,2,-30,0,127
fold3_room4_mix006.csv,1752,1,2,-30,0,127
fold3_room4_mix006.csv,1753,1,2,-30,0,127
fold3_room4_mix006.csv,1754,1,2,-30,0,127
fold3_room4_mix006.csv,1755,1,2,-30,0,127
fold3_room4_mix006.csv,1756,1,2,-30,0,127
fold3_room4_mix006.csv,1757,1,2,-30,0,127
fold3_room4_mix006.csv,1758,1,2,-30,0,127
fold3_room4_mix006.csv,1759,1,2,-30,0,127
fold3_room4_mix006.csv,1760,1,2,-30,0,127
fold3_room4_mix006.csv,1761,1,2,-30,0,126
fold3_room4_mix006.csv,1762,1,2,-30,0,126
fold3_room4_mix006.csv,1763,1,2,-30,0,126
fold3_room4_mix006.csv,1764,1,2,-30,0,126
fold3_room4_mix007.csv,60,1,2,-30,0,134
fold3_room4_mix007.csv,61,1,2,-31,0,132
fold3_room4_mix007.csv,62,1,2,-32,0,129
fold3_room4_mix007.csv,63,1,2,-32,1,127
fold3_room4_mix007.csv,64,1,2,-33,1,125
fold3_room4_mix007.csv,65,1,2,-35,1,122
fold3_room4_mix007.csv,66,1,2,-36,1,120
fold3_room4_mix007.csv,67,1,2,-38,0,118
fold3_room4_mix007.csv,68,1,2,-39,0,115
fold3_room4_mix007.csv,69,1,2,-40,0,114
fold3_room4_mix007.csv,70,1,2,-41,0,117
fold3_room4_mix007.csv,71,1,2,-42,0,120
fold3_room4_mix007.csv,72,1,2,-42,0,124
fold3_room4_mix007.csv,73,1,2,-42,0,128
fold3_room4_mix007.csv,74,1,2,-42,0,131
fold3_room4_mix007.csv,75,1,2,-42,0,133
fold3_room4_mix007.csv,76,1,2,-41,0,134
fold3_room4_mix007.csv,77,1,2,-41,0,135
fold3_room4_mix007.csv,78,1,2,-40,0,136
fold3_room4_mix007.csv,79,1,2,-39,0,136
fold3_room4_mix007.csv,80,1,2,-39,0,135
fold3_room4_mix007.csv,81,1,2,-37,0,134
fold3_room4_mix007.csv,82,1,2,-36,0,131
fold3_room4_mix007.csv,83,1,2,-35,0,130
fold3_room4_mix007.csv,84,1,2,-34,0,129
fold3_room4_mix007.csv,105,1,1,-2,-1,238
fold3_room4_mix007.csv,106,1,1,-2,-1,238
fold3_room4_mix007.csv,107,1,1,-2,-1,238
fold3_room4_mix007.csv,108,1,1,-2,-1,238
fold3_room4_mix007.csv,109,1,1,-2,-1,238
fold3_room4_mix007.csv,110,1,1,-2,-1,238
fold3_room4_mix007.csv,111,1,1,-2,-1,238
fold3_room4_mix007.csv,112,1,1,-2,-1,238
fold3_room4_mix007.csv,113,1,1,-2,-1,238
fold3_room4_mix007.csv,114,1,1,-2,-1,237
fold3_room4_mix007.csv,115,1,1,-2,-1,237
fold3_room4_mix007.csv,116,1,1,-2,-1,237
fold3_room4_mix007.csv,117,1,1,-2,-1,237
fold3_room4_mix007.csv,118,1,1,-2,-1,237
fold3_room4_mix007.csv,119,1,1,-2,-1,237
fold3_room4_mix007.csv,120,1,1,-2,-1,237
fold3_room4_mix007.csv,121,1,1,-2,-1,237
fold3_room4_mix007.csv,122,1,1,-2,-1,237
fold3_room4_mix007.csv,123,1,1,-2,-1,237
fold3_room4_mix007.csv,124,1,1,-2,-1,237
fold3_room4_mix007.csv,125,1,1,-2,-1,236
fold3_room4_mix007.csv,126,1,1,-2,-1,236
fold3_room4_mix007.csv,127,1,1,-2,-1,237
fold3_room4_mix007.csv,128,1,1,-2,-1,237
fold3_room4_mix007.csv,129,1,1,-2,-1,237
fold3_room4_mix007.csv,130,1,1,-2,-1,237
fold3_room4_mix007.csv,131,1,1,-2,-1,236
fold3_room4_mix007.csv,132,1,1,-2,-1,237
fold3_room4_mix007.csv,133,1,1,-2,-1,237
fold3_room4_mix007.csv,134,1,1,-2,-1,237
fold3_room4_mix007.csv,135,1,1,-2,-1,237
fold3_room4_mix007.csv,136,1,1,-2,-1,237
fold3_room4_mix007.csv,137,1,1,-2,-1,237
fold3_room4_mix007.csv,138,1,1,-2,-1,237
fold3_room4_mix007.csv,139,1,1,-2,-1,237
fold3_room4_mix007.csv,140,1,1,-2,-1,238
fold3_room4_mix007.csv,141,1,1,-2,-1,237
fold3_room4_mix007.csv,142,1,1,-2,-1,238
fold3_room4_mix007.csv,143,1,1,-2,-1,238
fold3_room4_mix007.csv,144,1,1,-2,-1,239
fold3_room4_mix007.csv,145,1,1,-2,-1,239
fold3_room4_mix007.csv,146,1,1,-2,-1,238
fold3_room4_mix007.csv,147,1,1,-2,-1,238
fold3_room4_mix007.csv,148,1,1,-2,-1,238
fold3_room4_mix007.csv,149,1,1,-2,-1,238
fold3_room4_mix007.csv,170,1,1,-2,-1,239
fold3_room4_mix007.csv,171,1,1,-2,-1,239
fold3_room4_mix007.csv,172,1,1,-2,-1,239
fold3_room4_mix007.csv,173,1,1,-2,-1,239
fold3_room4_mix007.csv,174,1,1,-2,-1,239
fold3_room4_mix007.csv,175,1,1,-2,-1,240
fold3_room4_mix007.csv,176,1,1,-2,-1,240
fold3_room4_mix007.csv,177,1,1,-2,-1,240
fold3_room4_mix007.csv,178,1,1,-2,-1,240
fold3_room4_mix007.csv,179,1,1,-2,-1,240
fold3_room4_mix007.csv,180,1,1,-2,-1,240
fold3_room4_mix007.csv,181,1,1,-2,-1,240
fold3_room4_mix007.csv,182,1,1,-2,-1,240
fold3_room4_mix007.csv,183,1,1,-2,-1,240
fold3_room4_mix007.csv,184,1,1,-2,-1,240
fold3_room4_mix007.csv,185,1,1,-2,-1,240
fold3_room4_mix007.csv,186,1,1,-2,-1,240
fold3_room4_mix007.csv,187,1,1,-2,-1,240
fold3_room4_mix007.csv,188,1,1,-2,-1,240
fold3_room4_mix007.csv,189,1,1,-2,-1,240
fold3_room4_mix007.csv,190,1,1,-2,-1,240
fold3_room4_mix007.csv,191,1,1,-2,-1,240
fold3_room4_mix007.csv,192,1,1,-2,-1,240
fold3_room4_mix007.csv,193,1,1,-2,-1,240
fold3_room4_mix007.csv,194,1,1,-2,-1,240
fold3_room4_mix007.csv,195,1,1,-2,-1,239
fold3_room4_mix007.csv,196,1,1,-2,-1,239
fold3_room4_mix007.csv,197,1,1,-2,-1,239
fold3_room4_mix007.csv,198,1,1,-2,-1,240
fold3_room4_mix007.csv,199,1,1,-2,-1,240
fold3_room4_mix007.csv,200,1,1,-2,-1,240
fold3_room4_mix007.csv,201,1,1,-2,-1,239
fold3_room4_mix007.csv,202,1,1,-2,-1,239
fold3_room4_mix007.csv,203,1,1,-2,-1,239
fold3_room4_mix007.csv,204,1,1,-2,-1,239
fold3_room4_mix007.csv,205,1,1,-2,-1,239
fold3_room4_mix007.csv,206,1,1,-2,-1,239
fold3_room4_mix007.csv,207,1,1,-2,-1,239
fold3_room4_mix007.csv,208,1,1,-2,-1,239
fold3_room4_mix007.csv,209,1,1,-2,-1,240
fold3_room4_mix007.csv,210,1,1,-2,-1,240
fold3_room4_mix007.csv,211,1,1,-2,-1,240
fold3_room4_mix007.csv,212,1,1,-2,-1,240
fold3_room4_mix007.csv,213,1,1,-2,-1,240
fold3_room4_mix007.csv,214,1,1,-2,-1,240
fold3_room4_mix007.csv,215,1,1,-2,-1,240
fold3_room4_mix007.csv,216,1,1,-2,-1,240
fold3_room4_mix007.csv,217,1,1,-2,-1,240
fold3_room4_mix007.csv,218,1,1,-2,-1,240
fold3_room4_mix007.csv,219,1,1,-2,-1,239
fold3_room4_mix007.csv,230,1,2,-32,0,126
fold3_room4_mix007.csv,231,1,2,-32,0,126
fold3_room4_mix007.csv,232,1,2,-32,0,126
fold3_room4_mix007.csv,233,1,2,-32,0,126
fold3_room4_mix007.csv,234,1,2,-33,0,127
fold3_room4_mix007.csv,235,1,2,-33,0,127
fold3_room4_mix007.csv,236,1,2,-33,0,127
fold3_room4_mix007.csv,237,1,2,-32,0,127
fold3_room4_mix007.csv,238,1,2,-32,0,127
fold3_room4_mix007.csv,239,1,2,-32,0,127
fold3_room4_mix007.csv,240,1,2,-32,0,128
fold3_room4_mix007.csv,241,1,2,-32,0,128
fold3_room4_mix007.csv,242,1,2,-32,0,128
fold3_room4_mix007.csv,243,1,2,-32,0,128
fold3_room4_mix007.csv,244,1,2,-31,0,128
fold3_room4_mix007.csv,245,1,2,-31,0,129
fold3_room4_mix007.csv,246,1,2,-31,0,129
fold3_room4_mix007.csv,247,1,2,-31,0,129
fold3_room4_mix007.csv,248,1,2,-31,0,128
fold3_room4_mix007.csv,249,1,2,-31,0,128
fold3_room4_mix007.csv,250,1,2,-31,0,129
fold3_room4_mix007.csv,251,1,2,-31,0,128
fold3_room4_mix007.csv,252,1,2,-31,0,128
fold3_room4_mix007.csv,253,1,2,-31,0,128
fold3_room4_mix007.csv,254,1,2,-31,0,128
fold3_room4_mix007.csv,255,1,2,-31,0,128
fold3_room4_mix007.csv,256,1,2,-31,0,128
fold3_room4_mix007.csv,257,1,2,-31,0,128
fold3_room4_mix007.csv,258,1,2,-31,0,128
fold3_room4_mix007.csv,259,1,2,-31,0,128
fold3_room4_mix007.csv,260,1,2,-31,0,128
fold3_room4_mix007.csv,261,1,2,-31,0,128
fold3_room4_mix007.csv,262,1,2,-31,0,128
fold3_room4_mix007.csv,263,1,2,-31,0,128
fold3_room4_mix007.csv,264,1,2,-31,0,128
fold3_room4_mix007.csv,265,1,2,-31,0,128
fold3_room4_mix007.csv,266,1,2,-31,0,128
fold3_room4_mix007.csv,267,1,2,-31,0,128
fold3_room4_mix007.csv,268,1,2,-31,0,128
fold3_room4_mix007.csv,269,1,2,-31,0,128
fold3_room4_mix007.csv,270,1,2,-31,0,128
fold3_room4_mix007.csv,271,1,2,-31,0,128
fold3_room4_mix007.csv,272,1,2,-31,0,128
fold3_room4_mix007.csv,273,1,2,-31,0,128
fold3_room4_mix007.csv,274,1,2,-31,0,128
fold3_room4_mix007.csv,275,1,2,-31,0,128
fold3_room4_mix007.csv,276,1,2,-31,0,128
fold3_room4_mix007.csv,277,1,2,-31,0,128
fold3_room4_mix007.csv,278,1,2,-31,0,128
fold3_room4_mix007.csv,279,1,2,-31,0,128
fold3_room4_mix007.csv,280,1,2,-31,0,128
fold3_room4_mix007.csv,281,1,2,-31,0,128
fold3_room4_mix007.csv,282,1,2,-31,0,128
fold3_room4_mix007.csv,283,1,2,-31,0,128
fold3_room4_mix007.csv,284,1,2,-31,0,128
fold3_room4_mix007.csv,285,1,2,-31,0,128
fold3_room4_mix007.csv,286,1,2,-31,0,128
fold3_room4_mix007.csv,287,1,2,-31,0,128
fold3_room4_mix007.csv,288,1,2,-31,0,129
fold3_room4_mix007.csv,289,1,2,-32,0,129
fold3_room4_mix007.csv,290,1,2,-32,0,129
fold3_room4_mix007.csv,291,1,2,-32,0,130
fold3_room4_mix007.csv,292,1,2,-32,0,130
fold3_room4_mix007.csv,293,1,2,-32,0,129
fold3_room4_mix007.csv,294,1,2,-32,0,129
fold3_room4_mix007.csv,295,1,2,-32,0,129
fold3_room4_mix007.csv,296,1,2,-32,0,129
fold3_room4_mix007.csv,297,1,2,-32,0,129
fold3_room4_mix007.csv,298,1,2,-32,0,128
fold3_room4_mix007.csv,299,1,2,-31,0,128
fold3_room4_mix007.csv,300,1,2,-31,0,128
fold3_room4_mix007.csv,301,1,2,-31,0,129
fold3_room4_mix007.csv,302,1,2,-31,0,128
fold3_room4_mix007.csv,303,1,2,-31,0,128
fold3_room4_mix007.csv,304,1,2,-31,0,128
fold3_room4_mix007.csv,305,1,2,-31,0,128
fold3_room4_mix007.csv,306,1,2,-31,0,128
fold3_room4_mix007.csv,307,1,2,-31,0,128
fold3_room4_mix007.csv,308,1,2,-31,0,128
fold3_room4_mix007.csv,309,1,2,-31,0,128
fold3_room4_mix007.csv,310,1,2,-31,0,128
fold3_room4_mix007.csv,311,1,2,-31,0,128
fold3_room4_mix007.csv,312,1,2,-31,0,128
fold3_room4_mix007.csv,313,1,2,-31,0,128
fold3_room4_mix007.csv,314,1,2,-31,0,128
fold3_room4_mix007.csv,330,1,2,-31,0,127
fold3_room4_mix007.csv,331,1,2,-31,0,127
fold3_room4_mix007.csv,332,1,2,-31,0,127
fold3_room4_mix007.csv,333,1,2,-31,0,127
fold3_room4_mix007.csv,334,1,2,-31,0,128
fold3_room4_mix007.csv,335,1,2,-31,0,128
fold3_room4_mix007.csv,336,1,2,-31,0,128
fold3_room4_mix007.csv,337,1,2,-31,0,129
fold3_room4_mix007.csv,338,1,2,-31,0,129
fold3_room4_mix007.csv,339,1,2,-31,0,128
fold3_room4_mix007.csv,340,1,2,-31,0,128
fold3_room4_mix007.csv,341,1,2,-31,0,128
fold3_room4_mix007.csv,342,1,2,-31,0,128
fold3_room4_mix007.csv,343,1,2,-31,0,128
fold3_room4_mix007.csv,344,1,2,-31,0,128
fold3_room4_mix007.csv,345,1,2,-31,0,127
fold3_room4_mix007.csv,346,1,2,-31,0,127
fold3_room4_mix007.csv,347,1,2,-31,0,127
fold3_room4_mix007.csv,348,1,2,-31,0,127
fold3_room4_mix007.csv,349,1,2,-31,0,127
fold3_room4_mix007.csv,375,1,1,-2,-1,238
fold3_room4_mix007.csv,376,1,1,-2,-1,238
fold3_room4_mix007.csv,377,1,1,-2,-1,238
fold3_room4_mix007.csv,378,1,1,-2,-1,238
fold3_room4_mix007.csv,379,1,1,-2,-1,238
fold3_room4_mix007.csv,380,1,1,-2,-1,238
fold3_room4_mix007.csv,381,1,1,-2,-1,238
fold3_room4_mix007.csv,382,1,1,-2,-1,238
fold3_room4_mix007.csv,383,1,1,-2,-1,238
fold3_room4_mix007.csv,384,1,1,-2,-1,238
fold3_room4_mix007.csv,385,1,1,-2,-1,238
fold3_room4_mix007.csv,386,1,1,-2,-1,238
fold3_room4_mix007.csv,387,1,1,-2,-1,238
fold3_room4_mix007.csv,388,1,1,-2,-1,238
fold3_room4_mix007.csv,389,1,1,-2,-1,238
fold3_room4_mix007.csv,390,1,1,-2,-1,238
fold3_room4_mix007.csv,391,1,1,-2,-1,238
fold3_room4_mix007.csv,392,1,1,-2,-1,238
fold3_room4_mix007.csv,393,1,1,-2,-1,238
fold3_room4_mix007.csv,394,1,1,-2,-1,238
fold3_room4_mix007.csv,395,1,1,-2,-1,238
fold3_room4_mix007.csv,396,1,1,-2,-1,238
fold3_room4_mix007.csv,397,1,1,-2,-1,238
fold3_room4_mix007.csv,398,1,1,-2,-1,238
fold3_room4_mix007.csv,399,1,1,-2,-1,238
fold3_room4_mix007.csv,400,1,1,-2,-1,238
fold3_room4_mix007.csv,401,1,1,-2,-1,238
fold3_room4_mix007.csv,402,1,1,-2,-1,238
fold3_room4_mix007.csv,403,1,1,-2,-1,238
fold3_room4_mix007.csv,404,1,1,-2,-1,238
fold3_room4_mix007.csv,405,1,1,-2,-1,238
fold3_room4_mix007.csv,406,1,1,-2,-1,238
fold3_room4_mix007.csv,407,1,1,-2,-1,238
fold3_room4_mix007.csv,408,1,1,-2,-1,238
fold3_room4_mix007.csv,409,1,1,-2,-1,238
fold3_room4_mix007.csv,420,1,2,-32,0,127
fold3_room4_mix007.csv,421,1,2,-32,0,127
fold3_room4_mix007.csv,422,1,2,-32,0,126
fold3_room4_mix007.csv,423,1,2,-32,0,126
fold3_room4_mix007.csv,424,1,2,-32,0,126
fold3_room4_mix007.csv,425,1,2,-32,0,126
fold3_room4_mix007.csv,426,1,2,-32,0,126
fold3_room4_mix007.csv,427,1,2,-32,0,126
fold3_room4_mix007.csv,428,1,2,-32,0,126
fold3_room4_mix007.csv,429,1,2,-32,0,126
fold3_room4_mix007.csv,430,1,2,-32,0,126
fold3_room4_mix007.csv,431,1,2,-32,0,126
fold3_room4_mix007.csv,432,1,2,-32,0,126
fold3_room4_mix007.csv,433,1,2,-32,0,126
fold3_room4_mix007.csv,434,1,2,-32,0,126
fold3_room4_mix007.csv,435,1,2,-32,0,126
fold3_room4_mix007.csv,436,1,2,-32,0,126
fold3_room4_mix007.csv,437,1,2,-32,0,126
fold3_room4_mix007.csv,438,1,2,-32,0,125
fold3_room4_mix007.csv,439,1,2,-31,0,126
fold3_room4_mix007.csv,440,1,2,-31,0,126
fold3_room4_mix007.csv,441,1,2,-32,0,126
fold3_room4_mix007.csv,442,1,2,-32,0,126
fold3_room4_mix007.csv,443,1,2,-32,0,126
fold3_room4_mix007.csv,444,1,2,-32,0,126
fold3_room4_mix007.csv,445,1,2,-32,0,127
fold3_room4_mix007.csv,446,1,2,-31,0,127
fold3_room4_mix007.csv,447,1,2,-32,0,128
fold3_room4_mix007.csv,448,1,2,-32,0,130
fold3_room4_mix007.csv,449,1,2,-31,0,129
fold3_room4_mix007.csv,450,1,2,-31,0,128
fold3_room4_mix007.csv,451,1,2,-31,0,128
fold3_room4_mix007.csv,452,1,2,-31,0,128
fold3_room4_mix007.csv,453,1,2,-31,0,128
fold3_room4_mix007.csv,454,1,2,-31,0,128
fold3_room4_mix007.csv,455,1,2,-31,0,128
fold3_room4_mix007.csv,456,1,2,-31,0,128
fold3_room4_mix007.csv,457,1,2,-31,0,128
fold3_room4_mix007.csv,458,1,2,-31,0,128
fold3_room4_mix007.csv,459,1,2,-32,0,128
fold3_room4_mix007.csv,460,1,2,-32,0,128
fold3_room4_mix007.csv,461,1,2,-31,0,128
fold3_room4_mix007.csv,462,1,2,-31,0,128
fold3_room4_mix007.csv,463,1,2,-31,0,129
fold3_room4_mix007.csv,464,1,2,-31,0,129
fold3_room4_mix007.csv,465,1,2,-31,0,128
fold3_room4_mix007.csv,466,1,2,-31,0,128
fold3_room4_mix007.csv,467,1,2,-32,0,126
fold3_room4_mix007.csv,468,1,2,-32,0,125
fold3_room4_mix007.csv,469,1,2,-32,0,124
fold3_room4_mix007.csv,470,1,2,-33,0,123
fold3_room4_mix007.csv,471,1,2,-33,0,122
fold3_room4_mix007.csv,472,1,2,-33,0,122
fold3_room4_mix007.csv,473,1,2,-33,0,122
fold3_room4_mix007.csv,474,1,2,-33,0,123
fold3_room4_mix007.csv,475,1,2,-33,0,123
fold3_room4_mix007.csv,476,1,2,-32,0,124
fold3_room4_mix007.csv,477,1,2,-32,0,125
fold3_room4_mix007.csv,478,1,2,-32,0,126
fold3_room4_mix007.csv,479,1,2,-32,0,127
fold3_room4_mix007.csv,490,1,2,-33,0,124
fold3_room4_mix007.csv,491,1,2,-33,0,121
fold3_room4_mix007.csv,492,1,2,-34,0,119
fold3_room4_mix007.csv,493,1,2,-34,0,118
fold3_room4_mix007.csv,494,1,2,-35,0,117
fold3_room4_mix007.csv,495,1,2,-35,-1,117
fold3_room4_mix007.csv,496,1,2,-34,0,117
fold3_room4_mix007.csv,497,1,2,-34,0,118
fold3_room4_mix007.csv,498,1,2,-33,0,119
fold3_room4_mix007.csv,499,1,2,-33,0,121
fold3_room4_mix007.csv,500,1,2,-32,0,123
fold3_room4_mix007.csv,501,1,2,-32,0,125
fold3_room4_mix007.csv,502,1,2,-32,0,127
fold3_room4_mix007.csv,503,1,2,-32,0,128
fold3_room4_mix007.csv,504,1,2,-32,0,129
fold3_room4_mix007.csv,510,1,1,-2,-1,237
fold3_room4_mix007.csv,511,1,1,-2,-1,237
fold3_room4_mix007.csv,512,1,1,-2,-1,237
fold3_room4_mix007.csv,513,1,1,-2,-1,237
fold3_room4_mix007.csv,514,1,1,-2,-1,237
fold3_room4_mix007.csv,515,1,1,-2,-1,237
fold3_room4_mix007.csv,516,1,1,-2,-1,237
fold3_room4_mix007.csv,517,1,1,-2,-1,237
fold3_room4_mix007.csv,518,1,1,-2,-1,237
fold3_room4_mix007.csv,519,1,1,-2,-1,237
fold3_room4_mix007.csv,520,1,1,-2,-1,237
fold3_room4_mix007.csv,521,1,1,-2,-1,237
fold3_room4_mix007.csv,522,1,1,-2,-1,237
fold3_room4_mix007.csv,523,1,1,-2,-1,237
fold3_room4_mix007.csv,524,1,1,-2,-1,237
fold3_room4_mix007.csv,525,1,1,-2,-1,237
fold3_room4_mix007.csv,526,1,1,-2,-1,237
fold3_room4_mix007.csv,527,1,1,-2,-1,237
fold3_room4_mix007.csv,528,1,1,-2,-1,237
fold3_room4_mix007.csv,529,1,1,-2,-1,237
fold3_room4_mix007.csv,540,1,1,-2,-1,238
fold3_room4_mix007.csv,541,1,1,-2,-1,238
fold3_room4_mix007.csv,542,1,1,-2,-1,238
fold3_room4_mix007.csv,543,1,1,-2,-1,238
fold3_room4_mix007.csv,544,1,1,-2,-1,238
fold3_room4_mix007.csv,545,1,1,-2,-1,238
fold3_room4_mix007.csv,546,1,1,-2,-1,238
fold3_room4_mix007.csv,547,1,1,-2,-1,238
fold3_room4_mix007.csv,548,1,1,-2,-1,238
fold3_room4_mix007.csv,549,1,1,-2,-1,238
fold3_room4_mix007.csv,550,1,1,-2,-1,238
fold3_room4_mix007.csv,551,1,1,-2,-1,238
fold3_room4_mix007.csv,552,1,1,-2,-1,238
fold3_room4_mix007.csv,553,1,1,-2,-1,238
fold3_room4_mix007.csv,554,1,1,-2,-1,238
fold3_room4_mix007.csv,555,1,1,-2,-1,238
fold3_room4_mix007.csv,556,1,1,-2,-1,238
fold3_room4_mix007.csv,557,1,1,-2,-1,238
fold3_room4_mix007.csv,558,1,1,-2,-1,238
fold3_room4_mix007.csv,559,1,1,-2,-1,238
fold3_room4_mix007.csv,560,1,1,-2,-1,238
fold3_room4_mix007.csv,561,1,1,-2,-1,238
fold3_room4_mix007.csv,562,1,1,-2,-1,238
fold3_room4_mix007.csv,563,1,1,-2,-1,238
fold3_room4_mix007.csv,564,1,1,-2,-1,238
fold3_room4_mix007.csv,565,1,1,-2,-1,238
fold3_room4_mix007.csv,566,1,1,-2,-1,238
fold3_room4_mix007.csv,567,1,1,-2,-1,238
fold3_room4_mix007.csv,568,1,1,-2,-1,239
fold3_room4_mix007.csv,569,1,1,-2,-1,239
fold3_room4_mix007.csv,570,1,1,-2,-1,239
fold3_room4_mix007.csv,571,1,1,-2,-1,238
fold3_room4_mix007.csv,572,1,1,-2,-1,238
fold3_room4_mix007.csv,573,1,1,-2,-1,238
fold3_room4_mix007.csv,574,1,1,-2,-1,238
fold3_room4_mix007.csv,575,1,1,-2,-1,238
fold3_room4_mix007.csv,576,1,1,-2,-1,238
fold3_room4_mix007.csv,577,1,1,-2,-1,238
fold3_room4_mix007.csv,578,1,1,-2,-1,238
fold3_room4_mix007.csv,579,1,1,-2,-1,238
fold3_room4_mix007.csv,580,1,1,-2,-1,238
fold3_room4_mix007.csv,581,1,1,-2,-1,238
fold3_room4_mix007.csv,582,1,1,-2,-1,239
fold3_room4_mix007.csv,583,1,1,-2,-1,239
fold3_room4_mix007.csv,584,1,1,-2,-1,239
fold3_room4_mix007.csv,590,1,2,-31,0,128
fold3_room4_mix007.csv,591,1,2,-31,0,128
fold3_room4_mix007.csv,592,1,2,-32,0,127
fold3_room4_mix007.csv,593,1,2,-31,0,127
fold3_room4_mix007.csv,594,1,2,-32,0,127
fold3_room4_mix007.csv,595,1,2,-32,0,127
fold3_room4_mix007.csv,596,1,2,-32,0,126
fold3_room4_mix007.csv,597,1,2,-32,0,126
fold3_room4_mix007.csv,598,1,2,-32,0,126
fold3_room4_mix007.csv,599,1,2,-32,0,126
fold3_room4_mix007.csv,600,1,2,-32,0,125
fold3_room4_mix007.csv,601,1,2,-32,0,125
fold3_room4_mix007.csv,602,1,2,-32,0,125
fold3_room4_mix007.csv,603,1,2,-33,0,125
fold3_room4_mix007.csv,604,1,2,-33,0,124
fold3_room4_mix007.csv,605,1,2,-33,0,124
fold3_room4_mix007.csv,606,1,2,-33,0,124
fold3_room4_mix007.csv,607,1,2,-34,0,123
fold3_room4_mix007.csv,608,1,2,-34,0,123
fold3_room4_mix007.csv,609,1,2,-34,0,122
fold3_room4_mix007.csv,610,1,2,-34,0,121
fold3_room4_mix007.csv,611,1,2,-35,0,120
fold3_room4_mix007.csv,612,1,2,-35,0,118
fold3_room4_mix007.csv,613,1,2,-36,0,117
fold3_room4_mix007.csv,614,1,2,-37,-1,116
fold3_room4_mix007.csv,615,1,2,-37,-1,116
fold3_room4_mix007.csv,616,1,2,-37,-1,115
fold3_room4_mix007.csv,617,1,2,-37,-1,116
fold3_room4_mix007.csv,618,1,2,-37,-1,116
fold3_room4_mix007.csv,619,1,2,-37,-1,116
fold3_room4_mix007.csv,620,1,2,-37,-1,116
fold3_room4_mix007.csv,621,1,2,-37,-1,116
fold3_room4_mix007.csv,622,1,2,-36,-1,116
fold3_room4_mix007.csv,623,1,2,-36,-1,117
fold3_room4_mix007.csv,624,1,2,-36,0,117
fold3_room4_mix007.csv,625,1,2,-36,0,117
fold3_room4_mix007.csv,626,1,2,-36,0,117
fold3_room4_mix007.csv,627,1,2,-36,0,118
fold3_room4_mix007.csv,628,1,2,-36,0,118
fold3_room4_mix007.csv,629,1,2,-36,0,118
fold3_room4_mix007.csv,630,1,2,-36,0,118
fold3_room4_mix007.csv,631,1,2,-36,0,118
fold3_room4_mix007.csv,632,1,2,-36,0,119
fold3_room4_mix007.csv,633,1,2,-36,0,119
fold3_room4_mix007.csv,634,1,2,-35,0,120
fold3_room4_mix007.csv,635,1,2,-35,0,121
fold3_room4_mix007.csv,636,1,2,-35,0,121
fold3_room4_mix007.csv,637,1,2,-35,0,121
fold3_room4_mix007.csv,638,1,2,-34,0,122
fold3_room4_mix007.csv,639,1,2,-34,0,122
fold3_room4_mix007.csv,655,1,2,-33,0,127
fold3_room4_mix007.csv,656,1,2,-33,0,127
fold3_room4_mix007.csv,657,1,2,-33,0,128
fold3_room4_mix007.csv,658,1,2,-32,0,128
fold3_room4_mix007.csv,659,1,2,-33,0,128
fold3_room4_mix007.csv,660,1,2,-32,0,127
fold3_room4_mix007.csv,661,1,2,-32,0,127
fold3_room4_mix007.csv,662,1,2,-31,0,127
fold3_room4_mix007.csv,663,1,2,-32,0,127
fold3_room4_mix007.csv,664,1,2,-31,0,127
fold3_room4_mix007.csv,665,1,2,-31,0,126
fold3_room4_mix007.csv,666,1,2,-31,0,126
fold3_room4_mix007.csv,667,1,2,-31,0,126
fold3_room4_mix007.csv,668,1,2,-31,0,126
fold3_room4_mix007.csv,669,1,2,-31,0,126
fold3_room4_mix007.csv,680,1,1,1,-1,239
fold3_room4_mix007.csv,681,1,1,1,-1,240
fold3_room4_mix007.csv,682,1,1,0,-1,240
fold3_room4_mix007.csv,683,1,1,-1,-1,240
fold3_room4_mix007.csv,684,1,1,-1,-1,241
fold3_room4_mix007.csv,685,1,1,-2,-1,241
fold3_room4_mix007.csv,686,1,1,-3,-1,241
fold3_room4_mix007.csv,687,1,1,-3,-1,242
fold3_room4_mix007.csv,688,1,1,-3,-1,242
fold3_room4_mix007.csv,689,1,1,-3,-1,242
fold3_room4_mix007.csv,690,1,1,-3,-1,242
fold3_room4_mix007.csv,691,1,1,-4,-1,242
fold3_room4_mix007.csv,692,1,1,-4,-1,242
fold3_room4_mix007.csv,693,1,1,-4,-1,242
fold3_room4_mix007.csv,694,1,1,-4,-1,241
fold3_room4_mix007.csv,695,1,1,-4,-1,241
fold3_room4_mix007.csv,696,1,1,-4,-1,241
fold3_room4_mix007.csv,697,1,1,-4,-1,241
fold3_room4_mix007.csv,698,1,1,-3,-1,241
fold3_room4_mix007.csv,699,1,1,-3,-1,240
fold3_room4_mix007.csv,700,1,1,-4,-1,240
fold3_room4_mix007.csv,701,1,1,-4,-1,240
fold3_room4_mix007.csv,702,1,1,-4,-1,240
fold3_room4_mix007.csv,703,1,1,-4,-1,240
fold3_room4_mix007.csv,704,1,1,-4,-1,240
fold3_room4_mix007.csv,705,1,1,-4,-1,241
fold3_room4_mix007.csv,706,1,1,-4,-1,241
fold3_room4_mix007.csv,707,1,1,-4,-1,240
fold3_room4_mix007.csv,708,1,1,-4,-1,240
fold3_room4_mix007.csv,709,1,1,-4,-1,240
fold3_room4_mix007.csv,710,1,1,-4,-1,240
fold3_room4_mix007.csv,711,1,1,-4,-1,240
fold3_room4_mix007.csv,712,1,1,-4,-1,240
fold3_room4_mix007.csv,713,1,1,-4,-1,240
fold3_room4_mix007.csv,714,1,1,-4,-1,240
fold3_room4_mix007.csv,715,1,1,-4,-1,240
fold3_room4_mix007.csv,716,1,1,-4,-1,240
fold3_room4_mix007.csv,717,1,1,-4,-1,240
fold3_room4_mix007.csv,718,1,1,-4,-1,239
fold3_room4_mix007.csv,719,1,1,-4,-1,239
fold3_room4_mix007.csv,735,1,1,-4,-1,240
fold3_room4_mix007.csv,736,1,1,-4,-1,240
fold3_room4_mix007.csv,737,1,1,-4,-1,240
fold3_room4_mix007.csv,738,1,1,-4,-1,240
fold3_room4_mix007.csv,739,1,1,-4,-1,240
fold3_room4_mix007.csv,740,1,1,-4,-1,240
fold3_room4_mix007.csv,741,1,1,-4,-1,240
fold3_room4_mix007.csv,742,1,1,-4,-1,239
fold3_room4_mix007.csv,743,1,1,-4,-1,240
fold3_room4_mix007.csv,744,1,1,-4,-1,240
fold3_room4_mix007.csv,745,1,1,-4,-1,240
fold3_room4_mix007.csv,746,1,1,-4,-1,240
fold3_room4_mix007.csv,747,1,1,-4,-1,239
fold3_room4_mix007.csv,748,1,1,-4,-1,239
fold3_room4_mix007.csv,749,1,1,-4,-1,239
fold3_room4_mix007.csv,750,1,1,-4,-1,240
fold3_room4_mix007.csv,751,1,1,-4,-1,240
fold3_room4_mix007.csv,752,1,1,-4,-1,240
fold3_room4_mix007.csv,753,1,1,-4,-1,240
fold3_room4_mix007.csv,754,1,1,-4,-1,240
fold3_room4_mix007.csv,755,1,2,-31,0,126
fold3_room4_mix007.csv,756,1,2,-31,0,126
fold3_room4_mix007.csv,757,1,2,-31,0,126
fold3_room4_mix007.csv,758,1,2,-32,0,126
fold3_room4_mix007.csv,759,1,2,-32,0,126
fold3_room4_mix007.csv,760,1,2,-32,0,125
fold3_room4_mix007.csv,761,1,2,-31,0,125
fold3_room4_mix007.csv,762,1,2,-31,0,124
fold3_room4_mix007.csv,763,1,2,-31,0,124
fold3_room4_mix007.csv,764,1,2,-31,0,124
fold3_room4_mix007.csv,765,1,1,-4,-1,240
fold3_room4_mix007.csv,766,1,1,-4,-1,240
fold3_room4_mix007.csv,767,1,1,-4,-1,240
fold3_room4_mix007.csv,768,1,1,-4,-1,240
fold3_room4_mix007.csv,769,1,1,-4,-1,239
fold3_room4_mix007.csv,770,1,1,-4,-1,239
fold3_room4_mix007.csv,771,1,1,-4,-1,239
fold3_room4_mix007.csv,772,1,1,-4,-1,239
fold3_room4_mix007.csv,773,1,1,-4,-1,239
fold3_room4_mix007.csv,774,1,1,-4,-1,239
fold3_room4_mix007.csv,775,1,1,-4,-1,239
fold3_room4_mix007.csv,776,1,1,-4,-1,239
fold3_room4_mix007.csv,777,1,1,-3,-1,239
fold3_room4_mix007.csv,778,1,1,-3,-1,239
fold3_room4_mix007.csv,779,1,1,-3,-1,239
fold3_room4_mix007.csv,780,1,1,-3,-1,239
fold3_room4_mix007.csv,781,1,1,-3,-1,239
fold3_room4_mix007.csv,782,1,1,-3,-1,239
fold3_room4_mix007.csv,783,1,1,-3,-1,239
fold3_room4_mix007.csv,784,1,1,-3,-1,239
fold3_room4_mix007.csv,785,1,1,-3,-1,239
fold3_room4_mix007.csv,786,1,1,-3,-1,239
fold3_room4_mix007.csv,787,1,1,-3,-1,239
fold3_room4_mix007.csv,788,1,1,-3,-1,239
fold3_room4_mix007.csv,789,1,1,-3,-1,239
fold3_room4_mix007.csv,790,1,1,-3,-1,239
fold3_room4_mix007.csv,791,1,1,-3,-1,240
fold3_room4_mix007.csv,792,1,1,-3,-1,240
fold3_room4_mix007.csv,793,1,1,-3,-1,240
fold3_room4_mix007.csv,794,1,1,-3,-1,240
fold3_room4_mix007.csv,795,1,1,-3,-1,240
fold3_room4_mix007.csv,796,1,1,-3,-1,240
fold3_room4_mix007.csv,797,1,1,-3,-1,240
fold3_room4_mix007.csv,798,1,1,-3,-1,240
fold3_room4_mix007.csv,799,1,1,-3,-1,240
fold3_room4_mix007.csv,800,1,1,-3,-1,240
fold3_room4_mix007.csv,801,1,1,-3,-1,239
fold3_room4_mix007.csv,802,1,1,-3,-1,239
fold3_room4_mix007.csv,803,1,1,-3,-1,239
fold3_room4_mix007.csv,804,1,1,-3,-1,239
fold3_room4_mix007.csv,805,1,2,-31,0,126
fold3_room4_mix007.csv,806,1,2,-31,0,126
fold3_room4_mix007.csv,807,1,2,-32,0,126
fold3_room4_mix007.csv,808,1,2,-31,0,127
fold3_room4_mix007.csv,809,1,2,-32,0,128
fold3_room4_mix007.csv,810,1,2,-32,0,128
fold3_room4_mix007.csv,811,1,2,-32,0,128
fold3_room4_mix007.csv,812,1,2,-32,0,127
fold3_room4_mix007.csv,813,1,2,-32,0,127
fold3_room4_mix007.csv,814,1,2,-32,0,127
fold3_room4_mix007.csv,815,1,2,-32,0,126
fold3_room4_mix007.csv,816,1,2,-32,0,126
fold3_room4_mix007.csv,817,1,2,-32,0,126
fold3_room4_mix007.csv,818,1,2,-32,0,126
fold3_room4_mix007.csv,819,1,2,-32,0,126
fold3_room4_mix007.csv,820,1,2,-32,0,125
fold3_room4_mix007.csv,821,1,2,-32,0,125
fold3_room4_mix007.csv,822,1,2,-32,0,126
fold3_room4_mix007.csv,823,1,2,-31,0,125
fold3_room4_mix007.csv,824,1,2,-32,0,125
fold3_room4_mix007.csv,825,1,2,-32,0,125
fold3_room4_mix007.csv,826,1,2,-32,0,126
fold3_room4_mix007.csv,827,1,2,-32,0,126
fold3_room4_mix007.csv,828,1,2,-32,0,127
fold3_room4_mix007.csv,829,1,2,-32,0,127
fold3_room4_mix007.csv,830,1,2,-32,0,127
fold3_room4_mix007.csv,831,1,2,-32,0,127
fold3_room4_mix007.csv,832,1,2,-32,0,127
fold3_room4_mix007.csv,833,1,2,-32,0,127
fold3_room4_mix007.csv,834,1,2,-32,0,127
fold3_room4_mix007.csv,835,1,2,-33,0,126
fold3_room4_mix007.csv,836,1,2,-33,0,126
fold3_room4_mix007.csv,837,1,2,-33,0,126
fold3_room4_mix007.csv,838,1,2,-33,0,126
fold3_room4_mix007.csv,839,1,2,-33,0,127
fold3_room4_mix007.csv,840,1,2,-33,0,129
fold3_room4_mix007.csv,841,1,2,-33,0,130
fold3_room4_mix007.csv,842,1,2,-33,0,130
fold3_room4_mix007.csv,843,1,2,-34,0,130
fold3_room4_mix007.csv,844,1,2,-34,0,130
fold3_room4_mix007.csv,845,1,2,-34,0,131
fold3_room4_mix007.csv,846,1,2,-34,0,131
fold3_room4_mix007.csv,847,1,2,-34,0,131
fold3_room4_mix007.csv,848,1,2,-34,0,131
fold3_room4_mix007.csv,849,1,2,-34,0,131
fold3_room4_mix007.csv,865,1,2,-25,-1,116
fold3_room4_mix007.csv,866,1,2,-22,-1,114
fold3_room4_mix007.csv,867,1,2,-19,-2,112
fold3_room4_mix007.csv,868,1,2,-17,-1,111
fold3_room4_mix007.csv,869,1,2,-15,0,111
fold3_room4_mix007.csv,870,1,2,-13,2,113
fold3_room4_mix007.csv,871,1,2,-11,3,116
fold3_room4_mix007.csv,872,1,2,-11,4,121
fold3_room4_mix007.csv,873,1,2,-11,5,127
fold3_room4_mix007.csv,874,1,2,-11,6,134
fold3_room4_mix007.csv,875,1,2,-12,6,140
fold3_room4_mix007.csv,876,1,2,-13,6,145
fold3_room4_mix007.csv,877,1,2,-14,6,146
fold3_room4_mix007.csv,878,1,2,-14,7,145
fold3_room4_mix007.csv,879,1,2,-14,7,143
fold3_room4_mix007.csv,885,1,1,-3,-1,238
fold3_room4_mix007.csv,886,1,1,-3,-1,238
fold3_room4_mix007.csv,887,1,1,-3,-1,238
fold3_room4_mix007.csv,888,1,1,-3,-1,238
fold3_room4_mix007.csv,889,1,1,-3,-1,238
fold3_room4_mix007.csv,890,1,1,-3,-1,238
fold3_room4_mix007.csv,891,1,1,-3,-1,238
fold3_room4_mix007.csv,892,1,1,-3,-1,238
fold3_room4_mix007.csv,893,1,1,-3,-1,238
fold3_room4_mix007.csv,894,1,1,-3,-1,238
fold3_room4_mix007.csv,895,1,1,-3,-1,238
fold3_room4_mix007.csv,896,1,1,-3,-1,238
fold3_room4_mix007.csv,897,1,1,-3,-1,238
fold3_room4_mix007.csv,898,1,1,-3,-1,238
fold3_room4_mix007.csv,899,1,1,-3,-1,238
fold3_room4_mix007.csv,915,1,1,-3,-1,239
fold3_room4_mix007.csv,916,1,1,-3,-1,239
fold3_room4_mix007.csv,917,1,1,-3,-1,239
fold3_room4_mix007.csv,918,1,1,-3,-1,239
fold3_room4_mix007.csv,919,1,1,-3,-1,239
fold3_room4_mix007.csv,920,1,1,-3,-1,239
fold3_room4_mix007.csv,921,1,1,-3,-1,239
fold3_room4_mix007.csv,922,1,1,-3,-1,239
fold3_room4_mix007.csv,923,1,1,-3,-1,239
fold3_room4_mix007.csv,924,1,1,-3,-1,239
fold3_room4_mix007.csv,925,1,1,-3,-1,238
fold3_room4_mix007.csv,926,1,1,-3,-1,238
fold3_room4_mix007.csv,927,1,1,-3,-1,238
fold3_room4_mix007.csv,928,1,1,-3,-1,238
fold3_room4_mix007.csv,929,1,1,-3,-1,238
fold3_room4_mix007.csv,930,1,1,-3,-1,238
fold3_room4_mix007.csv,931,1,1,-3,-1,238
fold3_room4_mix007.csv,932,1,1,-3,-1,238
fold3_room4_mix007.csv,933,1,1,-3,-1,238
fold3_room4_mix007.csv,934,1,1,-3,-1,238
fold3_room4_mix007.csv,935,1,1,-3,-1,238
fold3_room4_mix007.csv,936,1,1,-3,-1,238
fold3_room4_mix007.csv,937,1,1,-3,-1,239
fold3_room4_mix007.csv,938,1,1,-3,-1,239
fold3_room4_mix007.csv,939,1,1,-3,-1,239
fold3_room4_mix007.csv,950,1,2,-47,10,205
fold3_room4_mix007.csv,951,1,2,-46,10,205
fold3_room4_mix007.csv,952,1,2,-46,10,204
fold3_room4_mix007.csv,953,1,2,-46,10,204
fold3_room4_mix007.csv,954,1,2,-46,10,204
fold3_room4_mix007.csv,955,1,2,-47,10,205
fold3_room4_mix007.csv,956,1,2,-47,10,205
fold3_room4_mix007.csv,957,1,2,-48,10,205
fold3_room4_mix007.csv,958,1,2,-48,10,206
fold3_room4_mix007.csv,959,1,2,-49,10,207
fold3_room4_mix007.csv,960,1,2,-49,10,207
fold3_room4_mix007.csv,961,1,2,-50,10,208
fold3_room4_mix007.csv,962,1,2,-50,10,209
fold3_room4_mix007.csv,963,1,2,-51,10,210
fold3_room4_mix007.csv,964,1,2,-51,10,211
fold3_room4_mix007.csv,965,1,2,-52,10,211
fold3_room4_mix007.csv,966,1,2,-52,10,213
fold3_room4_mix007.csv,967,1,2,-53,10,215
fold3_room4_mix007.csv,968,1,2,-53,10,217
fold3_room4_mix007.csv,969,1,2,-53,10,218
fold3_room4_mix007.csv,970,1,2,-53,9,219
fold3_room4_mix007.csv,971,1,2,-52,9,219
fold3_room4_mix007.csv,972,1,2,-52,9,219
fold3_room4_mix007.csv,973,1,2,-51,9,219
fold3_room4_mix007.csv,974,1,2,-51,9,218
fold3_room4_mix007.csv,975,1,2,-50,10,218
fold3_room4_mix007.csv,976,1,2,-49,10,216
fold3_room4_mix007.csv,977,1,2,-48,10,212
fold3_room4_mix007.csv,978,1,2,-48,10,209
fold3_room4_mix007.csv,979,1,2,-48,10,206
fold3_room4_mix007.csv,980,1,2,-49,9,206
fold3_room4_mix007.csv,981,1,2,-50,9,206
fold3_room4_mix007.csv,982,1,2,-51,9,207
fold3_room4_mix007.csv,983,1,2,-52,9,208
fold3_room4_mix007.csv,984,1,2,-53,9,211
fold3_room4_mix007.csv,985,1,2,-54,9,214
fold3_room4_mix007.csv,986,1,2,-54,8,216
fold3_room4_mix007.csv,987,1,2,-55,8,217
fold3_room4_mix007.csv,988,1,2,-55,8,218
fold3_room4_mix007.csv,989,1,2,-55,8,219
fold3_room4_mix007.csv,1050,1,2,-61,5,241
fold3_room4_mix007.csv,1051,1,2,-60,5,236
fold3_room4_mix007.csv,1052,1,2,-57,6,227
fold3_room4_mix007.csv,1053,1,2,-56,7,220
fold3_room4_mix007.csv,1054,1,2,-54,7,217
fold3_room4_mix007.csv,1055,1,2,-54,7,214
fold3_room4_mix007.csv,1056,1,2,-53,8,210
fold3_room4_mix007.csv,1057,1,2,-52,8,206
fold3_room4_mix007.csv,1058,1,2,-51,8,200
fold3_room4_mix007.csv,1059,1,2,-51,10,188
fold3_room4_mix007.csv,1060,1,2,-51,10,180
fold3_room4_mix007.csv,1061,1,2,-51,11,172
fold3_room4_mix007.csv,1062,1,2,-51,12,163
fold3_room4_mix007.csv,1063,1,2,-51,13,156
fold3_room4_mix007.csv,1064,1,2,-51,13,151
fold3_room4_mix007.csv,1065,1,2,-51,13,148
fold3_room4_mix007.csv,1066,1,2,-50,14,147
fold3_room4_mix007.csv,1067,1,2,-49,14,147
fold3_room4_mix007.csv,1068,1,2,-47,14,147
fold3_room4_mix007.csv,1069,1,2,-46,14,147
fold3_room4_mix007.csv,1070,1,2,-44,14,147
fold3_room4_mix007.csv,1071,1,2,-42,14,144
fold3_room4_mix007.csv,1072,1,2,-40,14,140
fold3_room4_mix007.csv,1073,1,2,-39,14,134
fold3_room4_mix007.csv,1074,1,2,-39,14,125
fold3_room4_mix007.csv,1075,1,2,-38,14,115
fold3_room4_mix007.csv,1076,1,2,-38,15,103
fold3_room4_mix007.csv,1077,1,2,-38,17,95
fold3_room4_mix007.csv,1078,1,2,-39,19,91
fold3_room4_mix007.csv,1079,1,2,-40,21,88
fold3_room4_mix007.csv,1080,1,2,-40,22,87
fold3_room4_mix007.csv,1081,1,2,-40,22,87
fold3_room4_mix007.csv,1082,1,2,-38,22,86
fold3_room4_mix007.csv,1083,1,2,-37,22,86
fold3_room4_mix007.csv,1084,1,2,-35,22,88
fold3_room4_mix007.csv,1090,1,1,-2,-1,236
fold3_room4_mix007.csv,1091,1,1,-2,-1,236
fold3_room4_mix007.csv,1092,1,1,-2,-1,237
fold3_room4_mix007.csv,1093,1,1,-2,-1,237
fold3_room4_mix007.csv,1094,1,1,-2,-1,237
fold3_room4_mix007.csv,1095,1,1,-2,-1,237
fold3_room4_mix007.csv,1096,1,1,-2,-1,237
fold3_room4_mix007.csv,1097,1,1,-2,-1,237
fold3_room4_mix007.csv,1098,1,1,-2,-1,237
fold3_room4_mix007.csv,1099,1,1,-2,-1,237
fold3_room4_mix007.csv,1115,1,1,-2,-1,237
fold3_room4_mix007.csv,1116,1,1,-2,-1,238
fold3_room4_mix007.csv,1117,1,1,-2,-1,238
fold3_room4_mix007.csv,1118,1,1,-2,-1,238
fold3_room4_mix007.csv,1119,1,1,-2,-1,237
fold3_room4_mix007.csv,1120,1,1,-2,-1,237
fold3_room4_mix007.csv,1121,1,1,-2,-1,238
fold3_room4_mix007.csv,1122,1,1,-2,-1,238
fold3_room4_mix007.csv,1123,1,1,-2,-1,238
fold3_room4_mix007.csv,1124,1,1,-2,-1,238
fold3_room4_mix007.csv,1135,1,1,-3,-1,238
fold3_room4_mix007.csv,1136,1,1,-3,-1,238
fold3_room4_mix007.csv,1137,1,1,-3,-1,238
fold3_room4_mix007.csv,1138,1,1,-3,-1,238
fold3_room4_mix007.csv,1139,1,1,-3,-1,238
fold3_room4_mix007.csv,1140,1,1,-3,-1,238
fold3_room4_mix007.csv,1141,1,1,-3,-1,238
fold3_room4_mix007.csv,1142,1,1,-3,-1,238
fold3_room4_mix007.csv,1143,1,1,-3,-1,238
fold3_room4_mix007.csv,1144,1,1,-3,-1,238
fold3_room4_mix007.csv,1145,1,1,-3,-1,238
fold3_room4_mix007.csv,1146,1,1,-3,-1,238
fold3_room4_mix007.csv,1147,1,1,-3,-1,238
fold3_room4_mix007.csv,1148,1,1,-3,-1,238
fold3_room4_mix007.csv,1149,1,1,-3,-1,238
fold3_room4_mix007.csv,1150,1,1,-3,-1,238
fold3_room4_mix007.csv,1151,1,1,-3,-1,238
fold3_room4_mix007.csv,1152,1,1,-3,-1,238
fold3_room4_mix007.csv,1153,1,1,-3,-1,238
fold3_room4_mix007.csv,1154,1,1,-3,-1,238
fold3_room4_mix007.csv,1155,1,1,-3,-1,238
fold3_room4_mix007.csv,1156,1,1,-3,-1,238
fold3_room4_mix007.csv,1157,1,1,-3,-1,238
fold3_room4_mix007.csv,1158,1,1,-3,-1,237
fold3_room4_mix007.csv,1159,1,1,-3,-1,238
fold3_room4_mix007.csv,1165,1,2,-32,0,132
fold3_room4_mix007.csv,1166,1,2,-32,0,131
fold3_room4_mix007.csv,1167,1,2,-32,0,131
fold3_room4_mix007.csv,1168,1,2,-32,0,131
fold3_room4_mix007.csv,1169,1,2,-32,0,131
fold3_room4_mix007.csv,1175,1,1,-2,-1,237
fold3_room4_mix007.csv,1176,1,1,-2,-1,237
fold3_room4_mix007.csv,1177,1,1,-2,-1,237
fold3_room4_mix007.csv,1178,1,1,-2,-1,237
fold3_room4_mix007.csv,1179,1,1,-2,-1,237
fold3_room4_mix007.csv,1180,1,1,-2,-1,237
fold3_room4_mix007.csv,1181,1,1,-2,-1,237
fold3_room4_mix007.csv,1182,1,1,-2,-1,237
fold3_room4_mix007.csv,1183,1,1,-2,-1,237
fold3_room4_mix007.csv,1184,1,1,-2,-1,237
fold3_room4_mix007.csv,1190,1,2,-32,0,129
fold3_room4_mix007.csv,1191,1,2,-32,0,130
fold3_room4_mix007.csv,1192,1,2,-32,0,130
fold3_room4_mix007.csv,1193,1,2,-31,0,129
fold3_room4_mix007.csv,1194,1,2,-32,0,129
fold3_room4_mix007.csv,1195,1,2,-32,0,129
fold3_room4_mix007.csv,1196,1,2,-32,0,129
fold3_room4_mix007.csv,1197,1,2,-32,0,129
fold3_room4_mix007.csv,1198,1,2,-32,0,129
fold3_room4_mix007.csv,1199,1,2,-32,0,129
fold3_room4_mix007.csv,1200,1,2,-32,0,129
fold3_room4_mix007.csv,1201,1,2,-32,0,129
fold3_room4_mix007.csv,1202,1,2,-32,0,129
fold3_room4_mix007.csv,1203,1,2,-32,0,129
fold3_room4_mix007.csv,1204,1,2,-31,0,129
fold3_room4_mix007.csv,1205,1,2,-31,0,128
fold3_room4_mix007.csv,1206,1,2,-31,0,128
fold3_room4_mix007.csv,1207,1,2,-31,0,128
fold3_room4_mix007.csv,1208,1,2,-31,0,127
fold3_room4_mix007.csv,1209,1,2,-31,0,127
fold3_room4_mix007.csv,1210,1,2,-31,0,127
fold3_room4_mix007.csv,1211,1,2,-31,0,128
fold3_room4_mix007.csv,1212,1,2,-31,0,129
fold3_room4_mix007.csv,1213,1,2,-30,0,130
fold3_room4_mix007.csv,1214,1,2,-30,0,129
fold3_room4_mix007.csv,1215,1,2,-30,0,129
fold3_room4_mix007.csv,1216,1,2,-30,0,129
fold3_room4_mix007.csv,1217,1,2,-30,0,129
fold3_room4_mix007.csv,1218,1,2,-30,0,128
fold3_room4_mix007.csv,1219,1,2,-31,0,128
fold3_room4_mix007.csv,1220,1,2,-31,0,128
fold3_room4_mix007.csv,1221,1,2,-31,0,127
fold3_room4_mix007.csv,1222,1,2,-32,0,128
fold3_room4_mix007.csv,1223,1,2,-32,0,128
fold3_room4_mix007.csv,1224,1,2,-32,0,128
fold3_room4_mix007.csv,1235,1,2,-33,0,128
fold3_room4_mix007.csv,1236,1,2,-33,0,127
fold3_room4_mix007.csv,1237,1,2,-33,0,127
fold3_room4_mix007.csv,1238,1,2,-33,0,127
fold3_room4_mix007.csv,1239,1,2,-32,0,127
fold3_room4_mix007.csv,1240,1,2,-32,0,127
fold3_room4_mix007.csv,1241,1,2,-32,0,127
fold3_room4_mix007.csv,1242,1,2,-32,0,127
fold3_room4_mix007.csv,1243,1,2,-32,0,127
fold3_room4_mix007.csv,1244,1,2,-32,0,127
fold3_room4_mix007.csv,1245,1,2,-32,0,127
fold3_room4_mix007.csv,1246,1,2,-32,0,127
fold3_room4_mix007.csv,1247,1,2,-32,0,127
fold3_room4_mix007.csv,1248,1,2,-33,0,128
fold3_room4_mix007.csv,1249,1,2,-33,0,128
fold3_room4_mix007.csv,1250,1,2,-32,0,128
fold3_room4_mix007.csv,1251,1,2,-32,0,129
fold3_room4_mix007.csv,1252,1,2,-32,0,129
fold3_room4_mix007.csv,1253,1,2,-32,0,129
fold3_room4_mix007.csv,1254,1,2,-32,0,129
fold3_room4_mix007.csv,1255,1,2,-32,0,129
fold3_room4_mix007.csv,1256,1,2,-32,0,129
fold3_room4_mix007.csv,1257,1,2,-32,0,129
fold3_room4_mix007.csv,1258,1,2,-32,0,129
fold3_room4_mix007.csv,1259,1,2,-32,0,129
fold3_room4_mix007.csv,1260,1,2,-31,0,129
fold3_room4_mix007.csv,1261,1,2,-31,0,129
fold3_room4_mix007.csv,1262,1,2,-31,0,128
fold3_room4_mix007.csv,1263,1,2,-31,0,128
fold3_room4_mix007.csv,1264,1,2,-31,0,128
fold3_room4_mix007.csv,1265,1,2,-31,0,128
fold3_room4_mix007.csv,1266,1,2,-31,0,128
fold3_room4_mix007.csv,1267,1,2,-31,0,128
fold3_room4_mix007.csv,1268,1,2,-31,0,128
fold3_room4_mix007.csv,1269,1,2,-31,0,128
fold3_room4_mix007.csv,1270,1,2,-32,0,128
fold3_room4_mix007.csv,1271,1,2,-32,0,127
fold3_room4_mix007.csv,1272,1,2,-32,0,127
fold3_room4_mix007.csv,1273,1,2,-33,0,127
fold3_room4_mix007.csv,1274,1,2,-33,0,127
fold3_room4_mix007.csv,1275,1,2,-33,0,127
fold3_room4_mix007.csv,1276,1,2,-33,0,127
fold3_room4_mix007.csv,1277,1,2,-32,0,128
fold3_room4_mix007.csv,1278,1,2,-33,0,128
fold3_room4_mix007.csv,1279,1,2,-32,0,128
fold3_room4_mix007.csv,1280,1,2,-33,0,128
fold3_room4_mix007.csv,1281,1,2,-33,0,128
fold3_room4_mix007.csv,1282,1,2,-33,0,128
fold3_room4_mix007.csv,1283,1,2,-33,0,128
fold3_room4_mix007.csv,1284,1,2,-33,0,127
fold3_room4_mix007.csv,1285,1,2,-33,0,127
fold3_room4_mix007.csv,1286,1,2,-33,0,127
fold3_room4_mix007.csv,1287,1,2,-33,0,127
fold3_room4_mix007.csv,1288,1,2,-33,0,127
fold3_room4_mix007.csv,1289,1,2,-33,0,127
fold3_room4_mix007.csv,1290,1,2,-32,0,127
fold3_room4_mix007.csv,1291,1,2,-32,0,127
fold3_room4_mix007.csv,1292,1,2,-32,0,127
fold3_room4_mix007.csv,1293,1,2,-32,0,127
fold3_room4_mix007.csv,1294,1,2,-32,0,127
fold3_room4_mix007.csv,1295,1,2,-32,0,127
fold3_room4_mix007.csv,1296,1,2,-32,0,126
fold3_room4_mix007.csv,1297,1,2,-32,0,126
fold3_room4_mix007.csv,1298,1,2,-32,0,126
fold3_room4_mix007.csv,1299,1,2,-32,0,126
fold3_room4_mix007.csv,1300,1,2,-32,0,125
fold3_room4_mix007.csv,1301,1,2,-32,0,125
fold3_room4_mix007.csv,1302,1,2,-32,0,125
fold3_room4_mix007.csv,1303,1,2,-32,0,125
fold3_room4_mix007.csv,1304,1,2,-32,0,126
fold3_room4_mix007.csv,1305,1,2,-32,0,128
fold3_room4_mix007.csv,1306,1,2,-32,0,129
fold3_room4_mix007.csv,1307,1,2,-32,0,130
fold3_room4_mix007.csv,1308,1,2,-32,0,130
fold3_room4_mix007.csv,1309,1,2,-32,0,130
fold3_room4_mix007.csv,1310,1,2,-32,0,130
fold3_room4_mix007.csv,1311,1,2,-31,0,130
fold3_room4_mix007.csv,1312,1,2,-31,0,129
fold3_room4_mix007.csv,1313,1,2,-31,0,129
fold3_room4_mix007.csv,1314,1,2,-31,0,129
fold3_room4_mix007.csv,1315,1,2,-31,0,129
fold3_room4_mix007.csv,1316,1,2,-31,0,129
fold3_room4_mix007.csv,1317,1,2,-31,0,129
fold3_room4_mix007.csv,1318,1,2,-31,0,129
fold3_room4_mix007.csv,1319,1,2,-30,0,129
fold3_room4_mix007.csv,1320,1,2,-30,0,128
fold3_room4_mix007.csv,1321,1,2,-30,0,128
fold3_room4_mix007.csv,1322,1,2,-30,0,128
fold3_room4_mix007.csv,1323,1,2,-31,0,127
fold3_room4_mix007.csv,1324,1,2,-31,0,128
fold3_room4_mix007.csv,1325,1,2,-31,0,128
fold3_room4_mix007.csv,1326,1,2,-31,0,128
fold3_room4_mix007.csv,1327,1,2,-30,0,128
fold3_room4_mix007.csv,1328,1,2,-31,0,128
fold3_room4_mix007.csv,1329,1,2,-31,0,128
fold3_room4_mix007.csv,1330,1,2,-31,0,128
fold3_room4_mix007.csv,1331,1,2,-31,0,128
fold3_room4_mix007.csv,1332,1,2,-31,0,128
fold3_room4_mix007.csv,1333,1,2,-31,0,128
fold3_room4_mix007.csv,1334,1,2,-31,0,128
fold3_room4_mix007.csv,1335,1,2,-31,0,128
fold3_room4_mix007.csv,1336,1,2,-31,0,128
fold3_room4_mix007.csv,1337,1,2,-31,0,128
fold3_room4_mix007.csv,1338,1,2,-31,0,128
fold3_room4_mix007.csv,1339,1,2,-31,0,128
fold3_room4_mix007.csv,1345,1,1,-3,-1,236
fold3_room4_mix007.csv,1346,1,1,-3,-1,236
fold3_room4_mix007.csv,1347,1,1,-3,-1,236
fold3_room4_mix007.csv,1348,1,1,-3,-1,236
fold3_room4_mix007.csv,1349,1,1,-3,-1,236
fold3_room4_mix007.csv,1350,1,1,-3,-1,236
fold3_room4_mix007.csv,1351,1,1,-3,-1,236
fold3_room4_mix007.csv,1352,1,1,-3,-1,235
fold3_room4_mix007.csv,1353,1,1,-3,-1,235
fold3_room4_mix007.csv,1354,1,1,-3,-1,235
fold3_room4_mix007.csv,1355,1,1,-3,-1,235
fold3_room4_mix007.csv,1356,1,1,-3,-1,236
fold3_room4_mix007.csv,1357,1,1,-3,-1,236
fold3_room4_mix007.csv,1358,1,1,-3,-1,236
fold3_room4_mix007.csv,1359,1,1,-3,-1,236
fold3_room4_mix007.csv,1360,1,1,-3,-1,236
fold3_room4_mix007.csv,1361,1,1,-3,-1,235
fold3_room4_mix007.csv,1362,1,1,-3,-1,235
fold3_room4_mix007.csv,1363,1,1,-3,-1,235
fold3_room4_mix007.csv,1364,1,1,-3,-1,235
fold3_room4_mix007.csv,1365,1,1,-3,-1,235
fold3_room4_mix007.csv,1366,1,1,-3,-1,236
fold3_room4_mix007.csv,1367,1,1,-3,-1,236
fold3_room4_mix007.csv,1368,1,1,-3,-1,236
fold3_room4_mix007.csv,1369,1,1,-3,-1,236
fold3_room4_mix007.csv,1370,1,1,-3,-1,236
fold3_room4_mix007.csv,1371,1,1,-3,-1,236
fold3_room4_mix007.csv,1372,1,1,-3,-1,236
fold3_room4_mix007.csv,1373,1,1,-3,-1,236
fold3_room4_mix007.csv,1374,1,1,-3,-1,236
fold3_room4_mix007.csv,1375,1,1,-3,-1,236
fold3_room4_mix007.csv,1376,1,1,-3,-1,236
fold3_room4_mix007.csv,1377,1,1,-3,-1,236
fold3_room4_mix007.csv,1378,1,1,-3,-1,236
fold3_room4_mix007.csv,1379,1,1,-3,-1,236
fold3_room4_mix007.csv,1380,1,1,-3,-1,236
fold3_room4_mix007.csv,1381,1,1,-3,-1,236
fold3_room4_mix007.csv,1382,1,1,-3,-1,236
fold3_room4_mix007.csv,1383,1,1,-3,-1,236
fold3_room4_mix007.csv,1384,1,1,-3,-1,236
fold3_room4_mix007.csv,1390,1,2,-32,0,127
fold3_room4_mix007.csv,1391,1,2,-32,0,126
fold3_room4_mix007.csv,1392,1,2,-32,0,125
fold3_room4_mix007.csv,1393,1,2,-32,0,124
fold3_room4_mix007.csv,1394,1,2,-32,0,123
fold3_room4_mix007.csv,1395,1,2,-32,0,123
fold3_room4_mix007.csv,1396,1,2,-32,0,124
fold3_room4_mix007.csv,1397,1,2,-32,0,125
fold3_room4_mix007.csv,1398,1,2,-32,0,126
fold3_room4_mix007.csv,1399,1,2,-32,0,127
fold3_room4_mix007.csv,1400,1,2,-32,0,127
fold3_room4_mix007.csv,1401,1,2,-32,0,128
fold3_room4_mix007.csv,1402,1,2,-32,0,128
fold3_room4_mix007.csv,1403,1,2,-32,0,128
fold3_room4_mix007.csv,1404,1,2,-32,0,128
fold3_room4_mix007.csv,1405,1,2,-32,0,128
fold3_room4_mix007.csv,1406,1,2,-32,0,128
fold3_room4_mix007.csv,1407,1,2,-32,0,128
fold3_room4_mix007.csv,1408,1,2,-32,0,128
fold3_room4_mix007.csv,1409,1,2,-32,0,128
fold3_room4_mix007.csv,1410,1,2,-32,0,129
fold3_room4_mix007.csv,1411,1,2,-32,0,129
fold3_room4_mix007.csv,1412,1,2,-32,0,130
fold3_room4_mix007.csv,1413,1,2,-32,0,130
fold3_room4_mix007.csv,1414,1,2,-31,0,130
fold3_room4_mix007.csv,1415,1,2,-32,0,129
fold3_room4_mix007.csv,1416,1,2,-32,0,129
fold3_room4_mix007.csv,1417,1,2,-32,0,129
fold3_room4_mix007.csv,1418,1,2,-32,0,128
fold3_room4_mix007.csv,1419,1,2,-32,0,128
fold3_room4_mix007.csv,1420,1,2,-32,0,127
fold3_room4_mix007.csv,1421,1,2,-32,0,127
fold3_room4_mix007.csv,1422,1,2,-32,0,126
fold3_room4_mix007.csv,1423,1,2,-32,0,126
fold3_room4_mix007.csv,1424,1,2,-32,0,126
fold3_room4_mix007.csv,1425,1,2,-32,1,126
fold3_room4_mix007.csv,1426,1,2,-32,0,126
fold3_room4_mix007.csv,1427,1,2,-32,0,127
fold3_room4_mix007.csv,1428,1,2,-32,0,127
fold3_room4_mix007.csv,1429,1,2,-32,0,128
fold3_room4_mix007.csv,1430,1,2,-32,0,128
fold3_room4_mix007.csv,1431,1,2,-32,0,128
fold3_room4_mix007.csv,1432,1,2,-32,0,128
fold3_room4_mix007.csv,1433,1,2,-32,0,129
fold3_room4_mix007.csv,1434,1,2,-32,0,129
fold3_room4_mix007.csv,1435,1,2,-32,0,129
fold3_room4_mix007.csv,1436,1,2,-32,0,129
fold3_room4_mix007.csv,1437,1,2,-32,0,129
fold3_room4_mix007.csv,1438,1,2,-31,0,130
fold3_room4_mix007.csv,1439,1,2,-31,0,130
fold3_room4_mix007.csv,1440,1,2,-31,0,130
fold3_room4_mix007.csv,1441,1,2,-31,0,130
fold3_room4_mix007.csv,1442,1,2,-31,0,130
fold3_room4_mix007.csv,1443,1,2,-31,0,130
fold3_room4_mix007.csv,1444,1,2,-31,0,130
fold3_room4_mix007.csv,1445,1,2,-31,0,130
fold3_room4_mix007.csv,1446,1,2,-32,0,130
fold3_room4_mix007.csv,1447,1,2,-32,0,128
fold3_room4_mix007.csv,1448,1,2,-32,0,126
fold3_room4_mix007.csv,1449,1,2,-32,0,124
fold3_room4_mix007.csv,1450,1,2,-32,0,123
fold3_room4_mix007.csv,1451,1,2,-32,0,123
fold3_room4_mix007.csv,1452,1,2,-32,0,124
fold3_room4_mix007.csv,1453,1,2,-32,0,124
fold3_room4_mix007.csv,1454,1,2,-32,0,125
fold3_room4_mix007.csv,1455,1,2,-32,0,126
fold3_room4_mix007.csv,1456,1,2,-32,0,126
fold3_room4_mix007.csv,1457,1,2,-32,0,127
fold3_room4_mix007.csv,1458,1,2,-32,0,128
fold3_room4_mix007.csv,1459,1,2,-32,0,128
fold3_room4_mix007.csv,1460,1,2,-32,0,128
fold3_room4_mix007.csv,1461,1,2,-31,0,129
fold3_room4_mix007.csv,1462,1,2,-31,0,129
fold3_room4_mix007.csv,1463,1,2,-31,0,129
fold3_room4_mix007.csv,1464,1,2,-31,0,129
fold3_room4_mix007.csv,1465,1,2,-31,0,129
fold3_room4_mix007.csv,1466,1,2,-31,0,129
fold3_room4_mix007.csv,1467,1,2,-31,0,129
fold3_room4_mix007.csv,1468,1,2,-31,0,129
fold3_room4_mix007.csv,1469,1,2,-31,0,129
fold3_room4_mix007.csv,1470,1,2,-31,0,129
fold3_room4_mix007.csv,1471,1,2,-31,0,128
fold3_room4_mix007.csv,1472,1,2,-31,0,128
fold3_room4_mix007.csv,1473,1,2,-31,0,128
fold3_room4_mix007.csv,1474,1,2,-32,0,127
fold3_room4_mix007.csv,1475,1,2,-32,0,127
fold3_room4_mix007.csv,1476,1,2,-32,0,127
fold3_room4_mix007.csv,1477,1,2,-32,0,128
fold3_room4_mix007.csv,1478,1,2,-32,0,127
fold3_room4_mix007.csv,1479,1,2,-32,0,127
fold3_room4_mix007.csv,1480,1,2,-32,0,127
fold3_room4_mix007.csv,1481,1,2,-32,0,127
fold3_room4_mix007.csv,1482,1,2,-32,0,128
fold3_room4_mix007.csv,1483,1,2,-31,0,127
fold3_room4_mix007.csv,1484,1,2,-31,0,127
fold3_room4_mix007.csv,1485,1,2,-32,0,127
fold3_room4_mix007.csv,1486,1,2,-32,0,127
fold3_room4_mix007.csv,1487,1,2,-32,0,127
fold3_room4_mix007.csv,1488,1,2,-32,0,127
fold3_room4_mix007.csv,1489,1,2,-32,0,127
fold3_room4_mix007.csv,1490,1,2,-32,0,126
fold3_room4_mix007.csv,1491,1,2,-32,0,126
fold3_room4_mix007.csv,1492,1,2,-32,0,126
fold3_room4_mix007.csv,1493,1,2,-32,0,126
fold3_room4_mix007.csv,1494,1,2,-32,0,126
fold3_room4_mix007.csv,1495,1,2,-32,0,127
fold3_room4_mix007.csv,1496,1,2,-32,0,127
fold3_room4_mix007.csv,1497,1,2,-31,0,127
fold3_room4_mix007.csv,1498,1,2,-31,0,127
fold3_room4_mix007.csv,1499,1,2,-31,0,127
fold3_room4_mix007.csv,1500,1,2,-31,0,127
fold3_room4_mix007.csv,1501,1,2,-32,0,127
fold3_room4_mix007.csv,1502,1,2,-32,0,127
fold3_room4_mix007.csv,1503,1,2,-32,0,127
fold3_room4_mix007.csv,1504,1,2,-32,0,127
fold3_room4_mix007.csv,1505,1,2,-32,0,127
fold3_room4_mix007.csv,1506,1,2,-32,0,127
fold3_room4_mix007.csv,1507,1,2,-32,0,127
fold3_room4_mix007.csv,1508,1,2,-32,1,126
fold3_room4_mix007.csv,1509,1,2,-32,0,126
fold3_room4_mix007.csv,1510,1,2,-32,0,126
fold3_room4_mix007.csv,1511,1,2,-32,0,126
fold3_room4_mix007.csv,1512,1,2,-33,1,126
fold3_room4_mix007.csv,1513,1,2,-33,0,126
fold3_room4_mix007.csv,1514,1,2,-33,0,127
fold3_room4_mix007.csv,1515,1,2,-33,0,128
fold3_room4_mix007.csv,1516,1,2,-32,0,128
fold3_room4_mix007.csv,1517,1,2,-32,0,129
fold3_room4_mix007.csv,1518,1,2,-32,0,130
fold3_room4_mix007.csv,1519,1,2,-32,0,130
fold3_room4_mix007.csv,1520,1,2,-32,0,130
fold3_room4_mix007.csv,1521,1,2,-32,0,130
fold3_room4_mix007.csv,1522,1,2,-32,0,130
fold3_room4_mix007.csv,1523,1,2,-32,0,130
fold3_room4_mix007.csv,1524,1,2,-32,0,130
fold3_room4_mix007.csv,1525,1,2,-32,0,130
fold3_room4_mix007.csv,1526,1,2,-32,0,130
fold3_room4_mix007.csv,1527,1,2,-32,0,130
fold3_room4_mix007.csv,1528,1,2,-31,0,130
fold3_room4_mix007.csv,1529,1,2,-31,0,130
fold3_room4_mix007.csv,1530,1,2,-31,0,130
fold3_room4_mix007.csv,1531,1,2,-31,0,130
fold3_room4_mix007.csv,1532,1,2,-31,0,129
fold3_room4_mix007.csv,1533,1,2,-31,0,129
fold3_room4_mix007.csv,1534,1,2,-31,0,128
fold3_room4_mix007.csv,1545,1,1,-3,-1,235
fold3_room4_mix007.csv,1546,1,1,-3,-1,236
fold3_room4_mix007.csv,1547,1,1,-3,-1,236
fold3_room4_mix007.csv,1548,1,1,-3,-1,236
fold3_room4_mix007.csv,1549,1,1,-3,-1,236
fold3_room4_mix007.csv,1550,1,1,-3,-1,236
fold3_room4_mix007.csv,1551,1,1,-3,-1,236
fold3_room4_mix007.csv,1552,1,1,-3,-1,236
fold3_room4_mix007.csv,1553,1,1,-3,-1,236
fold3_room4_mix007.csv,1554,1,1,-3,-1,236
fold3_room4_mix007.csv,1555,1,1,-3,-1,236
fold3_room4_mix007.csv,1556,1,1,-3,-1,236
fold3_room4_mix007.csv,1557,1,1,-3,-1,235
fold3_room4_mix007.csv,1558,1,1,-3,-1,236
fold3_room4_mix007.csv,1559,1,1,-3,-1,236
fold3_room4_mix007.csv,1560,1,1,-2,-1,236
fold3_room4_mix007.csv,1561,1,1,-2,-1,236
fold3_room4_mix007.csv,1562,1,1,-2,-1,236
fold3_room4_mix007.csv,1563,1,1,-2,-1,236
fold3_room4_mix007.csv,1564,1,1,-3,-1,236
fold3_room4_mix007.csv,1570,1,1,-3,-1,237
fold3_room4_mix007.csv,1571,1,1,-3,-1,237
fold3_room4_mix007.csv,1572,1,1,-3,-1,237
fold3_room4_mix007.csv,1573,1,1,-3,-1,237
fold3_room4_mix007.csv,1574,1,1,-3,-1,237
fold3_room4_mix007.csv,1575,1,1,-3,-1,237
fold3_room4_mix007.csv,1576,1,1,-3,-1,237
fold3_room4_mix007.csv,1577,1,1,-3,-1,237
fold3_room4_mix007.csv,1578,1,1,-3,-1,237
fold3_room4_mix007.csv,1579,1,1,-3,-1,237
fold3_room4_mix007.csv,1580,1,1,-3,-1,237
fold3_room4_mix007.csv,1581,1,1,-3,-1,237
fold3_room4_mix007.csv,1582,1,1,-3,-1,237
fold3_room4_mix007.csv,1583,1,1,-3,-1,237
fold3_room4_mix007.csv,1584,1,1,-3,-1,237
fold3_room4_mix007.csv,1585,1,1,-3,-1,237
fold3_room4_mix007.csv,1586,1,1,-3,-1,237
fold3_room4_mix007.csv,1587,1,1,-3,-1,237
fold3_room4_mix007.csv,1588,1,1,-3,-1,237
fold3_room4_mix007.csv,1589,1,1,-3,-1,237
fold3_room4_mix007.csv,1590,1,1,-3,-1,237
fold3_room4_mix007.csv,1591,1,1,-3,-1,237
fold3_room4_mix007.csv,1592,1,1,-3,-1,237
fold3_room4_mix007.csv,1593,1,1,-3,-1,237
fold3_room4_mix007.csv,1594,1,1,-3,-1,237
fold3_room4_mix007.csv,1595,1,1,-3,-1,237
fold3_room4_mix007.csv,1596,1,1,-3,-1,237
fold3_room4_mix007.csv,1597,1,1,-3,-1,237
fold3_room4_mix007.csv,1598,1,1,-3,-1,237
fold3_room4_mix007.csv,1599,1,1,-3,-1,237
fold3_room4_mix007.csv,1615,1,1,-3,-1,237
fold3_room4_mix007.csv,1616,1,1,-3,-1,237
fold3_room4_mix007.csv,1617,1,1,-3,-1,237
fold3_room4_mix007.csv,1618,1,1,-3,-1,237
fold3_room4_mix007.csv,1619,1,1,-3,-1,237
fold3_room4_mix007.csv,1620,1,1,-3,-1,237
fold3_room4_mix007.csv,1621,1,1,-3,-1,238
fold3_room4_mix007.csv,1622,1,1,-3,-1,238
fold3_room4_mix007.csv,1623,1,1,-3,-1,238
fold3_room4_mix007.csv,1624,1,1,-3,-1,238
fold3_room4_mix007.csv,1625,1,2,-31,0,130
fold3_room4_mix007.csv,1626,1,2,-31,0,129
fold3_room4_mix007.csv,1627,1,2,-31,0,129
fold3_room4_mix007.csv,1628,1,2,-31,0,129
fold3_room4_mix007.csv,1629,1,2,-31,0,129
fold3_room4_mix007.csv,1630,1,2,-31,0,129
fold3_room4_mix007.csv,1631,1,2,-31,0,129
fold3_room4_mix007.csv,1632,1,2,-31,0,129
fold3_room4_mix007.csv,1633,1,2,-31,0,129
fold3_room4_mix007.csv,1634,1,2,-31,0,129
fold3_room4_mix007.csv,1635,1,2,-31,0,129
fold3_room4_mix007.csv,1636,1,2,-31,0,129
fold3_room4_mix007.csv,1637,1,2,-31,0,129
fold3_room4_mix007.csv,1638,1,2,-31,0,128
fold3_room4_mix007.csv,1639,1,2,-32,0,128
fold3_room4_mix007.csv,1655,1,2,-30,0,126
fold3_room4_mix007.csv,1656,1,2,-30,0,126
fold3_room4_mix007.csv,1657,1,2,-30,0,126
fold3_room4_mix007.csv,1658,1,2,-30,0,126
fold3_room4_mix007.csv,1659,1,2,-29,0,125
fold3_room4_mix007.csv,1660,1,2,-29,0,125
fold3_room4_mix007.csv,1661,1,2,-29,0,124
fold3_room4_mix007.csv,1662,1,2,-29,0,123
fold3_room4_mix007.csv,1663,1,2,-28,-1,121
fold3_room4_mix007.csv,1664,1,2,-27,-1,120
fold3_room4_mix007.csv,1665,1,2,-26,-2,120
fold3_room4_mix007.csv,1666,1,2,-26,-2,120
fold3_room4_mix007.csv,1667,1,2,-25,-2,121
fold3_room4_mix007.csv,1668,1,2,-25,-2,121
fold3_room4_mix007.csv,1669,1,2,-24,-3,122
fold3_room4_mix007.csv,1670,1,2,-24,-3,123
fold3_room4_mix007.csv,1671,1,2,-24,-3,123
fold3_room4_mix007.csv,1672,1,2,-23,-3,123
fold3_room4_mix007.csv,1673,1,2,-23,-3,124
fold3_room4_mix007.csv,1674,1,2,-23,-3,124
fold3_room4_mix007.csv,1675,1,2,-23,-3,124
fold3_room4_mix007.csv,1676,1,2,-23,-3,125
fold3_room4_mix007.csv,1677,1,2,-23,-3,126
fold3_room4_mix007.csv,1678,1,2,-23,-3,127
fold3_room4_mix007.csv,1679,1,2,-23,-3,128
fold3_room4_mix007.csv,1680,1,2,-23,-3,128
fold3_room4_mix007.csv,1681,1,2,-23,-3,128
fold3_room4_mix007.csv,1682,1,2,-23,-3,128
fold3_room4_mix007.csv,1683,1,2,-23,-3,127
fold3_room4_mix007.csv,1684,1,2,-24,-2,127
fold3_room4_mix007.csv,1685,1,2,-24,-2,127
fold3_room4_mix007.csv,1686,1,2,-24,-2,127
fold3_room4_mix007.csv,1687,1,2,-25,-2,127
fold3_room4_mix007.csv,1688,1,2,-25,-2,127
fold3_room4_mix007.csv,1689,1,2,-25,-2,127
fold3_room4_mix007.csv,1690,1,2,-25,-2,127
fold3_room4_mix007.csv,1691,1,2,-25,-2,127
fold3_room4_mix007.csv,1692,1,2,-25,-2,126
fold3_room4_mix007.csv,1693,1,2,-25,-2,126
fold3_room4_mix007.csv,1694,1,2,-25,-2,126
fold3_room4_mix007.csv,1695,1,2,-25,-2,125
fold3_room4_mix007.csv,1696,1,2,-24,-2,125
fold3_room4_mix007.csv,1697,1,2,-24,-2,124
fold3_room4_mix007.csv,1698,1,2,-24,-2,123
fold3_room4_mix007.csv,1699,1,2,-24,-3,123
fold3_room4_mix007.csv,1700,1,2,-24,-3,123
fold3_room4_mix007.csv,1701,1,2,-24,-3,123
fold3_room4_mix007.csv,1702,1,2,-24,-3,123
fold3_room4_mix007.csv,1703,1,2,-25,-2,123
fold3_room4_mix007.csv,1704,1,2,-25,-2,123
fold3_room4_mix007.csv,1705,1,2,-25,-2,124
fold3_room4_mix007.csv,1706,1,2,-25,-2,124
fold3_room4_mix007.csv,1707,1,2,-25,-2,124
fold3_room4_mix007.csv,1708,1,2,-25,-2,125
fold3_room4_mix007.csv,1709,1,2,-26,-1,126
fold3_room4_mix007.csv,1715,1,1,-2,-1,235
fold3_room4_mix007.csv,1716,1,1,-2,-1,235
fold3_room4_mix007.csv,1717,1,1,-2,-1,235
fold3_room4_mix007.csv,1718,1,1,-2,-1,235
fold3_room4_mix007.csv,1719,1,1,-2,-1,235
fold3_room4_mix007.csv,1720,1,1,-2,-1,235
fold3_room4_mix007.csv,1721,1,1,-2,-1,235
fold3_room4_mix007.csv,1722,1,1,-2,-1,235
fold3_room4_mix007.csv,1723,1,1,-2,-1,236
fold3_room4_mix007.csv,1724,1,1,-2,-1,236
fold3_room4_mix007.csv,1725,1,1,-2,-1,236
fold3_room4_mix007.csv,1726,1,1,-2,-1,236
fold3_room4_mix007.csv,1727,1,1,-2,-1,236
fold3_room4_mix007.csv,1728,1,1,-2,-1,236
fold3_room4_mix007.csv,1729,1,1,-2,-1,236
fold3_room4_mix007.csv,1730,1,1,-2,-1,236
fold3_room4_mix007.csv,1731,1,1,-2,-1,235
fold3_room4_mix007.csv,1732,1,1,-2,-1,235
fold3_room4_mix007.csv,1733,1,1,-2,-1,235
fold3_room4_mix007.csv,1734,1,1,-2,-1,235
fold3_room4_mix007.csv,1735,1,2,-24,-3,124
fold3_room4_mix007.csv,1736,1,2,-24,-3,124
fold3_room4_mix007.csv,1737,1,2,-24,-3,124
fold3_room4_mix007.csv,1738,1,2,-24,-3,124
fold3_room4_mix007.csv,1739,1,2,-24,-2,124
fold3_room4_mix007.csv,1740,1,2,-24,-2,125
fold3_room4_mix007.csv,1741,1,2,-24,-2,125
fold3_room4_mix007.csv,1742,1,2,-24,-2,124
fold3_room4_mix007.csv,1743,1,2,-24,-2,124
fold3_room4_mix007.csv,1744,1,2,-24,-2,124
fold3_room4_mix007.csv,1745,1,2,-24,-2,124
fold3_room4_mix007.csv,1746,1,2,-24,-2,124
fold3_room4_mix007.csv,1747,1,2,-24,-2,124
fold3_room4_mix007.csv,1748,1,2,-24,-2,123
fold3_room4_mix007.csv,1749,1,2,-24,-3,123
fold3_room4_mix007.csv,1750,1,2,-24,-3,123
fold3_room4_mix007.csv,1751,1,2,-24,-2,123
fold3_room4_mix007.csv,1752,1,2,-24,-2,123
fold3_room4_mix007.csv,1753,1,2,-24,-2,123
fold3_room4_mix007.csv,1754,1,2,-25,-2,123
fold3_room4_mix007.csv,1755,1,2,-25,-2,123
fold3_room4_mix007.csv,1756,1,2,-25,-2,123
fold3_room4_mix007.csv,1757,1,2,-25,-2,123
fold3_room4_mix007.csv,1758,1,2,-24,-2,123
fold3_room4_mix007.csv,1759,1,2,-24,-3,122
fold3_room4_mix007.csv,1760,1,2,-24,-3,122
fold3_room4_mix007.csv,1761,1,2,-24,-3,122
fold3_room4_mix007.csv,1762,1,2,-23,-3,121
fold3_room4_mix007.csv,1763,1,2,-23,-3,121
fold3_room4_mix007.csv,1764,1,2,-23,-3,121
fold3_room4_mix007.csv,1765,1,2,-23,-3,121
fold3_room4_mix007.csv,1766,1,2,-23,-3,121
fold3_room4_mix007.csv,1767,1,2,-23,-3,121
fold3_room4_mix007.csv,1768,1,2,-23,-3,121
fold3_room4_mix007.csv,1769,1,2,-23,-3,121
fold3_room4_mix007.csv,1780,1,2,-23,-3,121
fold3_room4_mix007.csv,1781,1,2,-23,-3,121
fold3_room4_mix007.csv,1782,1,2,-23,-3,121
fold3_room4_mix007.csv,1783,1,2,-23,-3,121
fold3_room4_mix007.csv,1784,1,2,-23,-3,122
fold3_room4_mix007.csv,1785,1,2,-23,-2,122
fold3_room4_mix007.csv,1786,1,2,-23,-2,122
fold3_room4_mix007.csv,1787,1,2,-23,-2,123
fold3_room4_mix007.csv,1788,1,2,-23,-3,123
fold3_room4_mix007.csv,1789,1,2,-23,-3,123
fold3_room4_mix007.csv,1790,1,2,-23,-3,123
fold3_room4_mix007.csv,1791,1,2,-23,-3,123
fold3_room4_mix007.csv,1792,1,2,-23,-3,123
fold3_room4_mix007.csv,1793,1,2,-23,-3,122
fold3_room4_mix007.csv,1794,1,2,-23,-2,122
fold3_room4_mix007.csv,1795,1,2,-24,-2,123
fold3_room4_mix007.csv,1796,1,2,-26,-1,124
fold3_room4_mix007.csv,1797,1,2,-27,0,125
fold3_room4_mix007.csv,1798,1,2,-27,0,125
fold3_room4_mix007.csv,1799,1,2,-28,0,125
fold3_room4_mix007.csv,1820,1,1,-2,-1,236
fold3_room4_mix007.csv,1821,1,1,-2,-1,236
fold3_room4_mix007.csv,1822,1,1,-2,-1,236
fold3_room4_mix007.csv,1823,1,1,-2,-1,236
fold3_room4_mix007.csv,1824,1,1,-2,-1,236
fold3_room4_mix007.csv,1825,1,1,-2,-1,236
fold3_room4_mix007.csv,1826,1,1,-2,-1,236
fold3_room4_mix007.csv,1827,1,1,-2,-1,236
fold3_room4_mix007.csv,1828,1,1,-2,-1,236
fold3_room4_mix007.csv,1829,1,1,-2,-1,236
fold3_room4_mix007.csv,1830,1,1,-2,-1,236
fold3_room4_mix007.csv,1831,1,1,-2,-1,236
fold3_room4_mix007.csv,1832,1,1,-2,-1,236
fold3_room4_mix007.csv,1833,1,1,-2,-1,236
fold3_room4_mix007.csv,1834,1,1,-2,-1,236
fold3_room4_mix007.csv,1835,1,1,-2,-1,236
fold3_room4_mix007.csv,1836,1,1,-2,-1,236
fold3_room4_mix007.csv,1837,1,1,-2,-1,236
fold3_room4_mix007.csv,1838,1,1,-2,-1,236
fold3_room4_mix007.csv,1839,1,1,-2,-1,236
fold3_room4_mix007.csv,1860,1,2,-25,-2,123
fold3_room4_mix007.csv,1861,1,2,-25,-2,123
fold3_room4_mix007.csv,1862,1,2,-25,-2,122
fold3_room4_mix007.csv,1863,1,2,-25,-2,122
fold3_room4_mix007.csv,1864,1,2,-25,-2,122
fold3_room4_mix007.csv,1865,1,1,-2,-1,236
fold3_room4_mix007.csv,1866,1,1,-2,-1,236
fold3_room4_mix007.csv,1867,1,1,-2,-1,236
fold3_room4_mix007.csv,1868,1,1,-2,-1,236
fold3_room4_mix007.csv,1869,1,1,-2,-1,236
fold3_room4_mix007.csv,1870,1,1,-2,-1,236
fold3_room4_mix007.csv,1871,1,1,-2,-1,236
fold3_room4_mix007.csv,1872,1,1,-2,-1,236
fold3_room4_mix007.csv,1873,1,1,-2,-1,236
fold3_room4_mix007.csv,1874,1,1,-2,-1,236
fold3_room4_mix007.csv,1875,1,1,-2,-1,236
fold3_room4_mix007.csv,1876,1,1,-2,-1,236
fold3_room4_mix007.csv,1877,1,1,-2,-1,236
fold3_room4_mix007.csv,1878,1,1,-2,-1,236
fold3_room4_mix007.csv,1879,1,1,-2,-1,236
fold3_room4_mix007.csv,1880,1,1,-2,-1,236
fold3_room4_mix007.csv,1881,1,1,-2,-1,236
fold3_room4_mix007.csv,1882,1,1,-2,-1,236
fold3_room4_mix007.csv,1883,1,1,-2,-1,236
fold3_room4_mix007.csv,1884,1,1,-2,-1,236
fold3_room4_mix007.csv,1885,1,1,-2,-1,236
fold3_room4_mix007.csv,1886,1,1,-2,-1,236
fold3_room4_mix007.csv,1887,1,1,-2,-1,236
fold3_room4_mix007.csv,1888,1,1,-2,-1,236
fold3_room4_mix007.csv,1889,1,1,-2,-1,236
fold3_room4_mix007.csv,1890,1,1,-2,-1,236
fold3_room4_mix007.csv,1891,1,1,-2,-1,236
fold3_room4_mix007.csv,1892,1,1,-2,-1,236
fold3_room4_mix007.csv,1893,1,1,-2,-1,236
fold3_room4_mix007.csv,1894,1,1,-2,-1,236
fold3_room4_mix007.csv,1895,1,1,-2,-1,236
fold3_room4_mix007.csv,1896,1,1,-2,-1,236
fold3_room4_mix007.csv,1897,1,1,-2,-1,236
fold3_room4_mix007.csv,1898,1,1,-2,-1,236
fold3_room4_mix007.csv,1899,1,1,-2,-1,236
fold3_room4_mix007.csv,1915,1,1,-2,-1,236
fold3_room4_mix007.csv,1916,1,1,-2,-1,236
fold3_room4_mix007.csv,1917,1,1,-2,-1,236
fold3_room4_mix007.csv,1918,1,1,-2,-1,236
fold3_room4_mix007.csv,1919,1,1,-2,-1,236
fold3_room4_mix007.csv,1920,1,1,-2,-1,236
fold3_room4_mix007.csv,1921,1,1,-2,-1,236
fold3_room4_mix007.csv,1922,1,1,-2,-1,236
fold3_room4_mix007.csv,1923,1,1,-2,-1,236
fold3_room4_mix007.csv,1924,1,1,-2,-1,236
fold3_room4_mix007.csv,1925,1,1,-2,-1,236
fold3_room4_mix007.csv,1926,1,1,-2,-1,236
fold3_room4_mix007.csv,1927,1,1,-2,-1,236
fold3_room4_mix007.csv,1928,1,1,-2,-1,236
fold3_room4_mix007.csv,1929,1,1,-2,-1,236
fold3_room4_mix007.csv,1930,1,1,-2,-1,236
fold3_room4_mix007.csv,1931,1,1,-2,-1,236
fold3_room4_mix007.csv,1932,1,1,-2,-1,236
fold3_room4_mix007.csv,1933,1,1,-2,-1,236
fold3_room4_mix007.csv,1934,1,1,-2,-1,236
fold3_room4_mix007.csv,1935,1,1,-2,-1,236
fold3_room4_mix007.csv,1936,1,1,-2,-1,236
fold3_room4_mix007.csv,1937,1,1,-2,-1,236
fold3_room4_mix007.csv,1938,1,1,-2,-1,236
fold3_room4_mix007.csv,1939,1,1,-2,-1,236
fold3_room4_mix007.csv,1940,1,2,-30,0,124
fold3_room4_mix007.csv,1941,1,2,-30,0,125
fold3_room4_mix007.csv,1942,1,2,-30,0,125
fold3_room4_mix007.csv,1943,1,2,-30,0,126
fold3_room4_mix007.csv,1944,1,2,-30,0,127
fold3_room4_mix007.csv,1945,1,2,-29,0,128
fold3_room4_mix007.csv,1946,1,2,-29,0,128
fold3_room4_mix007.csv,1947,1,2,-29,0,128
fold3_room4_mix007.csv,1948,1,2,-29,0,129
fold3_room4_mix007.csv,1949,1,2,-29,0,128
fold3_room4_mix007.csv,1950,1,2,-29,0,128
fold3_room4_mix007.csv,1951,1,2,-29,0,128
fold3_room4_mix007.csv,1952,1,2,-29,0,128
fold3_room4_mix007.csv,1953,1,2,-29,0,128
fold3_room4_mix007.csv,1954,1,2,-29,0,128
fold3_room4_mix007.csv,1955,1,2,-29,0,128
fold3_room4_mix007.csv,1956,1,2,-29,0,128
fold3_room4_mix007.csv,1957,1,2,-29,0,128
fold3_room4_mix007.csv,1958,1,2,-29,0,127
fold3_room4_mix007.csv,1959,1,2,-29,0,127
fold3_room4_mix007.csv,1960,1,2,-29,0,127
fold3_room4_mix007.csv,1961,1,2,-29,0,127
fold3_room4_mix007.csv,1962,1,2,-30,0,127
fold3_room4_mix007.csv,1963,1,2,-30,0,127
fold3_room4_mix007.csv,1964,1,2,-30,0,127
fold3_room4_mix007.csv,1965,1,2,-30,0,127
fold3_room4_mix007.csv,1966,1,2,-30,0,127
fold3_room4_mix007.csv,1967,1,2,-30,0,127
fold3_room4_mix007.csv,1968,1,2,-30,0,127
fold3_room4_mix007.csv,1969,1,2,-30,0,127
fold3_room4_mix007.csv,1970,1,2,-30,0,127
fold3_room4_mix007.csv,1971,1,2,-30,0,127
fold3_room4_mix007.csv,1972,1,2,-30,0,127
fold3_room4_mix007.csv,1973,1,2,-30,0,127
fold3_room4_mix007.csv,1974,1,2,-30,0,127
fold3_room4_mix007.csv,1975,1,2,-30,0,127
fold3_room4_mix007.csv,1976,1,2,-30,0,126
fold3_room4_mix007.csv,1977,1,2,-30,0,126
fold3_room4_mix007.csv,1978,1,2,-30,0,125
fold3_room4_mix007.csv,1979,1,2,-30,0,125
fold3_room4_mix007.csv,1980,1,2,-30,0,125
fold3_room4_mix007.csv,1981,1,2,-30,0,125
fold3_room4_mix007.csv,1982,1,2,-30,0,125
fold3_room4_mix007.csv,1983,1,2,-30,0,125
fold3_room4_mix007.csv,1984,1,2,-30,0,125
fold3_room4_mix007.csv,1985,1,2,-30,0,125
fold3_room4_mix007.csv,1986,1,2,-30,0,125
fold3_room4_mix007.csv,1987,1,2,-31,0,124
fold3_room4_mix007.csv,1988,1,2,-31,0,124
fold3_room4_mix007.csv,1989,1,2,-30,0,124
fold3_room4_mix007.csv,1990,1,2,-31,0,124
fold3_room4_mix007.csv,1991,1,2,-31,0,124
fold3_room4_mix007.csv,1992,1,2,-31,0,125
fold3_room4_mix007.csv,1993,1,2,-31,0,126
fold3_room4_mix007.csv,1994,1,2,-30,0,127
fold3_room4_mix007.csv,1995,1,2,-30,0,127
fold3_room4_mix007.csv,1996,1,2,-30,0,128
fold3_room4_mix007.csv,1997,1,2,-30,0,128
fold3_room4_mix007.csv,1998,1,2,-30,0,129
fold3_room4_mix007.csv,1999,1,2,-30,0,128
fold3_room4_mix007.csv,2000,1,2,-30,0,128
fold3_room4_mix007.csv,2001,1,2,-30,0,128
fold3_room4_mix007.csv,2002,1,2,-30,0,128
fold3_room4_mix007.csv,2003,1,2,-30,0,128
fold3_room4_mix007.csv,2004,1,2,-29,0,128
fold3_room4_mix007.csv,2005,1,2,-29,0,127
fold3_room4_mix007.csv,2006,1,2,-28,-1,127
fold3_room4_mix007.csv,2007,1,2,-28,-1,127
fold3_room4_mix007.csv,2008,1,2,-28,-1,127
fold3_room4_mix007.csv,2009,1,2,-28,-1,127
fold3_room4_mix007.csv,2010,1,2,-28,-1,127
fold3_room4_mix007.csv,2011,1,2,-28,-1,127
fold3_room4_mix007.csv,2012,1,2,-28,-1,127
fold3_room4_mix007.csv,2013,1,2,-29,0,127
fold3_room4_mix007.csv,2014,1,2,-29,0,127
fold3_room4_mix007.csv,2015,1,2,-29,0,127
fold3_room4_mix007.csv,2016,1,2,-29,0,127
fold3_room4_mix007.csv,2017,1,2,-29,0,127
fold3_room4_mix007.csv,2018,1,2,-29,0,127
fold3_room4_mix007.csv,2019,1,2,-29,0,127
fold3_room4_mix007.csv,2020,1,2,-29,0,126
fold3_room4_mix007.csv,2021,1,2,-29,0,127
fold3_room4_mix007.csv,2022,1,2,-29,0,127
fold3_room4_mix007.csv,2023,1,2,-30,0,126
fold3_room4_mix007.csv,2024,1,2,-30,0,126
fold3_room4_mix007.csv,2025,1,2,-30,0,126
fold3_room4_mix007.csv,2026,1,2,-30,0,126
fold3_room4_mix007.csv,2027,1,2,-30,0,126
fold3_room4_mix007.csv,2028,1,2,-30,0,125
fold3_room4_mix007.csv,2029,1,2,-31,0,125
fold3_room4_mix007.csv,2030,1,2,-31,0,125
fold3_room4_mix007.csv,2031,1,2,-31,0,125
fold3_room4_mix007.csv,2032,1,2,-31,0,125
fold3_room4_mix007.csv,2033,1,2,-31,0,125
fold3_room4_mix007.csv,2034,1,2,-32,0,125
fold3_room4_mix007.csv,2035,1,2,-32,0,125
fold3_room4_mix007.csv,2036,1,2,-32,0,125
fold3_room4_mix007.csv,2037,1,2,-31,0,125
fold3_room4_mix007.csv,2038,1,2,-32,0,125
fold3_room4_mix007.csv,2039,1,2,-31,0,125
fold3_room4_mix007.csv,2040,1,2,-31,0,125
fold3_room4_mix007.csv,2041,1,2,-31,0,125
fold3_room4_mix007.csv,2042,1,2,-31,0,125
fold3_room4_mix007.csv,2043,1,2,-31,0,125
fold3_room4_mix007.csv,2044,1,2,-31,0,126
fold3_room4_mix007.csv,2055,1,2,-31,0,125
fold3_room4_mix007.csv,2056,1,2,-31,0,125
fold3_room4_mix007.csv,2057,1,2,-31,0,125
fold3_room4_mix007.csv,2058,1,2,-32,0,125
fold3_room4_mix007.csv,2059,1,2,-32,0,125
fold3_room4_mix007.csv,2060,1,2,-32,0,125
fold3_room4_mix007.csv,2061,1,2,-32,0,125
fold3_room4_mix007.csv,2062,1,2,-32,0,125
fold3_room4_mix007.csv,2063,1,2,-32,0,125
fold3_room4_mix007.csv,2064,1,2,-32,0,125
fold3_room4_mix007.csv,2065,1,2,-31,0,124
fold3_room4_mix007.csv,2066,1,2,-31,0,125
fold3_room4_mix007.csv,2067,1,2,-31,0,126
fold3_room4_mix007.csv,2068,1,2,-31,0,128
fold3_room4_mix007.csv,2069,1,2,-30,0,131
fold3_room4_mix007.csv,2070,1,2,-30,-1,132
fold3_room4_mix007.csv,2071,1,2,-30,-1,134
fold3_room4_mix007.csv,2072,1,2,-30,-1,135
fold3_room4_mix007.csv,2073,1,2,-30,-1,135
fold3_room4_mix007.csv,2074,1,2,-30,-1,135
fold3_room4_mix007.csv,2100,1,2,-30,0,128
fold3_room4_mix007.csv,2101,1,2,-30,0,128
fold3_room4_mix007.csv,2102,1,2,-30,0,128
fold3_room4_mix007.csv,2103,1,2,-31,0,128
fold3_room4_mix007.csv,2104,1,2,-31,0,128
fold3_room4_mix007.csv,2105,1,2,-31,0,127
fold3_room4_mix007.csv,2106,1,2,-31,0,127
fold3_room4_mix007.csv,2107,1,2,-31,0,126
fold3_room4_mix007.csv,2108,1,2,-31,0,126
fold3_room4_mix007.csv,2109,1,2,-31,0,126
fold3_room4_mix007.csv,2110,1,2,-31,0,126
fold3_room4_mix007.csv,2111,1,2,-31,0,127
fold3_room4_mix007.csv,2112,1,2,-31,0,127
fold3_room4_mix007.csv,2113,1,2,-31,0,127
fold3_room4_mix007.csv,2114,1,2,-31,0,127
fold3_room4_mix007.csv,2130,1,2,-30,0,127
fold3_room4_mix007.csv,2131,1,2,-30,0,128
fold3_room4_mix007.csv,2132,1,2,-30,0,128
fold3_room4_mix007.csv,2133,1,2,-30,0,128
fold3_room4_mix007.csv,2134,1,2,-30,0,128
fold3_room4_mix007.csv,2145,1,2,-30,0,126
fold3_room4_mix007.csv,2146,1,2,-29,0,126
fold3_room4_mix007.csv,2147,1,2,-29,0,125
fold3_room4_mix007.csv,2148,1,2,-30,0,125
fold3_room4_mix007.csv,2149,1,2,-30,0,125
fold3_room4_mix007.csv,2150,1,2,-30,0,125
fold3_room4_mix007.csv,2151,1,2,-30,0,125
fold3_room4_mix007.csv,2152,1,2,-30,0,125
fold3_room4_mix007.csv,2153,1,2,-30,0,125
fold3_room4_mix007.csv,2154,1,2,-30,0,126
fold3_room4_mix007.csv,2155,1,2,-31,0,126
fold3_room4_mix007.csv,2156,1,2,-31,0,126
fold3_room4_mix007.csv,2157,1,2,-30,0,127
fold3_room4_mix007.csv,2158,1,2,-30,0,127
fold3_room4_mix007.csv,2159,1,2,-30,0,127
fold3_room4_mix007.csv,2160,1,2,-30,0,127
fold3_room4_mix007.csv,2161,1,2,-30,0,127
fold3_room4_mix007.csv,2162,1,2,-30,0,127
fold3_room4_mix007.csv,2163,1,2,-30,0,128
fold3_room4_mix007.csv,2164,1,2,-29,0,128
fold3_room4_mix007.csv,2185,1,2,-30,0,123
fold3_room4_mix007.csv,2186,1,2,-30,0,123
fold3_room4_mix007.csv,2187,1,2,-31,0,123
fold3_room4_mix007.csv,2188,1,2,-30,0,123
fold3_room4_mix007.csv,2189,1,2,-30,0,123
fold3_room4_mix007.csv,2190,1,2,-30,0,122
fold3_room4_mix007.csv,2191,1,2,-30,0,122
fold3_room4_mix007.csv,2192,1,2,-30,0,122
fold3_room4_mix007.csv,2193,1,2,-31,0,122
fold3_room4_mix007.csv,2194,1,2,-31,0,121
fold3_room4_mix007.csv,2195,1,2,-31,0,120
fold3_room4_mix007.csv,2196,1,2,-31,0,120
fold3_room4_mix007.csv,2197,1,2,-32,0,119
fold3_room4_mix007.csv,2198,1,2,-32,0,118
fold3_room4_mix007.csv,2199,1,2,-33,0,117
fold3_room4_mix007.csv,2215,1,2,-31,-1,110
fold3_room4_mix007.csv,2216,1,2,-31,-1,110
fold3_room4_mix007.csv,2217,1,2,-31,-1,110
fold3_room4_mix007.csv,2218,1,2,-30,-1,110
fold3_room4_mix007.csv,2219,1,2,-30,-1,110
fold3_room4_mix008.csv,460,1,2,-176,0,210
fold3_room4_mix008.csv,461,1,2,-176,-1,206
fold3_room4_mix008.csv,462,1,2,-176,-1,203
fold3_room4_mix008.csv,463,1,2,-176,-1,200
fold3_room4_mix008.csv,464,1,2,-175,-1,198
fold3_room4_mix008.csv,465,1,2,-175,-1,197
fold3_room4_mix008.csv,466,1,2,-175,-2,195
fold3_room4_mix008.csv,467,1,2,-176,-2,194
fold3_room4_mix008.csv,468,1,2,-176,-2,194
fold3_room4_mix008.csv,469,1,2,-176,-2,193
fold3_room4_mix008.csv,470,1,2,-177,-2,193
fold3_room4_mix008.csv,471,1,2,-177,-2,193
fold3_room4_mix008.csv,472,1,2,-176,-2,194
fold3_room4_mix008.csv,473,1,2,-176,-2,195
fold3_room4_mix008.csv,474,1,2,-175,-2,196
fold3_room4_mix008.csv,475,1,2,-175,-2,197
fold3_room4_mix008.csv,476,1,2,-174,-2,198
fold3_room4_mix008.csv,477,1,2,-174,-2,198
fold3_room4_mix008.csv,478,1,2,-175,-2,198
fold3_room4_mix008.csv,479,1,2,-175,-2,197
fold3_room4_mix008.csv,480,1,2,-175,-2,197
fold3_room4_mix008.csv,481,1,2,-175,-2,195
fold3_room4_mix008.csv,482,1,2,-175,-2,194
fold3_room4_mix008.csv,483,1,2,-175,-2,194
fold3_room4_mix008.csv,484,1,2,-175,-2,195
fold3_room4_mix008.csv,485,1,2,-175,-2,196
fold3_room4_mix008.csv,486,1,2,-175,-2,197
fold3_room4_mix008.csv,487,1,2,-175,-2,197
fold3_room4_mix008.csv,488,1,2,-175,-2,196
fold3_room4_mix008.csv,489,1,2,-175,-2,196
fold3_room4_mix008.csv,500,1,2,-176,-2,197
fold3_room4_mix008.csv,501,1,2,-176,-2,197
fold3_room4_mix008.csv,502,1,2,-176,-2,197
fold3_room4_mix008.csv,503,1,2,-176,-2,197
fold3_room4_mix008.csv,504,1,2,-176,-2,197
fold3_room4_mix008.csv,505,1,2,-176,-2,197
fold3_room4_mix008.csv,506,1,2,-175,-2,197
fold3_room4_mix008.csv,507,1,2,-175,-2,197
fold3_room4_mix008.csv,508,1,2,-175,-2,198
fold3_room4_mix008.csv,509,1,2,-175,-2,199
fold3_room4_mix008.csv,510,1,2,-174,-1,200
fold3_room4_mix008.csv,511,1,2,-174,-1,201
fold3_room4_mix008.csv,512,1,2,-174,-1,202
fold3_room4_mix008.csv,513,1,2,-174,-1,201
fold3_room4_mix008.csv,514,1,2,-174,-1,200
fold3_room4_mix008.csv,520,1,2,-175,-2,199
fold3_room4_mix008.csv,521,1,2,-175,-2,199
fold3_room4_mix008.csv,522,1,2,-175,-2,198
fold3_room4_mix008.csv,523,1,2,-175,-2,198
fold3_room4_mix008.csv,524,1,2,-175,-2,198
fold3_room4_mix008.csv,525,1,2,-175,-2,198
fold3_room4_mix008.csv,526,1,2,-175,-2,198
fold3_room4_mix008.csv,527,1,2,-175,-2,198
fold3_room4_mix008.csv,528,1,2,-175,-2,198
fold3_room4_mix008.csv,529,1,2,-175,-2,198
fold3_room4_mix008.csv,530,1,2,-175,-2,198
fold3_room4_mix008.csv,531,1,2,-175,-2,197
fold3_room4_mix008.csv,532,1,2,-175,-2,197
fold3_room4_mix008.csv,533,1,2,-175,-2,197
fold3_room4_mix008.csv,534,1,2,-175,-2,197
fold3_room4_mix008.csv,550,1,2,-174,-2,198
fold3_room4_mix008.csv,551,1,2,-174,-2,198
fold3_room4_mix008.csv,552,1,2,-174,-2,198
fold3_room4_mix008.csv,553,1,2,-174,-2,198
fold3_room4_mix008.csv,554,1,2,-174,-2,198
fold3_room4_mix008.csv,555,1,2,-174,-2,198
fold3_room4_mix008.csv,556,1,2,-174,-2,197
fold3_room4_mix008.csv,557,1,2,-174,-2,197
fold3_room4_mix008.csv,558,1,2,-174,-2,197
fold3_room4_mix008.csv,559,1,2,-174,-2,197
fold3_room4_mix008.csv,560,1,2,-174,-2,197
fold3_room4_mix008.csv,561,1,2,-174,-2,197
fold3_room4_mix008.csv,562,1,2,-174,-2,197
fold3_room4_mix008.csv,563,1,2,-174,-2,197
fold3_room4_mix008.csv,564,1,2,-174,-2,197
fold3_room4_mix008.csv,565,1,2,-174,-2,197
fold3_room4_mix008.csv,566,1,2,-174,-2,197
fold3_room4_mix008.csv,567,1,2,-174,-2,197
fold3_room4_mix008.csv,568,1,2,-174,-2,197
fold3_room4_mix008.csv,569,1,2,-174,-2,197
fold3_room4_mix008.csv,570,1,2,-174,-2,197
fold3_room4_mix008.csv,571,1,2,-175,-2,197
fold3_room4_mix008.csv,572,1,2,-174,-2,197
fold3_room4_mix008.csv,573,1,2,-174,-2,197
fold3_room4_mix008.csv,574,1,2,-174,-2,197
fold3_room4_mix008.csv,575,1,2,-174,-2,197
fold3_room4_mix008.csv,576,1,2,-174,-2,197
fold3_room4_mix008.csv,577,1,2,-175,-2,197
fold3_room4_mix008.csv,578,1,2,-175,-2,197
fold3_room4_mix008.csv,579,1,2,-175,-2,197
fold3_room4_mix008.csv,585,1,2,-176,-2,195
fold3_room4_mix008.csv,586,1,2,-176,-2,195
fold3_room4_mix008.csv,587,1,2,-176,-2,195
fold3_room4_mix008.csv,588,1,2,-176,-2,195
fold3_room4_mix008.csv,589,1,2,-176,-2,195
fold3_room4_mix008.csv,590,1,2,-176,-2,195
fold3_room4_mix008.csv,591,1,2,-176,-2,195
fold3_room4_mix008.csv,592,1,2,-176,-2,195
fold3_room4_mix008.csv,593,1,2,-176,-2,196
fold3_room4_mix008.csv,594,1,2,-176,-2,196
fold3_room4_mix008.csv,595,1,2,-176,-2,196
fold3_room4_mix008.csv,596,1,2,-176,-2,196
fold3_room4_mix008.csv,597,1,2,-176,-2,195
fold3_room4_mix008.csv,598,1,2,-176,-2,195
fold3_room4_mix008.csv,599,1,2,-175,-2,195
fold3_room4_mix008.csv,600,1,2,-175,-2,195
fold3_room4_mix008.csv,601,1,2,-175,-2,195
fold3_room4_mix008.csv,602,1,2,-175,-2,196
fold3_room4_mix008.csv,603,1,2,-175,-2,196
fold3_room4_mix008.csv,604,1,2,-175,-2,196
fold3_room4_mix008.csv,605,1,2,-175,-2,196
fold3_room4_mix008.csv,606,1,2,-175,-2,196
fold3_room4_mix008.csv,607,1,2,-175,-2,196
fold3_room4_mix008.csv,608,1,2,-175,-2,196
fold3_room4_mix008.csv,609,1,2,-175,-2,196
fold3_room4_mix008.csv,610,1,2,-175,-2,196
fold3_room4_mix008.csv,611,1,2,-175,-2,196
fold3_room4_mix008.csv,612,1,2,-175,-2,196
fold3_room4_mix008.csv,613,1,2,-175,-2,197
fold3_room4_mix008.csv,614,1,2,-175,-2,196
fold3_room4_mix008.csv,615,1,2,-175,-2,196
fold3_room4_mix008.csv,616,1,2,-175,-2,197
fold3_room4_mix008.csv,617,1,2,-175,-2,197
fold3_room4_mix008.csv,618,1,2,-175,-2,197
fold3_room4_mix008.csv,619,1,2,-175,-2,197
fold3_room4_mix008.csv,620,1,2,-176,-2,196
fold3_room4_mix008.csv,621,1,2,-176,-2,196
fold3_room4_mix008.csv,622,1,2,-176,-2,196
fold3_room4_mix008.csv,623,1,2,-176,-2,195
fold3_room4_mix008.csv,624,1,2,-176,-2,195
fold3_room4_mix008.csv,625,1,2,-176,-2,195
fold3_room4_mix008.csv,626,1,2,-176,-2,195
fold3_room4_mix008.csv,627,1,2,-176,-3,195
fold3_room4_mix008.csv,628,1,2,-176,-3,195
fold3_room4_mix008.csv,629,1,2,-176,-2,195
fold3_room4_mix008.csv,630,1,2,-176,-2,195
fold3_room4_mix008.csv,631,1,2,-176,-2,195
fold3_room4_mix008.csv,632,1,2,-176,-2,195
fold3_room4_mix008.csv,633,1,2,-176,-2,195
fold3_room4_mix008.csv,634,1,2,-176,-2,195
fold3_room4_mix008.csv,640,1,2,-176,-2,196
fold3_room4_mix008.csv,641,1,2,-176,-2,196
fold3_room4_mix008.csv,642,1,2,-176,-2,196
fold3_room4_mix008.csv,643,1,2,-176,-2,196
fold3_room4_mix008.csv,644,1,2,-176,-2,196
fold3_room4_mix008.csv,645,1,2,-176,-2,196
fold3_room4_mix008.csv,646,1,2,-176,-2,196
fold3_room4_mix008.csv,647,1,2,-176,-2,197
fold3_room4_mix008.csv,648,1,2,-176,-2,197
fold3_room4_mix008.csv,649,1,2,-176,-2,196
fold3_room4_mix008.csv,650,1,2,-176,-2,197
fold3_room4_mix008.csv,651,1,2,-176,-2,197
fold3_room4_mix008.csv,652,1,2,-176,-2,197
fold3_room4_mix008.csv,653,1,2,-176,-2,197
fold3_room4_mix008.csv,654,1,2,-176,-2,197
fold3_room4_mix008.csv,655,1,2,-176,-2,196
fold3_room4_mix008.csv,656,1,2,-176,-2,196
fold3_room4_mix008.csv,657,1,2,-176,-2,196
fold3_room4_mix008.csv,658,1,2,-176,-2,196
fold3_room4_mix008.csv,659,1,2,-176,-2,196
fold3_room4_mix008.csv,660,1,2,-176,-2,196
fold3_room4_mix008.csv,661,1,2,-176,-2,196
fold3_room4_mix008.csv,662,1,2,-176,-2,196
fold3_room4_mix008.csv,663,1,2,-176,-2,196
fold3_room4_mix008.csv,664,1,2,-176,-2,196
fold3_room4_mix008.csv,665,1,2,-176,-2,196
fold3_room4_mix008.csv,666,1,2,-176,-2,196
fold3_room4_mix008.csv,667,1,2,-176,-2,196
fold3_room4_mix008.csv,668,1,2,-176,-2,196
fold3_room4_mix008.csv,669,1,2,-176,-2,196
fold3_room4_mix008.csv,670,1,2,-176,-2,196
fold3_room4_mix008.csv,671,1,2,-176,-2,196
fold3_room4_mix008.csv,672,1,2,-176,-2,196
fold3_room4_mix008.csv,673,1,2,-176,-2,196
fold3_room4_mix008.csv,674,1,2,-176,-2,196
fold3_room4_mix008.csv,675,1,2,-176,-2,196
fold3_room4_mix008.csv,676,1,2,-176,-2,196
fold3_room4_mix008.csv,677,1,2,-176,-2,196
fold3_room4_mix008.csv,678,1,2,-176,-2,196
fold3_room4_mix008.csv,679,1,2,-176,-2,196
fold3_room4_mix008.csv,680,1,2,-176,-2,196
fold3_room4_mix008.csv,681,1,2,-176,-2,196
fold3_room4_mix008.csv,682,1,2,-176,-2,196
fold3_room4_mix008.csv,683,1,2,-176,-2,196
fold3_room4_mix008.csv,684,1,2,-176,-2,196
fold3_room4_mix008.csv,685,1,2,-176,-2,196
fold3_room4_mix008.csv,686,1,2,-176,-2,196
fold3_room4_mix008.csv,687,1,2,-176,-2,196
fold3_room4_mix008.csv,688,1,2,-176,-2,196
fold3_room4_mix008.csv,689,1,2,-176,-2,196
fold3_room4_mix008.csv,690,1,2,-176,-2,196
fold3_room4_mix008.csv,691,1,2,-176,-2,196
fold3_room4_mix008.csv,692,1,2,-176,-2,196
fold3_room4_mix008.csv,693,1,2,-176,-2,196
fold3_room4_mix008.csv,694,1,2,-176,-2,196
fold3_room4_mix008.csv,695,1,2,-176,-2,196
fold3_room4_mix008.csv,696,1,2,-176,-2,196
fold3_room4_mix008.csv,697,1,2,-176,-2,196
fold3_room4_mix008.csv,698,1,2,-177,-2,196
fold3_room4_mix008.csv,699,1,2,-177,-2,196
fold3_room4_mix008.csv,700,1,2,-177,-2,196
fold3_room4_mix008.csv,701,1,2,-176,-2,196
fold3_room4_mix008.csv,702,1,2,-176,-2,196
fold3_room4_mix008.csv,703,1,2,-176,-2,196
fold3_room4_mix008.csv,704,1,2,-176,-2,196
fold3_room4_mix008.csv,705,1,2,-176,-2,196
fold3_room4_mix008.csv,706,1,2,-176,-2,196
fold3_room4_mix008.csv,707,1,2,-176,-2,196
fold3_room4_mix008.csv,708,1,2,-176,-2,196
fold3_room4_mix008.csv,709,1,2,-176,-2,196
fold3_room4_mix008.csv,710,1,2,-176,-2,196
fold3_room4_mix008.csv,711,1,2,-176,-2,196
fold3_room4_mix008.csv,712,1,2,-176,-2,196
fold3_room4_mix008.csv,713,1,2,-176,-2,196
fold3_room4_mix008.csv,714,1,2,-176,-2,196
fold3_room4_mix008.csv,715,1,2,-176,-2,196
fold3_room4_mix008.csv,716,1,2,-176,-2,196
fold3_room4_mix008.csv,717,1,2,-176,-2,196
fold3_room4_mix008.csv,718,1,2,-176,-2,196
fold3_room4_mix008.csv,719,1,2,-176,-2,196
fold3_room4_mix008.csv,720,1,2,-176,-2,196
fold3_room4_mix008.csv,721,1,2,-176,-2,196
fold3_room4_mix008.csv,722,1,2,-176,-2,196
fold3_room4_mix008.csv,723,1,2,-176,-2,196
fold3_room4_mix008.csv,724,1,2,-176,-2,196
fold3_room4_mix008.csv,735,1,2,-176,-2,196
fold3_room4_mix008.csv,736,1,2,-176,-2,196
fold3_room4_mix008.csv,737,1,2,-176,-2,196
fold3_room4_mix008.csv,738,1,2,-176,-2,196
fold3_room4_mix008.csv,739,1,2,-176,-2,196
fold3_room4_mix008.csv,740,1,2,-176,-2,196
fold3_room4_mix008.csv,741,1,2,-176,-2,196
fold3_room4_mix008.csv,742,1,2,-176,-2,196
fold3_room4_mix008.csv,743,1,2,-176,-2,196
fold3_room4_mix008.csv,744,1,2,-176,-2,196
fold3_room4_mix008.csv,745,1,2,-176,-2,196
fold3_room4_mix008.csv,746,1,2,-176,-2,196
fold3_room4_mix008.csv,747,1,2,-176,-2,196
fold3_room4_mix008.csv,748,1,2,-176,-2,196
fold3_room4_mix008.csv,749,1,2,-176,-2,196
fold3_room4_mix008.csv,750,1,2,-176,-2,196
fold3_room4_mix008.csv,751,1,2,-176,-2,196
fold3_room4_mix008.csv,752,1,2,-176,-2,196
fold3_room4_mix008.csv,753,1,2,-176,-2,196
fold3_room4_mix008.csv,754,1,2,-176,-2,196
fold3_room4_mix008.csv,755,1,2,-176,-2,196
fold3_room4_mix008.csv,756,1,2,-176,-2,196
fold3_room4_mix008.csv,757,1,2,-176,-2,197
fold3_room4_mix008.csv,758,1,2,-176,-2,197
fold3_room4_mix008.csv,759,1,2,-176,-2,197
fold3_room4_mix008.csv,760,1,2,-176,-2,196
fold3_room4_mix008.csv,761,1,2,-176,-2,196
fold3_room4_mix008.csv,762,1,2,-176,-2,196
fold3_room4_mix008.csv,763,1,2,-176,-2,196
fold3_room4_mix008.csv,764,1,2,-176,-2,196
fold3_room4_mix008.csv,765,1,2,-176,-2,196
fold3_room4_mix008.csv,766,1,2,-176,-2,196
fold3_room4_mix008.csv,767,1,2,-176,-2,196
fold3_room4_mix008.csv,768,1,2,-176,-2,196
fold3_room4_mix008.csv,769,1,2,-176,-2,196
fold3_room4_mix008.csv,770,1,2,-176,-2,196
fold3_room4_mix008.csv,771,1,2,-176,-2,196
fold3_room4_mix008.csv,772,1,2,-176,-2,196
fold3_room4_mix008.csv,773,1,2,-176,-2,196
fold3_room4_mix008.csv,774,1,2,-176,-2,196
fold3_room4_mix008.csv,775,1,2,-176,-2,196
fold3_room4_mix008.csv,776,1,2,-176,-2,196
fold3_room4_mix008.csv,777,1,2,-176,-2,196
fold3_room4_mix008.csv,778,1,2,-176,-2,196
fold3_room4_mix008.csv,779,1,2,-176,-2,196
fold3_room4_mix008.csv,780,1,2,-176,-2,196
fold3_room4_mix008.csv,781,1,2,-176,-2,196
fold3_room4_mix008.csv,782,1,2,-176,-2,196
fold3_room4_mix008.csv,783,1,2,-176,-2,196
fold3_room4_mix008.csv,784,1,2,-176,-2,196
fold3_room4_mix008.csv,785,1,2,-176,-2,196
fold3_room4_mix008.csv,786,1,2,-176,-2,196
fold3_room4_mix008.csv,787,1,2,-176,-2,196
fold3_room4_mix008.csv,788,1,2,-176,-2,196
fold3_room4_mix008.csv,789,1,2,-176,-2,196
fold3_room4_mix008.csv,790,1,2,-176,-2,196
fold3_room4_mix008.csv,791,1,2,-176,-2,196
fold3_room4_mix008.csv,792,1,2,-176,-2,196
fold3_room4_mix008.csv,793,1,2,-176,-2,196
fold3_room4_mix008.csv,794,1,2,-176,-2,196
fold3_room4_mix008.csv,795,1,2,-176,-2,196
fold3_room4_mix008.csv,796,1,2,-176,-2,196
fold3_room4_mix008.csv,797,1,2,-176,-2,196
fold3_room4_mix008.csv,798,1,2,-176,-2,196
fold3_room4_mix008.csv,799,1,2,-176,-2,196
fold3_room4_mix008.csv,800,1,2,-176,-2,196
fold3_room4_mix008.csv,801,1,2,-176,-2,196
fold3_room4_mix008.csv,802,1,2,-176,-2,196
fold3_room4_mix008.csv,803,1,2,-176,-2,196
fold3_room4_mix008.csv,804,1,2,-176,-2,196
fold3_room4_mix008.csv,805,1,2,-176,-2,196
fold3_room4_mix008.csv,806,1,2,-176,-2,196
fold3_room4_mix008.csv,807,1,2,-176,-2,196
fold3_room4_mix008.csv,808,1,2,-176,-2,196
fold3_room4_mix008.csv,809,1,2,-176,-2,196
fold3_room4_mix008.csv,810,1,2,-176,-2,195
fold3_room4_mix008.csv,811,1,2,-176,-2,195
fold3_room4_mix008.csv,812,1,2,-176,-2,195
fold3_room4_mix008.csv,813,1,2,-176,-2,195
fold3_room4_mix008.csv,814,1,2,-176,-2,195
fold3_room4_mix008.csv,830,1,2,-176,-2,196
fold3_room4_mix008.csv,831,1,2,-176,-2,196
fold3_room4_mix008.csv,832,1,2,-176,-2,196
fold3_room4_mix008.csv,833,1,2,-176,-2,196
fold3_room4_mix008.csv,834,1,2,-176,-2,196
fold3_room4_mix008.csv,835,1,2,-176,-2,196
fold3_room4_mix008.csv,836,1,2,-176,-2,196
fold3_room4_mix008.csv,837,1,2,-176,-2,196
fold3_room4_mix008.csv,838,1,2,-176,-2,196
fold3_room4_mix008.csv,839,1,2,-176,-2,196
fold3_room4_mix008.csv,840,1,2,-176,-2,196
fold3_room4_mix008.csv,841,1,2,-176,-2,196
fold3_room4_mix008.csv,842,1,2,-177,-2,196
fold3_room4_mix008.csv,843,1,2,-177,-3,196
fold3_room4_mix008.csv,844,1,2,-177,-3,196
fold3_room4_mix008.csv,845,1,2,-177,-3,196
fold3_room4_mix008.csv,846,1,2,-177,-3,196
fold3_room4_mix008.csv,847,1,2,-177,-3,196
fold3_room4_mix008.csv,848,1,2,-177,-3,196
fold3_room4_mix008.csv,849,1,2,-177,-3,196
fold3_room4_mix008.csv,850,1,2,-177,-3,196
fold3_room4_mix008.csv,851,1,2,-177,-3,196
fold3_room4_mix008.csv,852,1,2,-177,-2,196
fold3_room4_mix008.csv,853,1,2,-177,-2,196
fold3_room4_mix008.csv,854,1,2,-177,-2,196
fold3_room4_mix008.csv,855,1,2,-177,-2,196
fold3_room4_mix008.csv,856,1,2,-176,-2,196
fold3_room4_mix008.csv,857,1,2,-176,-2,196
fold3_room4_mix008.csv,858,1,2,-176,-2,196
fold3_room4_mix008.csv,859,1,2,-176,-2,196
fold3_room4_mix008.csv,860,1,2,-176,-2,196
fold3_room4_mix008.csv,861,1,2,-176,-2,196
fold3_room4_mix008.csv,862,1,2,-176,-2,196
fold3_room4_mix008.csv,863,1,2,-176,-2,196
fold3_room4_mix008.csv,864,1,2,-176,-2,196
fold3_room4_mix008.csv,865,1,2,-176,-2,197
fold3_room4_mix008.csv,866,1,2,-176,-2,197
fold3_room4_mix008.csv,867,1,2,-176,-2,197
fold3_room4_mix008.csv,868,1,2,-176,-2,197
fold3_room4_mix008.csv,869,1,2,-176,-2,197
fold3_room4_mix008.csv,870,1,2,-176,-2,197
fold3_room4_mix008.csv,871,1,2,-176,-2,197
fold3_room4_mix008.csv,872,1,2,-176,-2,197
fold3_room4_mix008.csv,873,1,2,-176,-2,197
fold3_room4_mix008.csv,874,1,2,-176,-2,197
fold3_room4_mix008.csv,875,1,2,-176,-2,197
fold3_room4_mix008.csv,876,1,2,-176,-2,197
fold3_room4_mix008.csv,877,1,2,-176,-2,197
fold3_room4_mix008.csv,878,1,2,-176,-2,197
fold3_room4_mix008.csv,879,1,2,-176,-2,197
fold3_room4_mix008.csv,880,1,2,-176,-2,197
fold3_room4_mix008.csv,881,1,2,-176,-2,197
fold3_room4_mix008.csv,882,1,2,-176,-2,197
fold3_room4_mix008.csv,883,1,2,-176,-2,197
fold3_room4_mix008.csv,884,1,2,-176,-2,197
fold3_room4_mix008.csv,885,1,2,-176,-2,197
fold3_room4_mix008.csv,886,1,2,-176,-2,197
fold3_room4_mix008.csv,887,1,2,-176,-2,196
fold3_room4_mix008.csv,888,1,2,-176,-2,196
fold3_room4_mix008.csv,889,1,2,-176,-2,196
fold3_room4_mix008.csv,890,1,2,-176,-2,196
fold3_room4_mix008.csv,891,1,2,-176,-2,196
fold3_room4_mix008.csv,892,1,2,-176,-2,196
fold3_room4_mix008.csv,893,1,2,-176,-2,196
fold3_room4_mix008.csv,894,1,2,-176,-2,196
fold3_room4_mix008.csv,905,1,2,-176,-2,196
fold3_room4_mix008.csv,906,1,2,-176,-2,196
fold3_room4_mix008.csv,907,1,2,-176,-2,196
fold3_room4_mix008.csv,908,1,2,-176,-2,196
fold3_room4_mix008.csv,909,1,2,-176,-2,196
fold3_room4_mix008.csv,910,1,2,-176,-2,196
fold3_room4_mix008.csv,911,1,2,-176,-2,196
fold3_room4_mix008.csv,912,1,2,-176,-2,196
fold3_room4_mix008.csv,913,1,2,-176,-2,196
fold3_room4_mix008.csv,914,1,2,-176,-2,196
fold3_room4_mix008.csv,915,1,2,-176,-2,196
fold3_room4_mix008.csv,916,1,2,-176,-2,196
fold3_room4_mix008.csv,917,1,2,-176,-2,196
fold3_room4_mix008.csv,918,1,2,-176,-2,196
fold3_room4_mix008.csv,919,1,2,-176,-2,196
fold3_room4_mix008.csv,920,1,2,-176,-2,196
fold3_room4_mix008.csv,921,1,2,-176,-2,196
fold3_room4_mix008.csv,922,1,2,-176,-2,196
fold3_room4_mix008.csv,923,1,2,-176,-2,196
fold3_room4_mix008.csv,924,1,2,-176,-2,196
fold3_room4_mix008.csv,925,1,2,-176,-2,196
fold3_room4_mix008.csv,926,1,2,-176,-2,196
fold3_room4_mix008.csv,927,1,2,-176,-2,196
fold3_room4_mix008.csv,928,1,2,-176,-2,196
fold3_room4_mix008.csv,929,1,2,-176,-2,196
fold3_room4_mix008.csv,930,1,2,-176,-2,196
fold3_room4_mix008.csv,931,1,2,-176,-2,196
fold3_room4_mix008.csv,932,1,2,-176,-2,196
fold3_room4_mix008.csv,933,1,2,-176,-2,196
fold3_room4_mix008.csv,934,1,2,-176,-2,196
fold3_room4_mix008.csv,935,1,2,-176,-2,196
fold3_room4_mix008.csv,936,1,2,-176,-2,196
fold3_room4_mix008.csv,937,1,2,-176,-2,196
fold3_room4_mix008.csv,938,1,2,-176,-2,196
fold3_room4_mix008.csv,939,1,2,-176,-2,196
fold3_room4_mix008.csv,940,1,2,-176,-2,196
fold3_room4_mix008.csv,941,1,2,-176,-2,196
fold3_room4_mix008.csv,942,1,2,-176,-2,196
fold3_room4_mix008.csv,943,1,2,-176,-2,196
fold3_room4_mix008.csv,944,1,2,-176,-2,196
fold3_room4_mix008.csv,945,1,2,-176,-2,196
fold3_room4_mix008.csv,946,1,2,-176,-2,196
fold3_room4_mix008.csv,947,1,2,-176,-2,196
fold3_room4_mix008.csv,948,1,2,-176,-2,196
fold3_room4_mix008.csv,949,1,2,-176,-2,196
fold3_room4_mix008.csv,950,1,2,-176,-2,196
fold3_room4_mix008.csv,951,1,2,-176,-2,196
fold3_room4_mix008.csv,952,1,2,-176,-2,196
fold3_room4_mix008.csv,953,1,2,-176,-2,196
fold3_room4_mix008.csv,954,1,2,-176,-2,196
fold3_room4_mix008.csv,955,1,2,-176,-2,196
fold3_room4_mix008.csv,956,1,2,-176,-2,196
fold3_room4_mix008.csv,957,1,2,-176,-2,196
fold3_room4_mix008.csv,958,1,2,-176,-2,196
fold3_room4_mix008.csv,959,1,2,-176,-2,196
fold3_room4_mix008.csv,960,1,2,-176,-2,196
fold3_room4_mix008.csv,961,1,2,-176,-2,196
fold3_room4_mix008.csv,962,1,2,-176,-2,196
fold3_room4_mix008.csv,963,1,2,-176,-2,196
fold3_room4_mix008.csv,964,1,2,-176,-2,196
fold3_room4_mix008.csv,965,1,2,-176,-2,196
fold3_room4_mix008.csv,966,1,2,-176,-2,196
fold3_room4_mix008.csv,967,1,2,-176,-2,196
fold3_room4_mix008.csv,968,1,2,-176,-2,196
fold3_room4_mix008.csv,969,1,2,-176,-2,196
fold3_room4_mix008.csv,980,1,2,-176,-2,196
fold3_room4_mix008.csv,981,1,2,-176,-2,196
fold3_room4_mix008.csv,982,1,2,-176,-2,195
fold3_room4_mix008.csv,983,1,2,-176,-2,195
fold3_room4_mix008.csv,984,1,2,-176,-2,195
fold3_room4_mix008.csv,985,1,2,-176,-2,195
fold3_room4_mix008.csv,986,1,2,-176,-2,195
fold3_room4_mix008.csv,987,1,2,-176,-2,195
fold3_room4_mix008.csv,988,1,2,-176,-2,195
fold3_room4_mix008.csv,989,1,2,-176,-2,195
fold3_room4_mix008.csv,990,1,2,-176,-2,195
fold3_room4_mix008.csv,991,1,2,-176,-2,195
fold3_room4_mix008.csv,992,1,2,-176,-2,195
fold3_room4_mix008.csv,993,1,2,-176,-2,195
fold3_room4_mix008.csv,994,1,2,-176,-2,195
fold3_room4_mix008.csv,995,1,2,-176,-2,195
fold3_room4_mix008.csv,996,1,2,-176,-2,195
fold3_room4_mix008.csv,997,1,2,-176,-2,195
fold3_room4_mix008.csv,998,1,2,-176,-2,195
fold3_room4_mix008.csv,999,1,2,-176,-2,195
fold3_room4_mix008.csv,1000,1,2,-176,-2,195
fold3_room4_mix008.csv,1001,1,2,-176,-2,195
fold3_room4_mix008.csv,1002,1,2,-176,-2,195
fold3_room4_mix008.csv,1003,1,2,-176,-2,196
fold3_room4_mix008.csv,1004,1,2,-176,-2,196
fold3_room4_mix008.csv,1005,1,2,-176,-2,195
fold3_room4_mix008.csv,1006,1,2,-176,-2,195
fold3_room4_mix008.csv,1007,1,2,-176,-2,195
fold3_room4_mix008.csv,1008,1,2,-176,-2,195
fold3_room4_mix008.csv,1009,1,2,-176,-2,195
fold3_room4_mix008.csv,1010,1,2,-176,-2,195
fold3_room4_mix008.csv,1011,1,2,-176,-2,195
fold3_room4_mix008.csv,1012,1,2,-176,-2,195
fold3_room4_mix008.csv,1013,1,2,-176,-2,195
fold3_room4_mix008.csv,1014,1,2,-176,-2,195
fold3_room4_mix008.csv,1015,1,2,-176,-2,195
fold3_room4_mix008.csv,1016,1,2,-176,-2,195
fold3_room4_mix008.csv,1017,1,2,-176,-2,195
fold3_room4_mix008.csv,1018,1,2,-176,-2,195
fold3_room4_mix008.csv,1019,1,2,-176,-2,195
fold3_room4_mix008.csv,1020,1,2,-176,-2,195
fold3_room4_mix008.csv,1021,1,2,-176,-2,195
fold3_room4_mix008.csv,1022,1,2,-176,-2,195
fold3_room4_mix008.csv,1023,1,2,-176,-2,195
fold3_room4_mix008.csv,1024,1,2,-176,-2,195
fold3_room4_mix008.csv,1025,1,2,-176,-2,196
fold3_room4_mix008.csv,1026,1,2,-176,-2,196
fold3_room4_mix008.csv,1027,1,2,-176,-2,196
fold3_room4_mix008.csv,1028,1,2,-176,-2,196
fold3_room4_mix008.csv,1029,1,2,-176,-2,196
fold3_room4_mix008.csv,1030,1,2,-176,-2,196
fold3_room4_mix008.csv,1031,1,2,-176,-2,196
fold3_room4_mix008.csv,1032,1,2,-176,-2,196
fold3_room4_mix008.csv,1033,1,2,-176,-2,196
fold3_room4_mix008.csv,1034,1,2,-176,-2,196
fold3_room4_mix008.csv,1035,1,2,-176,-2,197
fold3_room4_mix008.csv,1036,1,2,-176,-2,197
fold3_room4_mix008.csv,1037,1,2,-176,-2,197
fold3_room4_mix008.csv,1038,1,2,-176,-2,197
fold3_room4_mix008.csv,1039,1,2,-176,-2,197
fold3_room4_mix008.csv,1040,1,2,-176,-2,197
fold3_room4_mix008.csv,1041,1,2,-176,-2,197
fold3_room4_mix008.csv,1042,1,2,-176,-2,197
fold3_room4_mix008.csv,1043,1,2,-176,-2,197
fold3_room4_mix008.csv,1044,1,2,-176,-2,197
fold3_room4_mix008.csv,1045,1,2,-176,-2,197
fold3_room4_mix008.csv,1046,1,2,-176,-2,197
fold3_room4_mix008.csv,1047,1,2,-176,-2,197
fold3_room4_mix008.csv,1048,1,2,-176,-2,197
fold3_room4_mix008.csv,1049,1,2,-176,-2,197
fold3_room4_mix008.csv,1050,1,2,-176,-2,197
fold3_room4_mix008.csv,1051,1,2,-176,-2,197
fold3_room4_mix008.csv,1052,1,2,-176,-2,197
fold3_room4_mix008.csv,1053,1,2,-176,-2,197
fold3_room4_mix008.csv,1054,1,2,-176,-2,197
fold3_room4_mix008.csv,1055,1,2,-176,-2,197
fold3_room4_mix008.csv,1056,1,2,-176,-2,197
fold3_room4_mix008.csv,1057,1,2,-176,-2,197
fold3_room4_mix008.csv,1058,1,2,-176,-2,197
fold3_room4_mix008.csv,1059,1,2,-176,-2,197
fold3_room4_mix008.csv,1060,1,2,-176,-2,197
fold3_room4_mix008.csv,1061,1,2,-176,-2,197
fold3_room4_mix008.csv,1062,1,2,-176,-2,197
fold3_room4_mix008.csv,1063,1,2,-176,-2,197
fold3_room4_mix008.csv,1064,1,2,-176,-2,197
fold3_room4_mix008.csv,1065,1,2,-176,-2,197
fold3_room4_mix008.csv,1066,1,2,-176,-2,197
fold3_room4_mix008.csv,1067,1,2,-176,-2,197
fold3_room4_mix008.csv,1068,1,2,-176,-2,197
fold3_room4_mix008.csv,1069,1,2,-176,-2,197
fold3_room4_mix008.csv,1070,1,2,-176,-2,197
fold3_room4_mix008.csv,1071,1,2,-176,-2,197
fold3_room4_mix008.csv,1072,1,2,-176,-2,197
fold3_room4_mix008.csv,1073,1,2,-176,-2,197
fold3_room4_mix008.csv,1074,1,2,-176,-2,197
fold3_room4_mix008.csv,1075,1,2,-176,-2,197
fold3_room4_mix008.csv,1076,1,2,-176,-2,197
fold3_room4_mix008.csv,1077,1,2,-176,-2,197
fold3_room4_mix008.csv,1078,1,2,-176,-2,197
fold3_room4_mix008.csv,1079,1,2,-176,-2,197
fold3_room4_mix008.csv,1090,1,2,-176,-2,197
fold3_room4_mix008.csv,1091,1,2,-176,-2,197
fold3_room4_mix008.csv,1092,1,2,-176,-2,196
fold3_room4_mix008.csv,1093,1,2,-176,-2,196
fold3_room4_mix008.csv,1094,1,2,-176,-2,196
fold3_room4_mix008.csv,1095,1,2,-176,-2,196
fold3_room4_mix008.csv,1096,1,2,-176,-2,196
fold3_room4_mix008.csv,1097,1,2,-176,-2,196
fold3_room4_mix008.csv,1098,1,2,-176,-2,196
fold3_room4_mix008.csv,1099,1,2,-176,-2,196
fold3_room4_mix008.csv,1100,1,2,-176,-2,196
fold3_room4_mix008.csv,1101,1,2,-176,-2,196
fold3_room4_mix008.csv,1102,1,2,-176,-2,196
fold3_room4_mix008.csv,1103,1,2,-176,-2,196
fold3_room4_mix008.csv,1104,1,2,-176,-2,196
fold3_room4_mix008.csv,1105,1,2,-176,-2,196
fold3_room4_mix008.csv,1106,1,2,-176,-2,196
fold3_room4_mix008.csv,1107,1,2,-176,-2,196
fold3_room4_mix008.csv,1108,1,2,-176,-2,196
fold3_room4_mix008.csv,1109,1,2,-176,-2,196
fold3_room4_mix008.csv,1110,1,2,-176,-2,196
fold3_room4_mix008.csv,1111,1,2,-176,-2,196
fold3_room4_mix008.csv,1112,1,2,-176,-2,196
fold3_room4_mix008.csv,1113,1,2,-176,-2,196
fold3_room4_mix008.csv,1114,1,2,-176,-2,196
fold3_room4_mix008.csv,1115,1,2,-176,-2,196
fold3_room4_mix008.csv,1116,1,2,-176,-2,196
fold3_room4_mix008.csv,1117,1,2,-176,-2,196
fold3_room4_mix008.csv,1118,1,2,-176,-2,196
fold3_room4_mix008.csv,1119,1,2,-176,-2,196
fold3_room4_mix008.csv,1120,1,2,-175,-2,196
fold3_room4_mix008.csv,1121,1,2,-175,-2,196
fold3_room4_mix008.csv,1122,1,2,-175,-2,197
fold3_room4_mix008.csv,1123,1,2,-175,-2,197
fold3_room4_mix008.csv,1124,1,2,-174,-2,198
fold3_room4_mix008.csv,1125,1,2,-174,-2,199
fold3_room4_mix008.csv,1126,1,2,-174,-2,200
fold3_room4_mix008.csv,1127,1,2,-174,-2,201
fold3_room4_mix008.csv,1128,1,2,-174,-1,201
fold3_room4_mix008.csv,1129,1,2,-174,-1,202
fold3_room4_mix008.csv,1130,1,2,-174,-1,202
fold3_room4_mix008.csv,1131,1,2,-174,-1,202
fold3_room4_mix008.csv,1132,1,2,-174,-1,202
fold3_room4_mix008.csv,1133,1,2,-174,-1,202
fold3_room4_mix008.csv,1134,1,2,-174,-1,203
fold3_room4_mix008.csv,1135,1,2,-174,-1,203
fold3_room4_mix008.csv,1136,1,2,-174,-1,203
fold3_room4_mix008.csv,1137,1,2,-174,-1,203
fold3_room4_mix008.csv,1138,1,2,-174,-1,203
fold3_room4_mix008.csv,1139,1,2,-174,-1,203
fold3_room4_mix008.csv,1140,1,2,-174,-1,202
fold3_room4_mix008.csv,1141,1,2,-174,-1,202
fold3_room4_mix008.csv,1142,1,2,-174,-1,202
fold3_room4_mix008.csv,1143,1,2,-174,-1,202
fold3_room4_mix008.csv,1144,1,2,-174,-1,202
fold3_room4_mix008.csv,1145,1,2,-174,-2,201
fold3_room4_mix008.csv,1146,1,2,-174,-2,201
fold3_room4_mix008.csv,1147,1,2,-174,-2,200
fold3_room4_mix008.csv,1148,1,2,-174,-2,200
fold3_room4_mix008.csv,1149,1,2,-174,-2,200
fold3_room4_mix008.csv,1150,1,2,-174,-2,200
fold3_room4_mix008.csv,1151,1,2,-174,-2,200
fold3_room4_mix008.csv,1152,1,2,-174,-2,200
fold3_room4_mix008.csv,1153,1,2,-174,-2,200
fold3_room4_mix008.csv,1154,1,2,-174,-2,200
fold3_room4_mix008.csv,1165,1,2,-174,-2,200
fold3_room4_mix008.csv,1166,1,2,-174,-2,200
fold3_room4_mix008.csv,1167,1,2,-174,-2,200
fold3_room4_mix008.csv,1168,1,2,-174,-2,200
fold3_room4_mix008.csv,1169,1,2,-174,-2,200
fold3_room4_mix008.csv,1170,1,2,-174,-2,200
fold3_room4_mix008.csv,1171,1,2,-174,-2,200
fold3_room4_mix008.csv,1172,1,2,-174,-2,200
fold3_room4_mix008.csv,1173,1,2,-174,-2,200
fold3_room4_mix008.csv,1174,1,2,-174,-2,200
fold3_room4_mix008.csv,1175,1,2,-174,-2,200
fold3_room4_mix008.csv,1176,1,2,-174,-2,200
fold3_room4_mix008.csv,1177,1,2,-174,-2,200
fold3_room4_mix008.csv,1178,1,2,-174,-2,200
fold3_room4_mix008.csv,1179,1,2,-174,-2,200
fold3_room4_mix008.csv,1180,1,2,-174,-2,200
fold3_room4_mix008.csv,1181,1,2,-174,-2,200
fold3_room4_mix008.csv,1182,1,2,-174,-2,200
fold3_room4_mix008.csv,1183,1,2,-175,-2,200
fold3_room4_mix008.csv,1184,1,2,-175,-2,199
fold3_room4_mix008.csv,1185,1,2,-175,-2,199
fold3_room4_mix008.csv,1186,1,2,-175,-2,199
fold3_room4_mix008.csv,1187,1,2,-175,-2,199
fold3_room4_mix008.csv,1188,1,2,-175,-2,199
fold3_room4_mix008.csv,1189,1,2,-175,-2,199
fold3_room4_mix008.csv,1300,1,2,-176,-2,197
fold3_room4_mix008.csv,1301,1,2,-176,-2,197
fold3_room4_mix008.csv,1302,1,2,-175,-2,197
fold3_room4_mix008.csv,1303,1,2,-175,-2,197
fold3_room4_mix008.csv,1304,1,2,-175,-2,197
fold3_room4_mix008.csv,1305,1,2,-175,-2,197
fold3_room4_mix008.csv,1306,1,2,-175,-2,197
fold3_room4_mix008.csv,1307,1,2,-175,-2,197
fold3_room4_mix008.csv,1308,1,2,-175,-2,198
fold3_room4_mix008.csv,1309,1,2,-174,-2,198
fold3_room4_mix008.csv,1310,1,2,-174,-2,198
fold3_room4_mix008.csv,1311,1,2,-174,-2,198
fold3_room4_mix008.csv,1312,1,2,-174,-2,198
fold3_room4_mix008.csv,1313,1,2,-174,-2,198
fold3_room4_mix008.csv,1314,1,2,-174,-2,198
fold3_room4_mix008.csv,1315,1,2,-174,-2,198
fold3_room4_mix008.csv,1316,1,2,-174,-2,198
fold3_room4_mix008.csv,1317,1,2,-174,-2,198
fold3_room4_mix008.csv,1318,1,2,-174,-2,198
fold3_room4_mix008.csv,1319,1,2,-174,-2,198
fold3_room4_mix008.csv,1320,1,2,-174,-2,198
fold3_room4_mix008.csv,1321,1,2,-174,-2,198
fold3_room4_mix008.csv,1322,1,2,-174,-2,198
fold3_room4_mix008.csv,1323,1,2,-175,-2,198
fold3_room4_mix008.csv,1324,1,2,-175,-2,198
fold3_room4_mix008.csv,1325,1,2,-175,-2,198
fold3_room4_mix008.csv,1326,1,2,-175,-2,198
fold3_room4_mix008.csv,1327,1,2,-175,-2,198
fold3_room4_mix008.csv,1328,1,2,-175,-2,198
fold3_room4_mix008.csv,1329,1,2,-175,-2,198
fold3_room4_mix008.csv,1330,1,2,-175,-2,198
fold3_room4_mix008.csv,1331,1,2,-175,-2,198
fold3_room4_mix008.csv,1332,1,2,-175,-2,198
fold3_room4_mix008.csv,1333,1,2,-175,-2,198
fold3_room4_mix008.csv,1334,1,2,-175,-2,198
fold3_room4_mix008.csv,1335,1,2,-175,-2,198
fold3_room4_mix008.csv,1336,1,2,-175,-2,198
fold3_room4_mix008.csv,1337,1,2,-175,-2,198
fold3_room4_mix008.csv,1338,1,2,-175,-2,198
fold3_room4_mix008.csv,1339,1,2,-175,-2,198
fold3_room4_mix008.csv,1340,1,2,-175,-2,198
fold3_room4_mix008.csv,1341,1,2,-175,-2,198
fold3_room4_mix008.csv,1342,1,2,-175,-2,198
fold3_room4_mix008.csv,1343,1,2,-175,-2,198
fold3_room4_mix008.csv,1344,1,2,-175,-2,198
fold3_room4_mix008.csv,1345,1,2,-175,-2,198
fold3_room4_mix008.csv,1346,1,2,-175,-2,198
fold3_room4_mix008.csv,1347,1,2,-175,-2,198
fold3_room4_mix008.csv,1348,1,2,-175,-2,198
fold3_room4_mix008.csv,1349,1,2,-175,-2,198
fold3_room4_mix008.csv,1350,1,2,-175,-2,198
fold3_room4_mix008.csv,1351,1,2,-175,-2,198
fold3_room4_mix008.csv,1352,1,2,-175,-2,198
fold3_room4_mix008.csv,1353,1,2,-175,-2,198
fold3_room4_mix008.csv,1354,1,2,-175,-2,198
fold3_room4_mix008.csv,1355,1,2,-175,-2,198
fold3_room4_mix008.csv,1356,1,2,-175,-2,198
fold3_room4_mix008.csv,1357,1,2,-175,-2,197
fold3_room4_mix008.csv,1358,1,2,-175,-2,197
fold3_room4_mix008.csv,1359,1,2,-175,-2,197
fold3_room4_mix008.csv,1360,1,2,-175,-2,197
fold3_room4_mix008.csv,1361,1,2,-175,-2,197
fold3_room4_mix008.csv,1362,1,2,-175,-2,197
fold3_room4_mix008.csv,1363,1,2,-175,-2,197
fold3_room4_mix008.csv,1364,1,2,-175,-2,197
fold3_room4_mix008.csv,1365,1,2,-175,-2,197
fold3_room4_mix008.csv,1366,1,2,-175,-2,197
fold3_room4_mix008.csv,1367,1,2,-176,-2,197
fold3_room4_mix008.csv,1368,1,2,-177,-2,197
fold3_room4_mix008.csv,1369,1,2,-177,-2,196
fold3_room4_mix008.csv,1370,1,2,-177,-2,196
fold3_room4_mix008.csv,1371,1,2,-177,-2,196
fold3_room4_mix008.csv,1372,1,2,-177,-3,195
fold3_room4_mix008.csv,1373,1,2,-177,-3,195
fold3_room4_mix008.csv,1374,1,2,-177,-3,195
fold3_room4_mix008.csv,1375,1,2,-177,-3,195
fold3_room4_mix008.csv,1376,1,2,-176,-3,195
fold3_room4_mix008.csv,1377,1,2,-176,-3,194
fold3_room4_mix008.csv,1378,1,2,-176,-2,195
fold3_room4_mix008.csv,1379,1,2,-176,-2,195
fold3_room4_mix008.csv,1380,1,2,-176,-2,195
fold3_room4_mix008.csv,1381,1,2,-176,-2,195
fold3_room4_mix008.csv,1382,1,2,-176,-2,195
fold3_room4_mix008.csv,1383,1,2,-176,-2,195
fold3_room4_mix008.csv,1384,1,2,-176,-2,195
fold3_room4_mix008.csv,1395,1,2,-175,-2,197
fold3_room4_mix008.csv,1396,1,2,-175,-2,197
fold3_room4_mix008.csv,1397,1,2,-175,-2,197
fold3_room4_mix008.csv,1398,1,2,-175,-2,197
fold3_room4_mix008.csv,1399,1,2,-175,-2,197
fold3_room4_mix008.csv,1400,1,2,-175,-2,197
fold3_room4_mix008.csv,1401,1,2,-175,-2,197
fold3_room4_mix008.csv,1402,1,2,-175,-2,197
fold3_room4_mix008.csv,1403,1,2,-175,-2,197
fold3_room4_mix008.csv,1404,1,2,-175,-2,197
fold3_room4_mix008.csv,1405,1,2,-175,-2,197
fold3_room4_mix008.csv,1406,1,2,-175,-2,197
fold3_room4_mix008.csv,1407,1,2,-175,-2,197
fold3_room4_mix008.csv,1408,1,2,-175,-2,197
fold3_room4_mix008.csv,1409,1,2,-175,-2,197
fold3_room4_mix008.csv,1410,1,2,-175,-2,197
fold3_room4_mix008.csv,1411,1,2,-175,-2,197
fold3_room4_mix008.csv,1412,1,2,-175,-2,197
fold3_room4_mix008.csv,1413,1,2,-175,-2,197
fold3_room4_mix008.csv,1414,1,2,-175,-2,197
fold3_room4_mix008.csv,1415,1,2,-175,-2,197
fold3_room4_mix008.csv,1416,1,2,-175,-2,197
fold3_room4_mix008.csv,1417,1,2,-175,-2,197
fold3_room4_mix008.csv,1418,1,2,-175,-2,197
fold3_room4_mix008.csv,1419,1,2,-175,-2,197
fold3_room4_mix008.csv,1420,1,2,-175,-2,197
fold3_room4_mix008.csv,1421,1,2,-175,-2,197
fold3_room4_mix008.csv,1422,1,2,-175,-2,197
fold3_room4_mix008.csv,1423,1,2,-175,-2,197
fold3_room4_mix008.csv,1424,1,2,-175,-2,197
fold3_room4_mix008.csv,1425,1,2,-175,-2,197
fold3_room4_mix008.csv,1426,1,2,-175,-2,196
fold3_room4_mix008.csv,1427,1,2,-175,-2,196
fold3_room4_mix008.csv,1428,1,2,-176,-2,196
fold3_room4_mix008.csv,1429,1,2,-176,-2,196
fold3_room4_mix008.csv,1430,1,2,-176,-2,196
fold3_room4_mix008.csv,1431,1,2,-177,-2,196
fold3_room4_mix008.csv,1432,1,2,-177,-2,197
fold3_room4_mix008.csv,1433,1,2,-177,-2,197
fold3_room4_mix008.csv,1434,1,2,-177,-2,197
fold3_room4_mix008.csv,1435,1,2,-177,-2,197
fold3_room4_mix008.csv,1436,1,2,-177,-2,197
fold3_room4_mix008.csv,1437,1,2,-177,-2,197
fold3_room4_mix008.csv,1438,1,2,-177,-2,197
fold3_room4_mix008.csv,1439,1,2,-177,-2,197
fold3_room4_mix008.csv,1440,1,2,-177,-2,197
fold3_room4_mix008.csv,1441,1,2,-177,-2,197
fold3_room4_mix008.csv,1442,1,2,-177,-2,197
fold3_room4_mix008.csv,1443,1,2,-177,-2,197
fold3_room4_mix008.csv,1444,1,2,-176,-2,196
fold3_room4_mix008.csv,1445,1,2,-176,-2,196
fold3_room4_mix008.csv,1446,1,2,-176,-2,196
fold3_room4_mix008.csv,1447,1,2,-175,-2,196
fold3_room4_mix008.csv,1448,1,2,-175,-2,196
fold3_room4_mix008.csv,1449,1,2,-175,-2,197
fold3_room4_mix008.csv,1450,1,2,-175,-2,197
fold3_room4_mix008.csv,1451,1,2,-175,-2,197
fold3_room4_mix008.csv,1452,1,2,-175,-2,197
fold3_room4_mix008.csv,1453,1,2,-175,-2,197
fold3_room4_mix008.csv,1454,1,2,-175,-2,197
fold3_room4_mix008.csv,1455,1,2,-175,-2,197
fold3_room4_mix008.csv,1456,1,2,-175,-2,197
fold3_room4_mix008.csv,1457,1,2,-175,-2,197
fold3_room4_mix008.csv,1458,1,2,-175,-2,197
fold3_room4_mix008.csv,1459,1,2,-175,-2,197
fold3_room4_mix008.csv,1460,1,2,-175,-2,197
fold3_room4_mix008.csv,1461,1,2,-175,-2,197
fold3_room4_mix008.csv,1462,1,2,-175,-2,197
fold3_room4_mix008.csv,1463,1,2,-175,-2,197
fold3_room4_mix008.csv,1464,1,2,-175,-2,197
fold3_room4_mix008.csv,1465,1,2,-175,-2,197
fold3_room4_mix008.csv,1466,1,2,-175,-2,197
fold3_room4_mix008.csv,1467,1,2,-175,-2,197
fold3_room4_mix008.csv,1468,1,2,-175,-2,197
fold3_room4_mix008.csv,1469,1,2,-175,-2,197
fold3_room4_mix008.csv,1475,1,2,-175,-2,197
fold3_room4_mix008.csv,1476,1,2,-175,-2,197
fold3_room4_mix008.csv,1477,1,2,-175,-2,197
fold3_room4_mix008.csv,1478,1,2,-175,-2,197
fold3_room4_mix008.csv,1479,1,2,-176,-2,197
fold3_room4_mix008.csv,1480,1,2,-176,-2,197
fold3_room4_mix008.csv,1481,1,2,-176,-2,197
fold3_room4_mix008.csv,1482,1,2,-176,-2,197
fold3_room4_mix008.csv,1483,1,2,-176,-2,197
fold3_room4_mix008.csv,1484,1,2,-176,-2,197
fold3_room4_mix008.csv,1485,1,2,-176,-2,197
fold3_room4_mix008.csv,1486,1,2,-176,-2,197
fold3_room4_mix008.csv,1487,1,2,-176,-2,197
fold3_room4_mix008.csv,1488,1,2,-176,-2,197
fold3_room4_mix008.csv,1489,1,2,-176,-2,197
fold3_room4_mix008.csv,1490,1,2,-176,-2,197
fold3_room4_mix008.csv,1491,1,2,-176,-2,197
fold3_room4_mix008.csv,1492,1,2,-176,-2,197
fold3_room4_mix008.csv,1493,1,2,-176,-2,197
fold3_room4_mix008.csv,1494,1,2,-176,-2,197
fold3_room4_mix008.csv,1495,1,2,-176,-2,197
fold3_room4_mix008.csv,1496,1,2,-176,-2,197
fold3_room4_mix008.csv,1497,1,2,-176,-2,197
fold3_room4_mix008.csv,1498,1,2,-176,-2,197
fold3_room4_mix008.csv,1499,1,2,-176,-2,197
fold3_room4_mix008.csv,1500,1,2,-176,-2,197
fold3_room4_mix008.csv,1501,1,2,-175,-2,197
fold3_room4_mix008.csv,1502,1,2,-175,-2,197
fold3_room4_mix008.csv,1503,1,2,-175,-2,197
fold3_room4_mix008.csv,1504,1,2,-176,-2,197
fold3_room4_mix008.csv,1505,1,2,-176,-2,197
fold3_room4_mix008.csv,1506,1,2,-176,-2,197
fold3_room4_mix008.csv,1507,1,2,-176,-2,197
fold3_room4_mix008.csv,1508,1,2,-176,-2,197
fold3_room4_mix008.csv,1509,1,2,-176,-2,197
fold3_room4_mix008.csv,1515,1,2,-176,-2,197
fold3_room4_mix008.csv,1516,1,2,-176,-2,197
fold3_room4_mix008.csv,1517,1,2,-176,-2,197
fold3_room4_mix008.csv,1518,1,2,-176,-2,197
fold3_room4_mix008.csv,1519,1,2,-176,-2,197
fold3_room4_mix008.csv,1520,1,2,-176,-2,197
fold3_room4_mix008.csv,1521,1,2,-176,-2,197
fold3_room4_mix008.csv,1522,1,2,-176,-2,197
fold3_room4_mix008.csv,1523,1,2,-176,-2,197
fold3_room4_mix008.csv,1524,1,2,-176,-2,198
fold3_room4_mix008.csv,1525,1,2,-176,-2,198
fold3_room4_mix008.csv,1526,1,2,-176,-2,198
fold3_room4_mix008.csv,1527,1,2,-176,-2,198
fold3_room4_mix008.csv,1528,1,2,-176,-2,198
fold3_room4_mix008.csv,1529,1,2,-176,-2,198
fold3_room4_mix008.csv,1530,1,2,-176,-2,198
fold3_room4_mix008.csv,1531,1,2,-176,-2,198
fold3_room4_mix008.csv,1532,1,2,-176,-2,198
fold3_room4_mix008.csv,1533,1,2,-176,-2,198
fold3_room4_mix008.csv,1534,1,2,-176,-2,198
fold3_room4_mix008.csv,1535,1,2,-176,-2,198
fold3_room4_mix008.csv,1536,1,2,-176,-2,198
fold3_room4_mix008.csv,1537,1,2,-176,-2,198
fold3_room4_mix008.csv,1538,1,2,-176,-2,198
fold3_room4_mix008.csv,1539,1,2,-176,-2,198
fold3_room4_mix008.csv,1540,1,2,-176,-2,198
fold3_room4_mix008.csv,1541,1,2,-176,-2,198
fold3_room4_mix008.csv,1542,1,2,-176,-2,197
fold3_room4_mix008.csv,1543,1,2,-176,-2,197
fold3_room4_mix008.csv,1544,1,2,-176,-2,197
fold3_room4_mix008.csv,1545,1,2,-176,-2,197
fold3_room4_mix008.csv,1546,1,2,-176,-2,198
fold3_room4_mix008.csv,1547,1,2,-176,-2,198
fold3_room4_mix008.csv,1548,1,2,-176,-2,198
fold3_room4_mix008.csv,1549,1,2,-176,-2,198
fold3_room4_mix008.csv,1550,1,2,-176,-2,198
fold3_room4_mix008.csv,1551,1,2,-176,-2,197
fold3_room4_mix008.csv,1552,1,2,-176,-2,197
fold3_room4_mix008.csv,1553,1,2,-176,-2,197
fold3_room4_mix008.csv,1554,1,2,-176,-2,197
fold3_room4_mix008.csv,1555,1,2,-176,-2,197
fold3_room4_mix008.csv,1556,1,2,-176,-2,197
fold3_room4_mix008.csv,1557,1,2,-176,-2,197
fold3_room4_mix008.csv,1558,1,2,-176,-2,197
fold3_room4_mix008.csv,1559,1,2,-176,-2,198
fold3_room4_mix008.csv,1560,1,2,-176,-2,198
fold3_room4_mix008.csv,1561,1,2,-176,-2,198
fold3_room4_mix008.csv,1562,1,2,-176,-2,198
fold3_room4_mix008.csv,1563,1,2,-176,-2,198
fold3_room4_mix008.csv,1564,1,2,-176,-2,198
fold3_room4_mix008.csv,1565,1,2,-176,-2,197
fold3_room4_mix008.csv,1566,1,2,-175,-2,197
fold3_room4_mix008.csv,1567,1,2,-175,-2,197
fold3_room4_mix008.csv,1568,1,2,-175,-2,197
fold3_room4_mix008.csv,1569,1,2,-175,-2,197
fold3_room4_mix008.csv,1570,1,2,-175,-2,197
fold3_room4_mix008.csv,1571,1,2,-175,-2,196
fold3_room4_mix008.csv,1572,1,2,-175,-2,196
fold3_room4_mix008.csv,1573,1,2,-175,-2,196
fold3_room4_mix008.csv,1574,1,2,-175,-2,196
fold3_room4_mix008.csv,1575,1,2,-175,-2,197
fold3_room4_mix008.csv,1576,1,2,-175,-2,197
fold3_room4_mix008.csv,1577,1,2,-175,-2,197
fold3_room4_mix008.csv,1578,1,2,-175,-2,197
fold3_room4_mix008.csv,1579,1,2,-175,-2,197
fold3_room4_mix008.csv,1580,1,2,-175,-2,197
fold3_room4_mix008.csv,1581,1,2,-175,-2,197
fold3_room4_mix008.csv,1582,1,2,-175,-2,197
fold3_room4_mix008.csv,1583,1,2,-175,-2,197
fold3_room4_mix008.csv,1584,1,2,-175,-2,197
fold3_room4_mix008.csv,1585,1,2,-175,-2,197
fold3_room4_mix008.csv,1586,1,2,-175,-2,197
fold3_room4_mix008.csv,1587,1,2,-176,-2,197
fold3_room4_mix008.csv,1588,1,2,-176,-2,197
fold3_room4_mix008.csv,1589,1,2,-176,-2,197
fold3_room4_mix008.csv,1590,1,2,-176,-2,197
fold3_room4_mix008.csv,1591,1,2,-176,-2,197
fold3_room4_mix008.csv,1592,1,2,-176,-2,197
fold3_room4_mix008.csv,1593,1,2,-176,-2,198
fold3_room4_mix008.csv,1594,1,2,-176,-2,198
fold3_room4_mix008.csv,1595,1,2,-176,-2,198
fold3_room4_mix008.csv,1596,1,2,-176,-2,197
fold3_room4_mix008.csv,1597,1,2,-176,-2,197
fold3_room4_mix008.csv,1598,1,2,-176,-2,197
fold3_room4_mix008.csv,1599,1,2,-176,-2,197
fold3_room4_mix008.csv,1600,1,2,-176,-2,197
fold3_room4_mix008.csv,1601,1,2,-176,-2,197
fold3_room4_mix008.csv,1602,1,2,-176,-2,197
fold3_room4_mix008.csv,1603,1,2,-176,-2,196
fold3_room4_mix008.csv,1604,1,2,-176,-2,196
fold3_room4_mix008.csv,1605,1,2,-176,-2,196
fold3_room4_mix008.csv,1606,1,2,-177,-2,196
fold3_room4_mix008.csv,1607,1,2,-177,-2,196
fold3_room4_mix008.csv,1608,1,2,-177,-2,196
fold3_room4_mix008.csv,1609,1,2,-177,-2,196
fold3_room4_mix008.csv,1610,1,2,-176,-2,196
fold3_room4_mix008.csv,1611,1,2,-176,-2,196
fold3_room4_mix008.csv,1612,1,2,-176,-2,196
fold3_room4_mix008.csv,1613,1,2,-176,-2,196
fold3_room4_mix008.csv,1614,1,2,-177,-2,196
fold3_room6_mix001.csv,50,1,2,-109,-7,230
fold3_room6_mix001.csv,51,1,2,-109,-7,230
fold3_room6_mix001.csv,52,1,2,-109,-7,230
fold3_room6_mix001.csv,53,1,2,-109,-7,230
fold3_room6_mix001.csv,54,1,2,-109,-7,230
fold3_room6_mix001.csv,55,1,2,-109,-7,230
fold3_room6_mix001.csv,56,1,2,-109,-7,231
fold3_room6_mix001.csv,57,1,2,-109,-7,231
fold3_room6_mix001.csv,58,1,2,-109,-7,231
fold3_room6_mix001.csv,59,1,2,-109,-7,231
fold3_room6_mix001.csv,60,1,2,-109,-7,231
fold3_room6_mix001.csv,61,1,2,-109,-7,231
fold3_room6_mix001.csv,62,1,2,-109,-7,231
fold3_room6_mix001.csv,63,1,2,-109,-7,231
fold3_room6_mix001.csv,64,1,2,-109,-7,231
fold3_room6_mix001.csv,65,1,2,-109,-7,231
fold3_room6_mix001.csv,66,1,2,-109,-7,231
fold3_room6_mix001.csv,67,1,2,-109,-7,231
fold3_room6_mix001.csv,68,1,2,-109,-7,231
fold3_room6_mix001.csv,69,1,2,-109,-7,231
fold3_room6_mix001.csv,70,1,2,-109,-7,231
fold3_room6_mix001.csv,71,1,2,-109,-7,231
fold3_room6_mix001.csv,72,1,2,-109,-7,231
fold3_room6_mix001.csv,73,1,2,-109,-7,231
fold3_room6_mix001.csv,74,1,2,-109,-7,231
fold3_room6_mix001.csv,75,1,2,-109,-7,231
fold3_room6_mix001.csv,76,1,2,-109,-7,230
fold3_room6_mix001.csv,77,1,2,-109,-7,230
fold3_room6_mix001.csv,78,1,2,-109,-7,230
fold3_room6_mix001.csv,79,1,2,-109,-7,230
fold3_room6_mix001.csv,80,1,2,-109,-7,230
fold3_room6_mix001.csv,81,1,2,-109,-7,230
fold3_room6_mix001.csv,82,1,2,-109,-7,230
fold3_room6_mix001.csv,83,1,2,-109,-7,230
fold3_room6_mix001.csv,84,1,2,-109,-7,230
fold3_room6_mix001.csv,85,1,2,-109,-7,230
fold3_room6_mix001.csv,86,1,2,-109,-7,230
fold3_room6_mix001.csv,87,1,2,-109,-7,230
fold3_room6_mix001.csv,88,1,2,-109,-7,230
fold3_room6_mix001.csv,89,1,2,-109,-7,230
fold3_room6_mix001.csv,90,1,2,-109,-7,231
fold3_room6_mix001.csv,91,1,2,-109,-7,231
fold3_room6_mix001.csv,92,1,2,-109,-7,231
fold3_room6_mix001.csv,93,1,2,-109,-7,231
fold3_room6_mix001.csv,94,1,2,-109,-7,231
fold3_room6_mix001.csv,95,1,2,-109,-7,231
fold3_room6_mix001.csv,96,1,2,-109,-7,231
fold3_room6_mix001.csv,97,1,2,-109,-7,231
fold3_room6_mix001.csv,98,1,2,-109,-7,231
fold3_room6_mix001.csv,99,1,2,-109,-7,231
fold3_room6_mix001.csv,100,1,2,-109,-7,231
fold3_room6_mix001.csv,101,1,2,-109,-7,231
fold3_room6_mix001.csv,102,1,2,-109,-7,231
fold3_room6_mix001.csv,103,1,2,-109,-7,231
fold3_room6_mix001.csv,104,1,2,-109,-7,231
fold3_room6_mix001.csv,105,1,2,-109,-7,231
fold3_room6_mix001.csv,106,1,2,-109,-7,231
fold3_room6_mix001.csv,107,1,2,-109,-7,231
fold3_room6_mix001.csv,108,1,2,-109,-7,231
fold3_room6_mix001.csv,109,1,2,-109,-7,231
fold3_room6_mix001.csv,110,1,2,-109,-7,231
fold3_room6_mix001.csv,111,1,2,-109,-7,231
fold3_room6_mix001.csv,112,1,2,-109,-7,231
fold3_room6_mix001.csv,113,1,2,-109,-7,231
fold3_room6_mix001.csv,114,1,2,-109,-7,231
fold3_room6_mix001.csv,115,1,2,-109,-7,230
fold3_room6_mix001.csv,116,1,2,-109,-7,230
fold3_room6_mix001.csv,117,1,2,-109,-7,230
fold3_room6_mix001.csv,118,1,2,-109,-7,230
fold3_room6_mix001.csv,119,1,2,-109,-7,230
fold3_room6_mix001.csv,120,1,2,-109,-7,230
fold3_room6_mix001.csv,121,1,2,-109,-7,230
fold3_room6_mix001.csv,122,1,2,-109,-7,230
fold3_room6_mix001.csv,123,1,2,-109,-7,229
fold3_room6_mix001.csv,124,1,2,-109,-7,229
fold3_room6_mix001.csv,125,1,2,-109,-7,229
fold3_room6_mix001.csv,126,1,2,-109,-7,229
fold3_room6_mix001.csv,127,1,2,-109,-7,229
fold3_room6_mix001.csv,128,1,2,-109,-7,229
fold3_room6_mix001.csv,129,1,2,-109,-7,229
fold3_room6_mix001.csv,130,1,2,-109,-7,229
fold3_room6_mix001.csv,131,1,2,-109,-7,229
fold3_room6_mix001.csv,132,1,2,-109,-7,229
fold3_room6_mix001.csv,133,1,2,-109,-7,229
fold3_room6_mix001.csv,134,1,2,-109,-7,229
fold3_room6_mix001.csv,190,1,2,-109,-7,229
fold3_room6_mix001.csv,191,1,2,-109,-7,229
fold3_room6_mix001.csv,192,1,2,-109,-7,229
fold3_room6_mix001.csv,193,1,2,-109,-7,229
fold3_room6_mix001.csv,194,1,2,-109,-7,229
fold3_room6_mix001.csv,195,1,2,-109,-7,229
fold3_room6_mix001.csv,196,1,2,-109,-7,229
fold3_room6_mix001.csv,197,1,2,-109,-7,229
fold3_room6_mix001.csv,198,1,2,-109,-7,229
fold3_room6_mix001.csv,199,1,2,-109,-7,229
fold3_room6_mix001.csv,200,1,2,-109,-7,228
fold3_room6_mix001.csv,201,1,2,-109,-7,228
fold3_room6_mix001.csv,202,1,2,-109,-8,227
fold3_room6_mix001.csv,203,1,2,-109,-8,226
fold3_room6_mix001.csv,204,1,2,-109,-8,226
fold3_room6_mix001.csv,205,1,2,-109,-8,226
fold3_room6_mix001.csv,206,1,2,-109,-8,226
fold3_room6_mix001.csv,207,1,2,-109,-8,226
fold3_room6_mix001.csv,208,1,2,-109,-8,226
fold3_room6_mix001.csv,209,1,2,-109,-8,226
fold3_room6_mix001.csv,225,1,2,-109,-8,224
fold3_room6_mix001.csv,226,1,2,-109,-8,224
fold3_room6_mix001.csv,227,1,2,-109,-8,224
fold3_room6_mix001.csv,228,1,2,-109,-8,223
fold3_room6_mix001.csv,229,1,2,-109,-8,223
fold3_room6_mix001.csv,245,1,2,-110,-8,226
fold3_room6_mix001.csv,246,1,2,-110,-8,226
fold3_room6_mix001.csv,247,1,2,-110,-8,226
fold3_room6_mix001.csv,248,1,2,-110,-8,225
fold3_room6_mix001.csv,249,1,2,-110,-8,225
fold3_room6_mix001.csv,250,1,2,-110,-8,224
fold3_room6_mix001.csv,251,1,2,-110,-8,224
fold3_room6_mix001.csv,252,1,2,-110,-8,224
fold3_room6_mix001.csv,253,1,2,-110,-8,223
fold3_room6_mix001.csv,254,1,2,-110,-8,223
fold3_room6_mix001.csv,255,1,2,-110,-8,224
fold3_room6_mix001.csv,256,1,2,-110,-8,224
fold3_room6_mix001.csv,257,1,2,-110,-8,224
fold3_room6_mix001.csv,258,1,2,-110,-8,224
fold3_room6_mix001.csv,259,1,2,-110,-8,224
fold3_room6_mix001.csv,290,1,2,-110,-7,230
fold3_room6_mix001.csv,291,1,2,-110,-7,230
fold3_room6_mix001.csv,292,1,2,-110,-7,231
fold3_room6_mix001.csv,293,1,2,-110,-7,231
fold3_room6_mix001.csv,294,1,2,-109,-7,232
fold3_room6_mix001.csv,295,1,2,-109,-7,233
fold3_room6_mix001.csv,296,1,2,-109,-7,233
fold3_room6_mix001.csv,297,1,2,-109,-7,233
fold3_room6_mix001.csv,298,1,2,-109,-7,234
fold3_room6_mix001.csv,299,1,2,-109,-7,234
fold3_room6_mix001.csv,300,1,2,-109,-7,234
fold3_room6_mix001.csv,301,1,2,-109,-7,234
fold3_room6_mix001.csv,302,1,2,-109,-7,234
fold3_room6_mix001.csv,303,1,2,-109,-7,234
fold3_room6_mix001.csv,304,1,2,-109,-7,234
fold3_room6_mix001.csv,305,1,2,-109,-7,234
fold3_room6_mix001.csv,306,1,2,-109,-7,234
fold3_room6_mix001.csv,307,1,2,-109,-7,234
fold3_room6_mix001.csv,308,1,2,-109,-7,233
fold3_room6_mix001.csv,309,1,2,-109,-7,233
fold3_room6_mix001.csv,310,1,2,-109,-7,232
fold3_room6_mix001.csv,311,1,2,-109,-7,232
fold3_room6_mix001.csv,312,1,2,-110,-7,231
fold3_room6_mix001.csv,313,1,2,-110,-7,231
fold3_room6_mix001.csv,314,1,2,-110,-7,231
fold3_room6_mix001.csv,315,1,2,-110,-7,230
fold3_room6_mix001.csv,316,1,2,-110,-7,230
fold3_room6_mix001.csv,317,1,2,-110,-7,230
fold3_room6_mix001.csv,318,1,2,-110,-7,230
fold3_room6_mix001.csv,319,1,2,-110,-7,230
fold3_room6_mix001.csv,320,1,2,-110,-7,230
fold3_room6_mix001.csv,321,1,2,-110,-7,230
fold3_room6_mix001.csv,322,1,2,-110,-7,230
fold3_room6_mix001.csv,323,1,2,-110,-7,230
fold3_room6_mix001.csv,324,1,2,-110,-7,230
fold3_room6_mix001.csv,325,1,2,-110,-7,231
fold3_room6_mix001.csv,326,1,2,-110,-7,231
fold3_room6_mix001.csv,327,1,2,-110,-7,230
fold3_room6_mix001.csv,328,1,2,-110,-7,230
fold3_room6_mix001.csv,329,1,2,-110,-7,231
fold3_room6_mix001.csv,330,1,2,-110,-7,230
fold3_room6_mix001.csv,331,1,2,-110,-7,230
fold3_room6_mix001.csv,332,1,2,-110,-7,230
fold3_room6_mix001.csv,333,1,2,-109,-7,229
fold3_room6_mix001.csv,334,1,2,-110,-7,230
fold3_room6_mix001.csv,335,1,2,-110,-7,228
fold3_room6_mix001.csv,336,1,2,-110,-7,228
fold3_room6_mix001.csv,337,1,2,-110,-7,230
fold3_room6_mix001.csv,338,1,2,-110,-7,228
fold3_room6_mix001.csv,339,1,2,-110,-7,228
fold3_room6_mix001.csv,350,1,2,-110,-7,228
fold3_room6_mix001.csv,351,1,2,-110,-7,228
fold3_room6_mix001.csv,352,1,2,-110,-7,229
fold3_room6_mix001.csv,353,1,2,-110,-7,228
fold3_room6_mix001.csv,354,1,2,-110,-7,228
fold3_room6_mix001.csv,355,1,2,-110,-7,230
fold3_room6_mix001.csv,356,1,2,-110,-7,229
fold3_room6_mix001.csv,357,1,2,-110,-7,228
fold3_room6_mix001.csv,358,1,2,-110,-7,230
fold3_room6_mix001.csv,359,1,2,-110,-7,230
fold3_room6_mix001.csv,360,1,2,-110,-7,228
fold3_room6_mix001.csv,361,1,2,-110,-7,229
fold3_room6_mix001.csv,362,1,2,-110,-7,229
fold3_room6_mix001.csv,363,1,2,-110,-7,229
fold3_room6_mix001.csv,364,1,2,-110,-7,230
fold3_room6_mix001.csv,365,1,2,-110,-7,230
fold3_room6_mix001.csv,366,1,2,-110,-7,230
fold3_room6_mix001.csv,367,1,2,-110,-7,229
fold3_room6_mix001.csv,368,1,2,-110,-7,230
fold3_room6_mix001.csv,369,1,2,-110,-7,230
fold3_room6_mix001.csv,380,1,2,-110,-7,229
fold3_room6_mix001.csv,381,1,2,-110,-7,229
fold3_room6_mix001.csv,382,1,2,-110,-7,228
fold3_room6_mix001.csv,383,1,2,-110,-8,226
fold3_room6_mix001.csv,384,1,2,-110,-8,225
fold3_room6_mix001.csv,385,1,2,-110,-8,224
fold3_room6_mix001.csv,386,1,2,-110,-8,224
fold3_room6_mix001.csv,387,1,2,-111,-8,224
fold3_room6_mix001.csv,388,1,2,-110,-8,226
fold3_room6_mix001.csv,389,1,2,-110,-8,227
fold3_room6_mix001.csv,390,1,2,-110,-7,228
fold3_room6_mix001.csv,391,1,2,-110,-7,229
fold3_room6_mix001.csv,392,1,2,-109,-7,229
fold3_room6_mix001.csv,393,1,2,-109,-7,229
fold3_room6_mix001.csv,394,1,2,-109,-7,229
fold3_room6_mix001.csv,395,1,2,-109,-7,229
fold3_room6_mix001.csv,396,1,2,-109,-7,229
fold3_room6_mix001.csv,397,1,2,-109,-7,229
fold3_room6_mix001.csv,398,1,2,-109,-7,229
fold3_room6_mix001.csv,399,1,2,-109,-7,229
fold3_room6_mix001.csv,400,1,2,-109,-7,229
fold3_room6_mix001.csv,401,1,2,-109,-7,229
fold3_room6_mix001.csv,402,1,2,-109,-7,229
fold3_room6_mix001.csv,403,1,2,-109,-7,229
fold3_room6_mix001.csv,404,1,2,-109,-7,229
fold3_room6_mix001.csv,595,1,2,-112,-8,223
fold3_room6_mix001.csv,596,1,2,-112,-8,223
fold3_room6_mix001.csv,597,1,2,-111,-8,223
fold3_room6_mix001.csv,598,1,2,-111,-8,223
fold3_room6_mix001.csv,599,1,2,-111,-8,223
fold3_room6_mix001.csv,600,1,2,-111,-8,224
fold3_room6_mix001.csv,601,1,2,-111,-8,224
fold3_room6_mix001.csv,602,1,2,-111,-8,224
fold3_room6_mix001.csv,603,1,2,-112,-8,224
fold3_room6_mix001.csv,604,1,2,-112,-8,224
fold3_room6_mix001.csv,605,1,2,-112,-8,224
fold3_room6_mix001.csv,606,1,2,-112,-8,224
fold3_room6_mix001.csv,607,1,2,-112,-8,224
fold3_room6_mix001.csv,608,1,2,-112,-8,224
fold3_room6_mix001.csv,609,1,2,-112,-8,224
fold3_room6_mix001.csv,610,1,2,-112,-8,225
fold3_room6_mix001.csv,611,1,2,-112,-8,225
fold3_room6_mix001.csv,612,1,2,-112,-8,225
fold3_room6_mix001.csv,613,1,2,-112,-8,225
fold3_room6_mix001.csv,614,1,2,-112,-8,225
fold3_room6_mix001.csv,615,1,2,-112,-8,226
fold3_room6_mix001.csv,616,1,2,-112,-8,226
fold3_room6_mix001.csv,617,1,2,-112,-8,226
fold3_room6_mix001.csv,618,1,2,-112,-8,226
fold3_room6_mix001.csv,619,1,2,-112,-8,226
fold3_room6_mix001.csv,920,1,2,-109,-7,233
fold3_room6_mix001.csv,921,1,2,-109,-7,232
fold3_room6_mix001.csv,922,1,2,-109,-7,233
fold3_room6_mix001.csv,923,1,2,-109,-7,233
fold3_room6_mix001.csv,924,1,2,-109,-7,234
fold3_room6_mix001.csv,925,1,2,-109,-7,234
fold3_room6_mix001.csv,926,1,2,-109,-7,233
fold3_room6_mix001.csv,927,1,2,-109,-7,233
fold3_room6_mix001.csv,928,1,2,-109,-7,233
fold3_room6_mix001.csv,929,1,2,-109,-7,233
fold3_room6_mix001.csv,930,1,2,-109,-7,233
fold3_room6_mix001.csv,931,1,2,-109,-7,233
fold3_room6_mix001.csv,932,1,2,-109,-7,232
fold3_room6_mix001.csv,933,1,2,-109,-7,232
fold3_room6_mix001.csv,934,1,2,-109,-7,232
fold3_room6_mix001.csv,935,1,2,-109,-7,232
fold3_room6_mix001.csv,936,1,2,-109,-7,232
fold3_room6_mix001.csv,937,1,2,-109,-7,232
fold3_room6_mix001.csv,938,1,2,-109,-7,232
fold3_room6_mix001.csv,939,1,2,-109,-7,232
fold3_room6_mix001.csv,965,1,2,-111,-7,229
fold3_room6_mix001.csv,966,1,2,-111,-7,229
fold3_room6_mix001.csv,967,1,2,-111,-7,229
fold3_room6_mix001.csv,968,1,2,-111,-7,228
fold3_room6_mix001.csv,969,1,2,-111,-7,229
fold3_room6_mix001.csv,970,1,2,-110,-7,228
fold3_room6_mix001.csv,971,1,2,-110,-7,229
fold3_room6_mix001.csv,972,1,2,-110,-7,229
fold3_room6_mix001.csv,973,1,2,-110,-7,228
fold3_room6_mix001.csv,974,1,2,-110,-7,228
fold3_room6_mix001.csv,975,1,2,-110,-8,227
fold3_room6_mix001.csv,976,1,2,-110,-8,226
fold3_room6_mix001.csv,977,1,2,-110,-8,226
fold3_room6_mix001.csv,978,1,2,-111,-8,227
fold3_room6_mix001.csv,979,1,2,-110,-7,227
fold3_room6_mix001.csv,980,1,2,-109,-7,228
fold3_room6_mix001.csv,981,1,2,-109,-7,229
fold3_room6_mix001.csv,982,1,2,-110,-7,228
fold3_room6_mix001.csv,983,1,2,-111,-7,228
fold3_room6_mix001.csv,984,1,2,-111,-7,228
fold3_room6_mix001.csv,990,1,2,-110,-7,229
fold3_room6_mix001.csv,991,1,2,-110,-7,229
fold3_room6_mix001.csv,992,1,2,-110,-7,229
fold3_room6_mix001.csv,993,1,2,-110,-7,229
fold3_room6_mix001.csv,994,1,2,-110,-7,229
fold3_room6_mix001.csv,995,1,2,-110,-7,229
fold3_room6_mix001.csv,996,1,2,-110,-7,229
fold3_room6_mix001.csv,997,1,2,-109,-7,228
fold3_room6_mix001.csv,998,1,2,-110,-7,227
fold3_room6_mix001.csv,999,1,2,-110,-7,227
fold3_room6_mix001.csv,1000,1,2,-110,-8,227
fold3_room6_mix001.csv,1001,1,2,-110,-8,227
fold3_room6_mix001.csv,1002,1,2,-110,-8,226
fold3_room6_mix001.csv,1003,1,2,-109,-8,226
fold3_room6_mix001.csv,1004,1,2,-109,-8,226
fold3_room6_mix001.csv,1290,1,2,-111,-8,224
fold3_room6_mix001.csv,1291,1,2,-111,-8,225
fold3_room6_mix001.csv,1292,1,2,-111,-8,227
fold3_room6_mix001.csv,1293,1,2,-111,-7,228
fold3_room6_mix001.csv,1294,1,2,-111,-7,228
fold3_room6_mix001.csv,1295,1,2,-111,-8,227
fold3_room6_mix001.csv,1296,1,2,-111,-8,225
fold3_room6_mix001.csv,1297,1,2,-111,-8,225
fold3_room6_mix001.csv,1298,1,2,-111,-8,226
fold3_room6_mix001.csv,1299,1,2,-111,-7,228
fold3_room6_mix001.csv,1300,1,2,-111,-7,229
fold3_room6_mix001.csv,1301,1,2,-111,-7,229
fold3_room6_mix001.csv,1302,1,2,-111,-8,227
fold3_room6_mix001.csv,1303,1,2,-111,-8,226
fold3_room6_mix001.csv,1304,1,2,-111,-8,227
fold3_room6_mix001.csv,1355,1,2,-110,-7,228
fold3_room6_mix001.csv,1356,1,2,-110,-7,229
fold3_room6_mix001.csv,1357,1,2,-110,-7,229
fold3_room6_mix001.csv,1358,1,2,-110,-7,229
fold3_room6_mix001.csv,1359,1,2,-110,-7,229
fold3_room6_mix001.csv,1360,1,2,-110,-7,229
fold3_room6_mix001.csv,1361,1,2,-110,-7,229
fold3_room6_mix001.csv,1362,1,2,-110,-7,229
fold3_room6_mix001.csv,1363,1,2,-110,-7,229
fold3_room6_mix001.csv,1364,1,2,-110,-7,229
fold3_room6_mix001.csv,1365,1,2,-110,-7,229
fold3_room6_mix001.csv,1366,1,2,-110,-7,229
fold3_room6_mix001.csv,1367,1,2,-110,-7,229
fold3_room6_mix001.csv,1368,1,2,-110,-7,229
fold3_room6_mix001.csv,1369,1,2,-110,-7,229
fold3_room6_mix001.csv,1370,1,2,-110,-7,229
fold3_room6_mix001.csv,1371,1,2,-110,-7,229
fold3_room6_mix001.csv,1372,1,2,-110,-7,229
fold3_room6_mix001.csv,1373,1,2,-110,-7,230
fold3_room6_mix001.csv,1374,1,2,-110,-7,230
fold3_room6_mix001.csv,1375,1,2,-110,-7,230
fold3_room6_mix001.csv,1376,1,2,-110,-7,230
fold3_room6_mix001.csv,1377,1,2,-110,-7,230
fold3_room6_mix001.csv,1378,1,2,-110,-7,230
fold3_room6_mix001.csv,1379,1,2,-110,-7,230
fold3_room6_mix001.csv,1380,1,2,-110,-7,230
fold3_room6_mix001.csv,1381,1,2,-110,-7,230
fold3_room6_mix001.csv,1382,1,2,-110,-7,230
fold3_room6_mix001.csv,1383,1,2,-110,-7,230
fold3_room6_mix001.csv,1384,1,2,-110,-7,230
fold3_room6_mix001.csv,1385,1,2,-110,-7,230
fold3_room6_mix001.csv,1386,1,2,-110,-7,230
fold3_room6_mix001.csv,1387,1,2,-110,-7,230
fold3_room6_mix001.csv,1388,1,2,-110,-7,230
fold3_room6_mix001.csv,1389,1,2,-110,-7,230
fold3_room6_mix001.csv,1390,1,2,-110,-7,230
fold3_room6_mix001.csv,1391,1,2,-110,-7,230
fold3_room6_mix001.csv,1392,1,2,-110,-7,230
fold3_room6_mix001.csv,1393,1,2,-110,-7,230
fold3_room6_mix001.csv,1394,1,2,-110,-7,230
fold3_room6_mix001.csv,1400,1,2,-110,-7,230
fold3_room6_mix001.csv,1401,1,2,-110,-7,230
fold3_room6_mix001.csv,1402,1,2,-110,-7,229
fold3_room6_mix001.csv,1403,1,2,-110,-7,229
fold3_room6_mix001.csv,1404,1,2,-110,-7,229
fold3_room6_mix001.csv,1485,1,2,-110,-7,233
fold3_room6_mix001.csv,1486,1,2,-110,-7,235
fold3_room6_mix001.csv,1487,1,2,-110,-7,236
fold3_room6_mix001.csv,1488,1,2,-110,-7,234
fold3_room6_mix001.csv,1489,1,2,-110,-7,231
fold3_room6_mix001.csv,1490,1,2,-110,-7,231
fold3_room6_mix001.csv,1491,1,2,-110,-7,232
fold3_room6_mix001.csv,1492,1,2,-110,-7,232
fold3_room6_mix001.csv,1493,1,2,-110,-7,230
fold3_room6_mix001.csv,1494,1,2,-110,-7,230
fold3_room6_mix001.csv,1495,1,2,-111,-7,230
fold3_room6_mix001.csv,1496,1,2,-111,-7,230
fold3_room6_mix001.csv,1497,1,2,-111,-7,231
fold3_room6_mix001.csv,1498,1,2,-110,-7,233
fold3_room6_mix001.csv,1499,1,2,-110,-7,234
fold3_room6_mix001.csv,1500,1,2,-110,-7,234
fold3_room6_mix001.csv,1501,1,2,-110,-7,233
fold3_room6_mix001.csv,1502,1,2,-110,-7,233
fold3_room6_mix001.csv,1503,1,2,-110,-7,233
fold3_room6_mix001.csv,1504,1,2,-110,-7,234
fold3_room6_mix001.csv,1505,1,2,-110,-7,234
fold3_room6_mix001.csv,1506,1,2,-110,-7,233
fold3_room6_mix001.csv,1507,1,2,-110,-7,233
fold3_room6_mix001.csv,1508,1,2,-110,-7,233
fold3_room6_mix001.csv,1509,1,2,-110,-7,231
fold3_room6_mix001.csv,1530,1,2,-119,-9,180
fold3_room6_mix001.csv,1531,1,2,-120,-8,179
fold3_room6_mix001.csv,1532,1,2,-120,-5,179
fold3_room6_mix001.csv,1533,1,2,-120,-3,181
fold3_room6_mix001.csv,1534,1,2,-120,0,182
fold3_room6_mix001.csv,1535,1,2,-119,1,184
fold3_room6_mix001.csv,1536,1,2,-119,3,185
fold3_room6_mix001.csv,1537,1,2,-118,3,185
fold3_room6_mix001.csv,1538,1,2,-117,3,184
fold3_room6_mix001.csv,1539,1,2,-117,3,183
fold3_room6_mix001.csv,1540,1,2,-116,3,182
fold3_room6_mix001.csv,1541,1,2,-116,4,180
fold3_room6_mix001.csv,1542,1,2,-116,4,178
fold3_room6_mix001.csv,1543,1,2,-116,4,175
fold3_room6_mix001.csv,1544,1,2,-117,4,171
fold3_room6_mix001.csv,1565,1,2,-118,6,184
fold3_room6_mix001.csv,1566,1,2,-118,6,185
fold3_room6_mix001.csv,1567,1,2,-118,6,185
fold3_room6_mix001.csv,1568,1,2,-118,6,185
fold3_room6_mix001.csv,1569,1,2,-118,6,186
fold3_room6_mix001.csv,1570,1,2,-118,6,186
fold3_room6_mix001.csv,1571,1,2,-118,6,185
fold3_room6_mix001.csv,1572,1,2,-118,6,185
fold3_room6_mix001.csv,1573,1,2,-118,6,185
fold3_room6_mix001.csv,1574,1,2,-118,6,184
fold3_room6_mix001.csv,1575,1,2,-118,6,185
fold3_room6_mix001.csv,1576,1,2,-117,6,186
fold3_room6_mix001.csv,1577,1,2,-117,6,186
fold3_room6_mix001.csv,1578,1,2,-117,6,186
fold3_room6_mix001.csv,1579,1,2,-117,6,186
fold3_room6_mix001.csv,2020,1,2,7,-7,181
fold3_room6_mix001.csv,2021,1,2,7,-7,181
fold3_room6_mix001.csv,2022,1,2,7,-7,180
fold3_room6_mix001.csv,2023,1,2,7,-7,179
fold3_room6_mix001.csv,2024,1,2,8,-7,178
fold3_room6_mix001.csv,2025,1,2,7,-7,176
fold3_room6_mix001.csv,2026,1,2,7,-7,175
fold3_room6_mix001.csv,2027,1,2,7,-7,173
fold3_room6_mix001.csv,2028,1,2,7,-7,171
fold3_room6_mix001.csv,2029,1,2,7,-8,170
fold3_room6_mix001.csv,2030,1,2,6,-8,170
fold3_room6_mix001.csv,2031,1,2,5,-8,171
fold3_room6_mix001.csv,2032,1,2,5,-7,172
fold3_room6_mix001.csv,2033,1,2,5,-7,174
fold3_room6_mix001.csv,2034,1,2,4,-7,176
fold3_room6_mix001.csv,2050,1,2,7,-7,173
fold3_room6_mix001.csv,2051,1,2,7,-7,173
fold3_room6_mix001.csv,2052,1,2,7,-7,172
fold3_room6_mix001.csv,2053,1,2,7,-7,171
fold3_room6_mix001.csv,2054,1,2,8,-8,170
fold3_room6_mix001.csv,2055,1,2,8,-8,168
fold3_room6_mix001.csv,2056,1,2,8,-8,167
fold3_room6_mix001.csv,2057,1,2,8,-8,168
fold3_room6_mix001.csv,2058,1,2,8,-8,167
fold3_room6_mix001.csv,2059,1,2,8,-8,167
fold3_room6_mix001.csv,2060,1,2,8,-8,169
fold3_room6_mix001.csv,2061,1,2,8,-8,168
fold3_room6_mix001.csv,2062,1,2,8,-8,167
fold3_room6_mix001.csv,2063,1,2,8,-8,167
fold3_room6_mix001.csv,2064,1,2,7,-8,168
fold3_room6_mix001.csv,2065,1,2,7,-8,167
fold3_room6_mix001.csv,2066,1,2,7,-8,166
fold3_room6_mix001.csv,2067,1,2,7,-8,167
fold3_room6_mix001.csv,2068,1,2,7,-8,167
fold3_room6_mix001.csv,2069,1,2,6,-8,166
fold3_room6_mix001.csv,2070,1,2,6,-8,167
fold3_room6_mix001.csv,2071,1,2,6,-8,168
fold3_room6_mix001.csv,2072,1,2,6,-8,168
fold3_room6_mix001.csv,2073,1,2,6,-8,167
fold3_room6_mix001.csv,2074,1,2,6,-8,168
fold3_room6_mix001.csv,2090,1,2,7,-8,169
fold3_room6_mix001.csv,2091,1,2,7,-8,170
fold3_room6_mix001.csv,2092,1,2,7,-8,170
fold3_room6_mix001.csv,2093,1,2,8,-9,167
fold3_room6_mix001.csv,2094,1,2,8,-8,167
fold3_room6_mix001.csv,2095,1,2,8,-8,170
fold3_room6_mix001.csv,2096,1,2,8,-8,172
fold3_room6_mix001.csv,2097,1,2,7,-8,170
fold3_room6_mix001.csv,2098,1,2,7,-8,169
fold3_room6_mix001.csv,2099,1,2,7,-8,171
fold3_room6_mix001.csv,2100,1,2,7,-8,172
fold3_room6_mix001.csv,2101,1,2,6,-8,171
fold3_room6_mix001.csv,2102,1,2,6,-8,170
fold3_room6_mix001.csv,2103,1,2,6,-8,171
fold3_room6_mix001.csv,2104,1,2,6,-8,172
fold3_room6_mix001.csv,2125,1,2,6,-8,169
fold3_room6_mix001.csv,2126,1,2,6,-8,169
fold3_room6_mix001.csv,2127,1,2,6,-8,169
fold3_room6_mix001.csv,2128,1,2,6,-8,169
fold3_room6_mix001.csv,2129,1,2,6,-9,168
fold3_room6_mix001.csv,2130,1,2,6,-9,168
fold3_room6_mix001.csv,2131,1,2,6,-9,168
fold3_room6_mix001.csv,2132,1,2,6,-9,170
fold3_room6_mix001.csv,2133,1,2,6,-8,172
fold3_room6_mix001.csv,2134,1,2,5,-8,173
fold3_room6_mix001.csv,2135,1,2,5,-8,175
fold3_room6_mix001.csv,2136,1,2,5,-8,177
fold3_room6_mix001.csv,2137,1,2,5,-8,178
fold3_room6_mix001.csv,2138,1,2,5,-8,178
fold3_room6_mix001.csv,2139,1,2,5,-8,178
fold3_room6_mix002.csv,10,1,1,-46,-8,173
fold3_room6_mix002.csv,11,1,1,-46,-8,173
fold3_room6_mix002.csv,12,1,1,-47,-8,173
fold3_room6_mix002.csv,13,1,1,-47,-8,174
fold3_room6_mix002.csv,14,1,1,-47,-8,175
fold3_room6_mix002.csv,15,1,1,-47,-8,176
fold3_room6_mix002.csv,16,1,1,-47,-8,177
fold3_room6_mix002.csv,17,1,1,-46,-7,178
fold3_room6_mix002.csv,18,1,1,-46,-7,179
fold3_room6_mix002.csv,19,1,1,-46,-7,180
fold3_room6_mix002.csv,100,1,1,-46,-7,178
fold3_room6_mix002.csv,101,1,1,-46,-7,178
fold3_room6_mix002.csv,102,1,1,-46,-7,178
fold3_room6_mix002.csv,103,1,1,-46,-7,177
fold3_room6_mix002.csv,104,1,1,-46,-7,177
fold3_room6_mix002.csv,105,1,1,-46,-7,177
fold3_room6_mix002.csv,106,1,1,-46,-7,177
fold3_room6_mix002.csv,107,1,1,-46,-7,177
fold3_room6_mix002.csv,108,1,1,-47,-7,177
fold3_room6_mix002.csv,109,1,1,-47,-7,178
fold3_room6_mix002.csv,110,1,1,-47,-7,178
fold3_room6_mix002.csv,111,1,1,-46,-7,179
fold3_room6_mix002.csv,112,1,1,-46,-7,180
fold3_room6_mix002.csv,113,1,1,-46,-7,181
fold3_room6_mix002.csv,114,1,1,-46,-7,182
fold3_room6_mix002.csv,115,1,1,-46,-7,182
fold3_room6_mix002.csv,116,1,1,-46,-6,183
fold3_room6_mix002.csv,117,1,1,-45,-6,184
fold3_room6_mix002.csv,118,1,1,-45,-6,184
fold3_room6_mix002.csv,119,1,1,-45,-6,184
fold3_room6_mix002.csv,120,1,1,-45,-6,185
fold3_room6_mix002.csv,121,1,1,-45,-6,185
fold3_room6_mix002.csv,122,1,1,-44,-7,185
fold3_room6_mix002.csv,123,1,1,-44,-7,184
fold3_room6_mix002.csv,124,1,1,-44,-7,184
fold3_room6_mix002.csv,125,1,1,-44,-7,183
fold3_room6_mix002.csv,126,1,1,-44,-7,181
fold3_room6_mix002.csv,127,1,1,-44,-7,181
fold3_room6_mix002.csv,128,1,1,-45,-7,182
fold3_room6_mix002.csv,129,1,1,-45,-6,183
fold3_room6_mix002.csv,130,1,1,-45,-7,181
fold3_room6_mix002.csv,131,1,1,-45,-7,180
fold3_room6_mix002.csv,132,1,1,-45,-7,180
fold3_room6_mix002.csv,133,1,1,-46,-6,182
fold3_room6_mix002.csv,134,1,1,-46,-7,181
fold3_room6_mix002.csv,135,1,1,-46,-7,179
fold3_room6_mix002.csv,136,1,1,-46,-7,179
fold3_room6_mix002.csv,137,1,1,-47,-6,181
fold3_room6_mix002.csv,138,1,1,-47,-6,182
fold3_room6_mix002.csv,139,1,1,-47,-7,180
fold3_room6_mix002.csv,140,1,1,-47,-7,179
fold3_room6_mix002.csv,141,1,1,-48,-7,180
fold3_room6_mix002.csv,142,1,1,-48,-6,182
fold3_room6_mix002.csv,143,1,1,-48,-6,182
fold3_room6_mix002.csv,144,1,1,-48,-7,180
fold3_room6_mix002.csv,145,1,1,-48,-7,180
fold3_room6_mix002.csv,146,1,1,-48,-6,182
fold3_room6_mix002.csv,147,1,1,-48,-6,182
fold3_room6_mix002.csv,148,1,1,-48,-7,181
fold3_room6_mix002.csv,149,1,1,-48,-7,180
fold3_room6_mix002.csv,150,1,1,-48,-6,181
fold3_room6_mix002.csv,151,1,1,-48,-6,182
fold3_room6_mix002.csv,152,1,1,-47,-7,181
fold3_room6_mix002.csv,153,1,1,-47,-7,181
fold3_room6_mix002.csv,154,1,1,-47,-6,181
fold3_room6_mix002.csv,170,1,1,-47,-6,181
fold3_room6_mix002.csv,171,1,1,-47,-6,181
fold3_room6_mix002.csv,172,1,1,-47,-7,181
fold3_room6_mix002.csv,173,1,1,-47,-7,181
fold3_room6_mix002.csv,174,1,1,-47,-7,180
fold3_room6_mix002.csv,175,1,1,-47,-7,180
fold3_room6_mix002.csv,176,1,1,-47,-7,180
fold3_room6_mix002.csv,177,1,1,-47,-7,180
fold3_room6_mix002.csv,178,1,1,-47,-7,180
fold3_room6_mix002.csv,179,1,1,-47,-7,180
fold3_room6_mix002.csv,180,1,1,-47,-7,180
fold3_room6_mix002.csv,181,1,1,-47,-7,180
fold3_room6_mix002.csv,182,1,1,-47,-7,180
fold3_room6_mix002.csv,183,1,1,-47,-7,180
fold3_room6_mix002.csv,184,1,1,-47,-7,180
fold3_room6_mix002.csv,185,1,1,-47,-7,180
fold3_room6_mix002.csv,186,1,1,-47,-7,180
fold3_room6_mix002.csv,187,1,1,-47,-7,179
fold3_room6_mix002.csv,188,1,1,-47,-7,179
fold3_room6_mix002.csv,189,1,1,-47,-7,179
fold3_room6_mix002.csv,190,1,1,-46,-7,179
fold3_room6_mix002.csv,191,1,1,-46,-7,178
fold3_room6_mix002.csv,192,1,1,-46,-7,178
fold3_room6_mix002.csv,193,1,1,-46,-7,178
fold3_room6_mix002.csv,194,1,1,-47,-7,178
fold3_room6_mix002.csv,195,1,1,-47,-7,179
fold3_room6_mix002.csv,196,1,1,-47,-7,178
fold3_room6_mix002.csv,197,1,1,-48,-7,178
fold3_room6_mix002.csv,198,1,1,-48,-7,177
fold3_room6_mix002.csv,199,1,1,-48,-7,176
fold3_room6_mix002.csv,200,1,1,-48,-7,175
fold3_room6_mix002.csv,201,1,1,-48,-7,175
fold3_room6_mix002.csv,202,1,1,-47,-7,175
fold3_room6_mix002.csv,203,1,1,-47,-7,176
fold3_room6_mix002.csv,204,1,1,-47,-7,177
fold3_room6_mix002.csv,205,1,1,-47,-7,178
fold3_room6_mix002.csv,206,1,1,-47,-7,179
fold3_room6_mix002.csv,207,1,1,-47,-7,180
fold3_room6_mix002.csv,208,1,1,-46,-7,181
fold3_room6_mix002.csv,209,1,1,-46,-7,182
fold3_room6_mix002.csv,210,1,1,-46,-6,183
fold3_room6_mix002.csv,211,1,1,-46,-6,184
fold3_room6_mix002.csv,212,1,1,-46,-6,185
fold3_room6_mix002.csv,213,1,1,-45,-6,186
fold3_room6_mix002.csv,214,1,1,-45,-6,186
fold3_room6_mix002.csv,215,1,1,-45,-6,186
fold3_room6_mix002.csv,216,1,1,-45,-6,186
fold3_room6_mix002.csv,217,1,1,-45,-6,186
fold3_room6_mix002.csv,218,1,1,-45,-6,186
fold3_room6_mix002.csv,219,1,1,-45,-6,185
fold3_room6_mix002.csv,220,1,1,-45,-6,184
fold3_room6_mix002.csv,221,1,1,-45,-6,183
fold3_room6_mix002.csv,222,1,1,-45,-6,183
fold3_room6_mix002.csv,223,1,1,-45,-6,182
fold3_room6_mix002.csv,224,1,1,-45,-7,182
fold3_room6_mix002.csv,225,1,1,-45,-7,182
fold3_room6_mix002.csv,226,1,1,-45,-7,182
fold3_room6_mix002.csv,227,1,1,-45,-7,180
fold3_room6_mix002.csv,228,1,1,-45,-7,179
fold3_room6_mix002.csv,229,1,1,-45,-7,179
fold3_room6_mix002.csv,230,1,1,-45,-7,179
fold3_room6_mix002.csv,231,1,1,-45,-7,179
fold3_room6_mix002.csv,232,1,1,-45,-7,178
fold3_room6_mix002.csv,233,1,1,-45,-7,178
fold3_room6_mix002.csv,234,1,1,-46,-7,177
fold3_room6_mix002.csv,235,1,1,-46,-7,177
fold3_room6_mix002.csv,236,1,1,-46,-7,178
fold3_room6_mix002.csv,237,1,1,-46,-7,178
fold3_room6_mix002.csv,238,1,1,-46,-7,179
fold3_room6_mix002.csv,239,1,1,-46,-7,179
fold3_room6_mix002.csv,240,1,1,-46,-7,179
fold3_room6_mix002.csv,241,1,1,-46,-7,179
fold3_room6_mix002.csv,242,1,1,-46,-7,179
fold3_room6_mix002.csv,243,1,1,-47,-7,179
fold3_room6_mix002.csv,244,1,1,-47,-7,180
fold3_room6_mix002.csv,245,1,1,-47,-7,181
fold3_room6_mix002.csv,246,1,1,-47,-7,181
fold3_room6_mix002.csv,247,1,1,-48,-7,181
fold3_room6_mix002.csv,248,1,1,-48,-7,181
fold3_room6_mix002.csv,249,1,1,-48,-7,181
fold3_room6_mix002.csv,255,1,1,-47,-7,180
fold3_room6_mix002.csv,256,1,1,-47,-7,179
fold3_room6_mix002.csv,257,1,1,-47,-7,179
fold3_room6_mix002.csv,258,1,1,-47,-7,179
fold3_room6_mix002.csv,259,1,1,-47,-7,179
fold3_room6_mix002.csv,260,1,1,-47,-7,179
fold3_room6_mix002.csv,261,1,1,-47,-7,179
fold3_room6_mix002.csv,262,1,1,-47,-7,178
fold3_room6_mix002.csv,263,1,1,-47,-7,178
fold3_room6_mix002.csv,264,1,1,-47,-7,178
fold3_room6_mix002.csv,265,1,1,-48,-7,177
fold3_room6_mix002.csv,266,1,1,-48,-7,176
fold3_room6_mix002.csv,267,1,1,-48,-7,175
fold3_room6_mix002.csv,268,1,1,-48,-7,175
fold3_room6_mix002.csv,269,1,1,-48,-7,175
fold3_room6_mix002.csv,270,1,1,-48,-7,175
fold3_room6_mix002.csv,271,1,1,-48,-7,175
fold3_room6_mix002.csv,272,1,1,-48,-7,175
fold3_room6_mix002.csv,273,1,1,-48,-7,175
fold3_room6_mix002.csv,274,1,1,-48,-7,176
fold3_room6_mix002.csv,275,1,1,-48,-7,177
fold3_room6_mix002.csv,276,1,1,-48,-7,177
fold3_room6_mix002.csv,277,1,1,-48,-7,179
fold3_room6_mix002.csv,278,1,1,-48,-7,180
fold3_room6_mix002.csv,279,1,1,-47,-7,181
fold3_room6_mix002.csv,280,1,1,-47,-6,182
fold3_room6_mix002.csv,281,1,1,-46,-7,182
fold3_room6_mix002.csv,282,1,1,-45,-6,184
fold3_room6_mix002.csv,283,1,1,-45,-6,185
fold3_room6_mix002.csv,284,1,1,-45,-6,184
fold3_room6_mix002.csv,285,1,1,-45,-7,183
fold3_room6_mix002.csv,286,1,1,-45,-7,182
fold3_room6_mix002.csv,287,1,1,-45,-7,183
fold3_room6_mix002.csv,288,1,1,-45,-7,182
fold3_room6_mix002.csv,289,1,1,-45,-7,180
fold3_room6_mix002.csv,290,1,1,-45,-7,179
fold3_room6_mix002.csv,291,1,1,-46,-7,179
fold3_room6_mix002.csv,292,1,1,-45,-7,177
fold3_room6_mix002.csv,293,1,1,-46,-7,176
fold3_room6_mix002.csv,294,1,1,-46,-7,176
fold3_room6_mix002.csv,295,1,1,-46,-7,176
fold3_room6_mix002.csv,296,1,1,-46,-7,176
fold3_room6_mix002.csv,297,1,1,-46,-7,175
fold3_room6_mix002.csv,298,1,1,-47,-7,176
fold3_room6_mix002.csv,299,1,1,-47,-7,176
fold3_room6_mix002.csv,300,1,1,-47,-7,176
fold3_room6_mix002.csv,301,1,1,-47,-7,177
fold3_room6_mix002.csv,302,1,1,-47,-7,177
fold3_room6_mix002.csv,303,1,1,-47,-7,177
fold3_room6_mix002.csv,304,1,1,-47,-7,177
fold3_room6_mix002.csv,305,1,1,-47,-7,178
fold3_room6_mix002.csv,306,1,1,-47,-7,178
fold3_room6_mix002.csv,307,1,1,-47,-7,179
fold3_room6_mix002.csv,308,1,1,-47,-7,179
fold3_room6_mix002.csv,309,1,1,-47,-7,179
fold3_room6_mix002.csv,310,1,1,-46,-7,179
fold3_room6_mix002.csv,311,1,1,-46,-7,180
fold3_room6_mix002.csv,312,1,1,-46,-7,180
fold3_room6_mix002.csv,313,1,1,-46,-7,180
fold3_room6_mix002.csv,314,1,1,-46,-7,180
fold3_room6_mix002.csv,315,1,1,-46,-7,180
fold3_room6_mix002.csv,316,1,1,-46,-7,180
fold3_room6_mix002.csv,317,1,1,-46,-7,179
fold3_room6_mix002.csv,318,1,1,-47,-7,179
fold3_room6_mix002.csv,319,1,1,-47,-7,179
fold3_room6_mix002.csv,320,1,1,-47,-7,179
fold3_room6_mix002.csv,321,1,1,-47,-7,179
fold3_room6_mix002.csv,322,1,1,-48,-7,179
fold3_room6_mix002.csv,323,1,1,-48,-7,179
fold3_room6_mix002.csv,324,1,1,-49,-7,179
fold3_room6_mix002.csv,325,1,1,-49,-7,179
fold3_room6_mix002.csv,326,1,1,-49,-6,180
fold3_room6_mix002.csv,327,1,1,-49,-6,180
fold3_room6_mix002.csv,328,1,1,-48,-6,180
fold3_room6_mix002.csv,329,1,1,-48,-6,180
fold3_room6_mix002.csv,330,1,1,-48,-6,180
fold3_room6_mix002.csv,331,1,1,-48,-6,180
fold3_room6_mix002.csv,332,1,1,-47,-6,180
fold3_room6_mix002.csv,333,1,1,-47,-6,180
fold3_room6_mix002.csv,334,1,1,-46,-6,181
fold3_room6_mix002.csv,335,1,1,-46,-6,182
fold3_room6_mix002.csv,336,1,1,-46,-6,181
fold3_room6_mix002.csv,337,1,1,-46,-7,181
fold3_room6_mix002.csv,338,1,1,-45,-7,181
fold3_room6_mix002.csv,339,1,1,-45,-6,182
fold3_room6_mix002.csv,350,1,1,-47,-7,179
fold3_room6_mix002.csv,351,1,1,-47,-7,179
fold3_room6_mix002.csv,352,1,1,-47,-7,179
fold3_room6_mix002.csv,353,1,1,-48,-7,180
fold3_room6_mix002.csv,354,1,1,-47,-7,180
fold3_room6_mix002.csv,355,1,1,-47,-7,178
fold3_room6_mix002.csv,356,1,1,-48,-7,179
fold3_room6_mix002.csv,357,1,1,-48,-7,180
fold3_room6_mix002.csv,358,1,1,-48,-7,180
fold3_room6_mix002.csv,359,1,1,-47,-7,178
fold3_room6_mix002.csv,360,1,1,-47,-7,178
fold3_room6_mix002.csv,361,1,1,-47,-7,179
fold3_room6_mix002.csv,362,1,1,-47,-7,180
fold3_room6_mix002.csv,363,1,1,-47,-7,179
fold3_room6_mix002.csv,364,1,1,-47,-7,178
fold3_room6_mix002.csv,365,1,1,-47,-7,179
fold3_room6_mix002.csv,366,1,1,-47,-7,179
fold3_room6_mix002.csv,367,1,1,-47,-7,178
fold3_room6_mix002.csv,368,1,1,-47,-7,178
fold3_room6_mix002.csv,369,1,1,-47,-7,179
fold3_room6_mix002.csv,370,1,1,-47,-7,179
fold3_room6_mix002.csv,371,1,1,-47,-7,178
fold3_room6_mix002.csv,372,1,1,-47,-7,179
fold3_room6_mix002.csv,373,1,1,-47,-7,179
fold3_room6_mix002.csv,374,1,1,-47,-7,178
fold3_room6_mix002.csv,375,1,1,-47,-7,178
fold3_room6_mix002.csv,376,1,1,-47,-7,178
fold3_room6_mix002.csv,377,1,1,-46,-7,178
fold3_room6_mix002.csv,378,1,1,-46,-7,177
fold3_room6_mix002.csv,379,1,1,-46,-8,177
fold3_room6_mix002.csv,380,1,1,-46,-8,177
fold3_room6_mix002.csv,381,1,1,-46,-8,177
fold3_room6_mix002.csv,382,1,1,-46,-8,178
fold3_room6_mix002.csv,383,1,1,-46,-8,178
fold3_room6_mix002.csv,384,1,1,-45,-8,178
fold3_room6_mix002.csv,385,1,1,-45,-8,179
fold3_room6_mix002.csv,386,1,1,-45,-8,180
fold3_room6_mix002.csv,387,1,1,-44,-7,180
fold3_room6_mix002.csv,388,1,1,-44,-8,180
fold3_room6_mix002.csv,389,1,1,-44,-7,180
fold3_room6_mix002.csv,390,1,1,-45,-7,179
fold3_room6_mix002.csv,391,1,1,-45,-7,178
fold3_room6_mix002.csv,392,1,1,-46,-7,178
fold3_room6_mix002.csv,393,1,1,-47,-7,177
fold3_room6_mix002.csv,394,1,1,-48,-7,177
fold3_room6_mix002.csv,395,1,1,-48,-7,178
fold3_room6_mix002.csv,396,1,1,-49,-7,178
fold3_room6_mix002.csv,397,1,1,-49,-7,179
fold3_room6_mix002.csv,398,1,1,-49,-7,179
fold3_room6_mix002.csv,399,1,1,-49,-6,180
fold3_room6_mix002.csv,400,1,1,-48,-6,181
fold3_room6_mix002.csv,401,1,1,-48,-6,181
fold3_room6_mix002.csv,402,1,1,-47,-6,182
fold3_room6_mix002.csv,403,1,1,-47,-6,183
fold3_room6_mix002.csv,404,1,1,-46,-6,183
fold3_room6_mix002.csv,405,1,1,-46,-6,184
fold3_room6_mix002.csv,406,1,1,-45,-6,185
fold3_room6_mix002.csv,407,1,1,-45,-6,185
fold3_room6_mix002.csv,408,1,1,-45,-6,186
fold3_room6_mix002.csv,409,1,1,-45,-6,186
fold3_room6_mix002.csv,410,1,1,-45,-6,186
fold3_room6_mix002.csv,411,1,1,-45,-6,186
fold3_room6_mix002.csv,412,1,1,-45,-6,187
fold3_room6_mix002.csv,413,1,1,-45,-6,187
fold3_room6_mix002.csv,414,1,1,-45,-6,186
fold3_room6_mix002.csv,415,1,1,-45,-6,186
fold3_room6_mix002.csv,416,1,1,-45,-6,187
fold3_room6_mix002.csv,417,1,1,-45,-6,186
fold3_room6_mix002.csv,418,1,1,-45,-6,186
fold3_room6_mix002.csv,419,1,1,-46,-6,186
fold3_room6_mix002.csv,420,1,1,-46,-6,185
fold3_room6_mix002.csv,421,1,1,-46,-6,183
fold3_room6_mix002.csv,422,1,1,-46,-6,184
fold3_room6_mix002.csv,423,1,1,-47,-6,183
fold3_room6_mix002.csv,424,1,1,-47,-6,182
fold3_room6_mix002.csv,465,1,1,-47,-7,180
fold3_room6_mix002.csv,466,1,1,-47,-7,180
fold3_room6_mix002.csv,467,1,1,-47,-6,181
fold3_room6_mix002.csv,468,1,1,-47,-6,181
fold3_room6_mix002.csv,469,1,1,-47,-6,182
fold3_room6_mix002.csv,470,1,1,-47,-6,182
fold3_room6_mix002.csv,471,1,1,-46,-6,183
fold3_room6_mix002.csv,472,1,1,-46,-6,184
fold3_room6_mix002.csv,473,1,1,-46,-6,185
fold3_room6_mix002.csv,474,1,1,-45,-6,185
fold3_room6_mix002.csv,475,1,1,-45,-6,185
fold3_room6_mix002.csv,476,1,1,-45,-6,186
fold3_room6_mix002.csv,477,1,1,-45,-6,186
fold3_room6_mix002.csv,478,1,1,-45,-6,186
fold3_room6_mix002.csv,479,1,1,-45,-6,185
fold3_room6_mix002.csv,500,1,1,-46,-7,178
fold3_room6_mix002.csv,501,1,1,-46,-7,178
fold3_room6_mix002.csv,502,1,1,-46,-7,178
fold3_room6_mix002.csv,503,1,1,-46,-7,179
fold3_room6_mix002.csv,504,1,1,-46,-7,179
fold3_room6_mix002.csv,505,1,1,-46,-7,180
fold3_room6_mix002.csv,506,1,1,-46,-7,180
fold3_room6_mix002.csv,507,1,1,-45,-7,180
fold3_room6_mix002.csv,508,1,1,-45,-7,180
fold3_room6_mix002.csv,509,1,1,-45,-7,180
fold3_room6_mix002.csv,510,1,1,-45,-7,181
fold3_room6_mix002.csv,511,1,1,-45,-7,181
fold3_room6_mix002.csv,512,1,1,-45,-7,181
fold3_room6_mix002.csv,513,1,1,-45,-7,180
fold3_room6_mix002.csv,514,1,1,-45,-7,180
fold3_room6_mix002.csv,515,1,1,-45,-7,180
fold3_room6_mix002.csv,516,1,1,-45,-7,180
fold3_room6_mix002.csv,517,1,1,-45,-7,179
fold3_room6_mix002.csv,518,1,1,-45,-7,179
fold3_room6_mix002.csv,519,1,1,-45,-7,178
fold3_room6_mix002.csv,520,1,1,-45,-7,177
fold3_room6_mix002.csv,521,1,1,-45,-7,177
fold3_room6_mix002.csv,522,1,1,-46,-7,178
fold3_room6_mix002.csv,523,1,1,-46,-7,179
fold3_room6_mix002.csv,524,1,1,-46,-7,180
fold3_room6_mix002.csv,525,1,1,-46,-7,181
fold3_room6_mix002.csv,526,1,1,-47,-7,182
fold3_room6_mix002.csv,527,1,1,-46,-7,182
fold3_room6_mix002.csv,528,1,1,-46,-7,182
fold3_room6_mix002.csv,529,1,1,-46,-7,181
fold3_room6_mix002.csv,635,1,1,-47,-7,176
fold3_room6_mix002.csv,636,1,1,-47,-7,177
fold3_room6_mix002.csv,637,1,1,-47,-7,177
fold3_room6_mix002.csv,638,1,1,-47,-7,177
fold3_room6_mix002.csv,639,1,1,-47,-7,177
fold3_room6_mix002.csv,640,1,1,-47,-7,177
fold3_room6_mix002.csv,641,1,1,-47,-7,178
fold3_room6_mix002.csv,642,1,1,-47,-7,179
fold3_room6_mix002.csv,643,1,1,-47,-7,180
fold3_room6_mix002.csv,644,1,1,-47,-6,181
fold3_room6_mix002.csv,650,1,1,-47,-6,181
fold3_room6_mix002.csv,651,1,1,-47,-6,181
fold3_room6_mix002.csv,652,1,1,-47,-6,181
fold3_room6_mix002.csv,653,1,1,-47,-6,181
fold3_room6_mix002.csv,654,1,1,-47,-6,181
fold3_room6_mix002.csv,655,1,1,-46,-7,180
fold3_room6_mix002.csv,656,1,1,-46,-7,180
fold3_room6_mix002.csv,657,1,1,-45,-7,180
fold3_room6_mix002.csv,658,1,1,-44,-7,181
fold3_room6_mix002.csv,659,1,1,-44,-8,181
fold3_room6_mix002.csv,660,1,1,-44,-8,183
fold3_room6_mix002.csv,661,1,1,-45,-7,184
fold3_room6_mix002.csv,662,1,1,-46,-7,183
fold3_room6_mix002.csv,663,1,1,-47,-7,183
fold3_room6_mix002.csv,664,1,1,-47,-7,183
fold3_room6_mix002.csv,665,1,1,-47,-7,183
fold3_room6_mix002.csv,666,1,1,-48,-7,183
fold3_room6_mix002.csv,667,1,1,-49,-6,183
fold3_room6_mix002.csv,668,1,1,-49,-6,182
fold3_room6_mix002.csv,669,1,1,-49,-6,182
fold3_room6_mix002.csv,670,1,1,-49,-6,182
fold3_room6_mix002.csv,671,1,1,-49,-6,182
fold3_room6_mix002.csv,672,1,1,-48,-6,181
fold3_room6_mix002.csv,673,1,1,-48,-6,180
fold3_room6_mix002.csv,674,1,1,-48,-6,180
fold3_room6_mix002.csv,675,1,1,-48,-6,180
fold3_room6_mix002.csv,676,1,1,-48,-6,180
fold3_room6_mix002.csv,677,1,1,-48,-6,180
fold3_room6_mix002.csv,678,1,1,-49,-6,181
fold3_room6_mix002.csv,679,1,1,-49,-7,181
fold3_room6_mix002.csv,680,1,1,-49,-7,181
fold3_room6_mix002.csv,681,1,1,-49,-7,181
fold3_room6_mix002.csv,682,1,1,-49,-6,182
fold3_room6_mix002.csv,683,1,1,-49,-6,182
fold3_room6_mix002.csv,684,1,1,-49,-6,183
fold3_room6_mix002.csv,685,1,1,-50,-6,183
fold3_room6_mix002.csv,686,1,1,-50,-6,184
fold3_room6_mix002.csv,687,1,1,-50,-6,184
fold3_room6_mix002.csv,688,1,1,-50,-6,183
fold3_room6_mix002.csv,689,1,1,-49,-6,183
fold3_room6_mix002.csv,690,1,1,-49,-6,182
fold3_room6_mix002.csv,691,1,1,-49,-6,181
fold3_room6_mix002.csv,692,1,1,-49,-6,181
fold3_room6_mix002.csv,693,1,1,-49,-6,180
fold3_room6_mix002.csv,694,1,1,-49,-6,180
fold3_room6_mix002.csv,710,1,1,-43,-7,191
fold3_room6_mix002.csv,711,1,1,-43,-7,190
fold3_room6_mix002.csv,712,1,1,-43,-7,189
fold3_room6_mix002.csv,713,1,1,-44,-7,186
fold3_room6_mix002.csv,714,1,1,-44,-7,184
fold3_room6_mix002.csv,715,1,1,-44,-8,182
fold3_room6_mix002.csv,716,1,1,-44,-8,181
fold3_room6_mix002.csv,717,1,1,-44,-8,181
fold3_room6_mix002.csv,718,1,1,-45,-8,181
fold3_room6_mix002.csv,719,1,1,-45,-8,181
fold3_room6_mix002.csv,720,1,1,-45,-8,181
fold3_room6_mix002.csv,721,1,1,-44,-8,183
fold3_room6_mix002.csv,722,1,1,-44,-7,186
fold3_room6_mix002.csv,723,1,1,-43,-7,189
fold3_room6_mix002.csv,724,1,1,-43,-7,192
fold3_room6_mix002.csv,725,1,1,-42,-7,195
fold3_room6_mix002.csv,726,1,1,-42,-7,198
fold3_room6_mix002.csv,727,1,1,-42,-7,200
fold3_room6_mix002.csv,728,1,1,-43,-7,202
fold3_room6_mix002.csv,729,1,1,-43,-7,201
fold3_room6_mix002.csv,730,1,1,-43,-7,202
fold3_room6_mix002.csv,731,1,1,-43,-7,205
fold3_room6_mix002.csv,732,1,1,-42,-7,207
fold3_room6_mix002.csv,733,1,1,-41,-7,209
fold3_room6_mix002.csv,734,1,1,-39,-8,211
fold3_room6_mix002.csv,735,1,1,-39,-8,214
fold3_room6_mix002.csv,736,1,1,-39,-8,216
fold3_room6_mix002.csv,737,1,1,-39,-8,219
fold3_room6_mix002.csv,738,1,1,-39,-8,220
fold3_room6_mix002.csv,739,1,1,-40,-8,221
fold3_room6_mix002.csv,740,1,1,-41,-8,221
fold3_room6_mix002.csv,741,1,1,-43,-7,220
fold3_room6_mix002.csv,742,1,1,-44,-7,217
fold3_room6_mix002.csv,743,1,1,-45,-7,215
fold3_room6_mix002.csv,744,1,1,-46,-7,212
fold3_room6_mix002.csv,745,1,1,-46,-7,209
fold3_room6_mix002.csv,746,1,1,-46,-6,204
fold3_room6_mix002.csv,747,1,1,-46,-6,198
fold3_room6_mix002.csv,748,1,1,-46,-6,192
fold3_room6_mix002.csv,749,1,1,-46,-6,186
fold3_room6_mix002.csv,750,1,1,-46,-6,183
fold3_room6_mix002.csv,751,1,1,-46,-6,181
fold3_room6_mix002.csv,752,1,1,-45,-7,181
fold3_room6_mix002.csv,753,1,1,-45,-7,184
fold3_room6_mix002.csv,754,1,1,-44,-8,186
fold3_room6_mix002.csv,1180,1,1,-45,-5,191
fold3_room6_mix002.csv,1181,1,1,-44,-5,193
fold3_room6_mix002.csv,1182,1,1,-44,-5,194
fold3_room6_mix002.csv,1183,1,1,-43,-5,196
fold3_room6_mix002.csv,1184,1,1,-42,-5,197
fold3_room6_mix002.csv,1185,1,1,-42,-5,196
fold3_room6_mix002.csv,1186,1,1,-41,-5,195
fold3_room6_mix002.csv,1187,1,1,-41,-5,193
fold3_room6_mix002.csv,1188,1,1,-41,-6,193
fold3_room6_mix002.csv,1189,1,1,-41,-6,195
fold3_room6_mix002.csv,1245,1,1,-50,-6,175
fold3_room6_mix002.csv,1246,1,1,-50,-6,174
fold3_room6_mix002.csv,1247,1,1,-50,-6,173
fold3_room6_mix002.csv,1248,1,1,-50,-6,174
fold3_room6_mix002.csv,1249,1,1,-50,-6,175
fold3_room6_mix002.csv,1250,1,1,-49,-6,176
fold3_room6_mix002.csv,1251,1,1,-49,-6,178
fold3_room6_mix002.csv,1252,1,1,-49,-6,180
fold3_room6_mix002.csv,1253,1,1,-48,-6,182
fold3_room6_mix002.csv,1254,1,1,-48,-6,184
fold3_room6_mix002.csv,1265,1,1,-45,-6,187
fold3_room6_mix002.csv,1266,1,1,-45,-6,186
fold3_room6_mix002.csv,1267,1,1,-45,-5,184
fold3_room6_mix002.csv,1268,1,1,-45,-6,180
fold3_room6_mix002.csv,1269,1,1,-44,-6,176
fold3_room6_mix002.csv,1270,1,1,-44,-6,171
fold3_room6_mix002.csv,1271,1,1,-43,-7,166
fold3_room6_mix002.csv,1272,1,1,-43,-8,161
fold3_room6_mix002.csv,1273,1,1,-42,-9,157
fold3_room6_mix002.csv,1274,1,1,-43,-10,154
fold3_room6_mix002.csv,1275,1,1,-43,-10,153
fold3_room6_mix002.csv,1276,1,1,-44,-9,155
fold3_room6_mix002.csv,1277,1,1,-44,-8,159
fold3_room6_mix002.csv,1278,1,1,-45,-7,164
fold3_room6_mix002.csv,1279,1,1,-45,-6,171
fold3_room6_mix002.csv,1290,1,1,-44,-6,192
fold3_room6_mix002.csv,1291,1,1,-44,-7,186
fold3_room6_mix002.csv,1292,1,1,-44,-8,180
fold3_room6_mix002.csv,1293,1,1,-45,-9,177
fold3_room6_mix002.csv,1294,1,1,-45,-10,175
fold3_room6_mix002.csv,1295,1,1,-45,-10,173
fold3_room6_mix002.csv,1296,1,1,-46,-10,172
fold3_room6_mix002.csv,1297,1,1,-47,-10,172
fold3_room6_mix002.csv,1298,1,1,-47,-9,173
fold3_room6_mix002.csv,1299,1,1,-47,-7,177
fold3_room6_mix002.csv,1300,1,1,-47,-6,181
fold3_room6_mix002.csv,1301,1,1,-47,-6,185
fold3_room6_mix002.csv,1302,1,1,-48,-5,187
fold3_room6_mix002.csv,1303,1,1,-48,-5,188
fold3_room6_mix002.csv,1304,1,1,-48,-5,188
fold3_room6_mix002.csv,1305,1,1,-48,-5,188
fold3_room6_mix002.csv,1306,1,1,-48,-5,187
fold3_room6_mix002.csv,1307,1,1,-47,-5,186
fold3_room6_mix002.csv,1308,1,1,-47,-5,185
fold3_room6_mix002.csv,1309,1,1,-47,-5,184
fold3_room6_mix002.csv,1310,1,1,-46,-6,184
fold3_room6_mix002.csv,1311,1,1,-46,-6,183
fold3_room6_mix002.csv,1312,1,1,-46,-6,183
fold3_room6_mix002.csv,1313,1,1,-46,-6,183
fold3_room6_mix002.csv,1314,1,1,-46,-6,183
fold3_room6_mix002.csv,1315,1,1,-46,-6,183
fold3_room6_mix002.csv,1316,1,1,-46,-6,183
fold3_room6_mix002.csv,1317,1,1,-46,-6,184
fold3_room6_mix002.csv,1318,1,1,-46,-6,183
fold3_room6_mix002.csv,1319,1,1,-46,-6,183
fold3_room6_mix002.csv,1320,1,1,-47,-6,185
fold3_room6_mix002.csv,1321,1,1,-47,-6,184
fold3_room6_mix002.csv,1322,1,1,-47,-6,182
fold3_room6_mix002.csv,1323,1,1,-47,-6,184
fold3_room6_mix002.csv,1324,1,1,-47,-6,185
fold3_room6_mix002.csv,1325,1,1,-47,-6,183
fold3_room6_mix002.csv,1326,1,1,-47,-6,182
fold3_room6_mix002.csv,1327,1,1,-48,-6,185
fold3_room6_mix002.csv,1328,1,1,-48,-5,185
fold3_room6_mix002.csv,1329,1,1,-47,-6,183
fold3_room6_mix002.csv,1340,1,1,-47,-6,180
fold3_room6_mix002.csv,1341,1,1,-48,-6,181
fold3_room6_mix002.csv,1342,1,1,-48,-6,181
fold3_room6_mix002.csv,1343,1,1,-47,-6,180
fold3_room6_mix002.csv,1344,1,1,-47,-6,180
fold3_room6_mix002.csv,1360,1,1,-47,-6,181
fold3_room6_mix002.csv,1361,1,1,-47,-6,182
fold3_room6_mix002.csv,1362,1,1,-47,-6,182
fold3_room6_mix002.csv,1363,1,1,-47,-6,182
fold3_room6_mix002.csv,1364,1,1,-47,-6,181
fold3_room6_mix002.csv,1365,1,1,-47,-6,180
fold3_room6_mix002.csv,1366,1,1,-49,-7,178
fold3_room6_mix002.csv,1367,1,1,-50,-7,177
fold3_room6_mix002.csv,1368,1,1,-51,-7,177
fold3_room6_mix002.csv,1369,1,1,-51,-8,176
fold3_room6_mix002.csv,1370,1,1,-52,-8,175
fold3_room6_mix002.csv,1371,1,1,-52,-8,173
fold3_room6_mix002.csv,1372,1,1,-52,-8,171
fold3_room6_mix002.csv,1373,1,1,-52,-8,170
fold3_room6_mix002.csv,1374,1,1,-52,-8,168
fold3_room6_mix002.csv,1375,1,1,-52,-9,165
fold3_room6_mix002.csv,1376,1,1,-52,-9,163
fold3_room6_mix002.csv,1377,1,1,-52,-10,161
fold3_room6_mix002.csv,1378,1,1,-52,-10,158
fold3_room6_mix002.csv,1379,1,1,-52,-11,156
fold3_room6_mix002.csv,1380,1,1,-51,-11,154
fold3_room6_mix002.csv,1381,1,1,-50,-12,151
fold3_room6_mix002.csv,1382,1,1,-50,-12,149
fold3_room6_mix002.csv,1383,1,1,-49,-13,148
fold3_room6_mix002.csv,1384,1,1,-49,-13,147
fold3_room6_mix002.csv,1385,1,1,-49,-13,146
fold3_room6_mix002.csv,1386,1,1,-49,-13,147
fold3_room6_mix002.csv,1387,1,1,-49,-13,148
fold3_room6_mix002.csv,1388,1,1,-49,-12,150
fold3_room6_mix002.csv,1389,1,1,-50,-11,153
fold3_room6_mix002.csv,1390,1,1,-50,-10,156
fold3_room6_mix002.csv,1391,1,1,-50,-9,160
fold3_room6_mix002.csv,1392,1,1,-50,-9,164
fold3_room6_mix002.csv,1393,1,1,-50,-8,168
fold3_room6_mix002.csv,1394,1,1,-50,-7,172
fold3_room6_mix002.csv,1395,1,1,-50,-7,175
fold3_room6_mix002.csv,1396,1,1,-50,-7,177
fold3_room6_mix002.csv,1397,1,1,-50,-7,179
fold3_room6_mix002.csv,1398,1,1,-49,-7,180
fold3_room6_mix002.csv,1399,1,1,-47,-6,182
fold3_room6_mix002.csv,1400,1,1,-46,-6,185
fold3_room6_mix002.csv,1401,1,1,-45,-6,185
fold3_room6_mix002.csv,1402,1,1,-44,-6,185
fold3_room6_mix002.csv,1403,1,1,-43,-6,183
fold3_room6_mix002.csv,1404,1,1,-42,-7,180
fold3_room6_mix002.csv,1405,1,1,-42,-7,178
fold3_room6_mix002.csv,1406,1,1,-42,-7,176
fold3_room6_mix002.csv,1407,1,1,-42,-7,175
fold3_room6_mix002.csv,1408,1,1,-42,-7,175
fold3_room6_mix002.csv,1409,1,1,-42,-7,175
fold3_room6_mix002.csv,1430,1,1,-47,-6,183
fold3_room6_mix002.csv,1431,1,1,-47,-6,182
fold3_room6_mix002.csv,1432,1,1,-47,-7,182
fold3_room6_mix002.csv,1433,1,1,-47,-6,182
fold3_room6_mix002.csv,1434,1,1,-48,-6,182
fold3_room6_mix002.csv,1435,1,1,-48,-6,183
fold3_room6_mix002.csv,1436,1,1,-47,-6,182
fold3_room6_mix002.csv,1437,1,1,-48,-7,181
fold3_room6_mix002.csv,1438,1,1,-49,-7,180
fold3_room6_mix002.csv,1439,1,1,-48,-7,181
fold3_room6_mix002.csv,1440,1,1,-47,-6,182
fold3_room6_mix002.csv,1441,1,1,-47,-6,183
fold3_room6_mix002.csv,1442,1,1,-47,-6,182
fold3_room6_mix002.csv,1443,1,1,-47,-6,181
fold3_room6_mix002.csv,1444,1,1,-47,-6,181
fold3_room6_mix002.csv,1445,1,1,-47,-6,181
fold3_room6_mix002.csv,1446,1,1,-48,-6,181
fold3_room6_mix002.csv,1447,1,1,-47,-6,181
fold3_room6_mix002.csv,1448,1,1,-47,-6,181
fold3_room6_mix002.csv,1449,1,1,-47,-6,182
fold3_room6_mix002.csv,1940,1,1,-49,-6,185
fold3_room6_mix002.csv,1941,1,1,-48,-6,184
fold3_room6_mix002.csv,1942,1,1,-48,-6,182
fold3_room6_mix002.csv,1943,1,1,-47,-6,181
fold3_room6_mix002.csv,1944,1,1,-47,-7,179
fold3_room6_mix002.csv,1945,1,1,-46,-7,178
fold3_room6_mix002.csv,1946,1,1,-46,-7,178
fold3_room6_mix002.csv,1947,1,1,-47,-7,176
fold3_room6_mix002.csv,1948,1,1,-48,-7,174
fold3_room6_mix002.csv,1949,1,1,-48,-7,176
fold3_room6_mix002.csv,1950,1,1,-49,-7,176
fold3_room6_mix002.csv,1951,1,1,-49,-7,177
fold3_room6_mix002.csv,1952,1,1,-49,-7,177
fold3_room6_mix002.csv,1953,1,1,-49,-7,176
fold3_room6_mix002.csv,1954,1,1,-50,-7,177
fold3_room6_mix002.csv,1955,1,1,-50,-7,175
fold3_room6_mix002.csv,1956,1,1,-50,-7,174
fold3_room6_mix002.csv,1957,1,1,-50,-7,173
fold3_room6_mix002.csv,1958,1,1,-49,-8,171
fold3_room6_mix002.csv,1959,1,1,-49,-7,171
fold3_room6_mix002.csv,1960,1,1,-49,-8,169
fold3_room6_mix002.csv,1961,1,1,-49,-8,169
fold3_room6_mix002.csv,1962,1,1,-49,-8,170
fold3_room6_mix002.csv,1963,1,1,-49,-8,170
fold3_room6_mix002.csv,1964,1,1,-49,-8,171
fold3_room6_mix002.csv,1980,1,1,-49,-8,172
fold3_room6_mix002.csv,1981,1,1,-48,-8,173
fold3_room6_mix002.csv,1982,1,1,-48,-8,172
fold3_room6_mix002.csv,1983,1,1,-48,-8,173
fold3_room6_mix002.csv,1984,1,1,-48,-8,172
fold3_room6_mix002.csv,1985,1,1,-48,-7,173
fold3_room6_mix002.csv,1986,1,1,-48,-8,173
fold3_room6_mix002.csv,1987,1,1,-48,-7,174
fold3_room6_mix002.csv,1988,1,1,-48,-7,174
fold3_room6_mix002.csv,1989,1,1,-48,-8,173
fold3_room6_mix002.csv,1990,1,1,-49,-7,174
fold3_room6_mix002.csv,1991,1,1,-49,-7,173
fold3_room6_mix002.csv,1992,1,1,-50,-7,173
fold3_room6_mix002.csv,1993,1,1,-50,-8,173
fold3_room6_mix002.csv,1994,1,1,-50,-8,172
fold3_room6_mix002.csv,2010,1,1,-49,-7,174
fold3_room6_mix002.csv,2011,1,1,-49,-7,176
fold3_room6_mix002.csv,2012,1,1,-48,-7,179
fold3_room6_mix002.csv,2013,1,1,-48,-7,181
fold3_room6_mix002.csv,2014,1,1,-47,-6,182
fold3_room6_mix002.csv,2015,1,1,-47,-6,183
fold3_room6_mix002.csv,2016,1,1,-47,-6,185
fold3_room6_mix002.csv,2017,1,1,-46,-6,186
fold3_room6_mix002.csv,2018,1,1,-46,-6,187
fold3_room6_mix002.csv,2019,1,1,-46,-6,187
fold3_room6_mix002.csv,2070,1,1,-41,-8,179
fold3_room6_mix002.csv,2071,1,1,-39,-9,180
fold3_room6_mix002.csv,2072,1,1,-37,-10,182
fold3_room6_mix002.csv,2073,1,1,-36,-11,185
fold3_room6_mix002.csv,2074,1,1,-35,-11,188
fold3_room6_mix002.csv,2075,1,1,-35,-11,191
fold3_room6_mix002.csv,2076,1,1,-36,-11,194
fold3_room6_mix002.csv,2077,1,1,-37,-11,197
fold3_room6_mix002.csv,2078,1,1,-38,-11,199
fold3_room6_mix002.csv,2079,1,1,-39,-10,201
fold3_room6_mix002.csv,2080,1,1,-40,-10,203
fold3_room6_mix002.csv,2081,1,1,-41,-10,206
fold3_room6_mix002.csv,2082,1,1,-42,-10,208
fold3_room6_mix002.csv,2083,1,1,-43,-10,211
fold3_room6_mix002.csv,2084,1,1,-44,-10,214
fold3_room6_mix002.csv,2085,1,1,-45,-10,217
fold3_room6_mix002.csv,2086,1,1,-46,-10,220
fold3_room6_mix002.csv,2087,1,1,-46,-10,222
fold3_room6_mix002.csv,2088,1,1,-46,-10,224
fold3_room6_mix002.csv,2089,1,1,-46,-10,225
fold3_room6_mix002.csv,2090,1,1,-47,-10,225
fold3_room6_mix002.csv,2091,1,1,-47,-10,223
fold3_room6_mix002.csv,2092,1,1,-47,-10,220
fold3_room6_mix002.csv,2093,1,1,-46,-10,216
fold3_room6_mix002.csv,2094,1,1,-45,-10,210
fold3_room6_mix002.csv,2095,1,1,-44,-10,204
fold3_room6_mix002.csv,2096,1,1,-44,-10,197
fold3_room6_mix002.csv,2097,1,1,-43,-9,191
fold3_room6_mix002.csv,2098,1,1,-43,-9,187
fold3_room6_mix002.csv,2099,1,1,-44,-8,185
fold3_room6_mix002.csv,2455,1,1,-46,-6,187
fold3_room6_mix002.csv,2456,1,1,-46,-6,189
fold3_room6_mix002.csv,2457,1,1,-45,-6,193
fold3_room6_mix002.csv,2458,1,1,-45,-6,197
fold3_room6_mix002.csv,2459,1,1,-45,-6,200
fold3_room6_mix002.csv,2460,1,1,-44,-6,201
fold3_room6_mix002.csv,2461,1,1,-44,-6,201
fold3_room6_mix002.csv,2462,1,1,-44,-6,202
fold3_room6_mix002.csv,2463,1,1,-43,-6,202
fold3_room6_mix002.csv,2464,1,1,-42,-6,203
fold3_room6_mix002.csv,2515,1,1,-46,-6,183
fold3_room6_mix002.csv,2516,1,1,-46,-6,184
fold3_room6_mix002.csv,2517,1,1,-46,-6,184
fold3_room6_mix002.csv,2518,1,1,-46,-6,185
fold3_room6_mix002.csv,2519,1,1,-46,-6,185
fold3_room6_mix002.csv,2520,1,1,-46,-6,185
fold3_room6_mix002.csv,2521,1,1,-46,-6,185
fold3_room6_mix002.csv,2522,1,1,-46,-6,186
fold3_room6_mix002.csv,2523,1,1,-47,-6,186
fold3_room6_mix002.csv,2524,1,1,-47,-7,184
fold3_room6_mix003.csv,30,1,2,-110,-8,226
fold3_room6_mix003.csv,31,1,2,-110,-8,225
fold3_room6_mix003.csv,32,1,2,-110,-8,224
fold3_room6_mix003.csv,33,1,2,-110,-8,224
fold3_room6_mix003.csv,34,1,2,-110,-8,225
fold3_room6_mix003.csv,35,1,2,-110,-8,225
fold3_room6_mix003.csv,36,1,2,-110,-8,225
fold3_room6_mix003.csv,37,1,2,-110,-8,225
fold3_room6_mix003.csv,38,1,2,-110,-8,226
fold3_room6_mix003.csv,39,1,2,-110,-8,226
fold3_room6_mix003.csv,40,1,2,-110,-8,226
fold3_room6_mix003.csv,41,1,2,-110,-8,226
fold3_room6_mix003.csv,42,1,2,-110,-8,226
fold3_room6_mix003.csv,43,1,2,-110,-8,226
fold3_room6_mix003.csv,44,1,2,-110,-8,226
fold3_room6_mix003.csv,45,1,2,-110,-8,227
fold3_room6_mix003.csv,46,1,2,-110,-8,227
fold3_room6_mix003.csv,47,1,2,-110,-7,227
fold3_room6_mix003.csv,48,1,2,-110,-7,227
fold3_room6_mix003.csv,49,1,2,-110,-7,227
fold3_room6_mix003.csv,50,1,2,-110,-7,227
fold3_room6_mix003.csv,51,1,2,-110,-7,227
fold3_room6_mix003.csv,52,1,2,-110,-7,227
fold3_room6_mix003.csv,53,1,2,-110,-7,228
fold3_room6_mix003.csv,54,1,2,-110,-7,227
fold3_room6_mix003.csv,125,1,2,-111,-8,223
fold3_room6_mix003.csv,126,1,2,-111,-8,223
fold3_room6_mix003.csv,127,1,2,-111,-8,223
fold3_room6_mix003.csv,128,1,2,-111,-8,224
fold3_room6_mix003.csv,129,1,2,-111,-8,224
fold3_room6_mix003.csv,130,1,2,-111,-8,225
fold3_room6_mix003.csv,131,1,2,-110,-8,226
fold3_room6_mix003.csv,132,1,2,-110,-7,226
fold3_room6_mix003.csv,133,1,2,-110,-7,227
fold3_room6_mix003.csv,134,1,2,-110,-7,228
fold3_room6_mix003.csv,135,1,2,-110,-7,229
fold3_room6_mix003.csv,136,1,2,-109,-7,230
fold3_room6_mix003.csv,137,1,2,-109,-7,230
fold3_room6_mix003.csv,138,1,2,-109,-7,230
fold3_room6_mix003.csv,139,1,2,-109,-7,230
fold3_room6_mix003.csv,140,1,2,-109,-7,229
fold3_room6_mix003.csv,141,1,2,-109,-7,229
fold3_room6_mix003.csv,142,1,2,-109,-7,229
fold3_room6_mix003.csv,143,1,2,-109,-7,229
fold3_room6_mix003.csv,144,1,2,-109,-7,229
fold3_room6_mix003.csv,145,1,2,-109,-7,229
fold3_room6_mix003.csv,146,1,2,-109,-7,229
fold3_room6_mix003.csv,147,1,2,-109,-7,229
fold3_room6_mix003.csv,148,1,2,-110,-7,229
fold3_room6_mix003.csv,149,1,2,-110,-7,228
fold3_room6_mix003.csv,150,1,2,-110,-7,228
fold3_room6_mix003.csv,151,1,2,-110,-7,228
fold3_room6_mix003.csv,152,1,2,-110,-7,228
fold3_room6_mix003.csv,153,1,2,-110,-7,228
fold3_room6_mix003.csv,154,1,2,-110,-7,229
fold3_room6_mix003.csv,155,1,2,-110,-7,228
fold3_room6_mix003.csv,156,1,2,-110,-7,228
fold3_room6_mix003.csv,157,1,2,-110,-7,228
fold3_room6_mix003.csv,158,1,2,-110,-7,228
fold3_room6_mix003.csv,159,1,2,-110,-7,228
fold3_room6_mix003.csv,160,1,2,-110,-7,228
fold3_room6_mix003.csv,161,1,2,-110,-7,228
fold3_room6_mix003.csv,162,1,2,-110,-7,228
fold3_room6_mix003.csv,163,1,2,-111,-7,228
fold3_room6_mix003.csv,164,1,2,-111,-7,228
fold3_room6_mix003.csv,180,1,2,-111,-7,227
fold3_room6_mix003.csv,181,1,2,-110,-8,225
fold3_room6_mix003.csv,182,1,2,-111,-7,226
fold3_room6_mix003.csv,183,1,2,-110,-7,227
fold3_room6_mix003.csv,184,1,2,-110,-8,226
fold3_room6_mix003.csv,185,1,2,-110,-7,227
fold3_room6_mix003.csv,186,1,2,-110,-7,227
fold3_room6_mix003.csv,187,1,2,-110,-8,226
fold3_room6_mix003.csv,188,1,2,-110,-8,226
fold3_room6_mix003.csv,189,1,2,-110,-7,227
fold3_room6_mix003.csv,190,1,2,-110,-7,227
fold3_room6_mix003.csv,191,1,2,-110,-7,226
fold3_room6_mix003.csv,192,1,2,-110,-7,227
fold3_room6_mix003.csv,193,1,2,-110,-7,227
fold3_room6_mix003.csv,194,1,2,-110,-7,227
fold3_room6_mix003.csv,215,1,2,-110,-7,227
fold3_room6_mix003.csv,216,1,2,-110,-7,227
fold3_room6_mix003.csv,217,1,2,-110,-7,227
fold3_room6_mix003.csv,218,1,2,-110,-7,227
fold3_room6_mix003.csv,219,1,2,-110,-7,228
fold3_room6_mix003.csv,220,1,2,-110,-7,228
fold3_room6_mix003.csv,221,1,2,-110,-7,228
fold3_room6_mix003.csv,222,1,2,-110,-7,228
fold3_room6_mix003.csv,223,1,2,-110,-7,228
fold3_room6_mix003.csv,224,1,2,-110,-7,228
fold3_room6_mix003.csv,225,1,2,-110,-7,228
fold3_room6_mix003.csv,226,1,2,-110,-7,228
fold3_room6_mix003.csv,227,1,2,-110,-7,228
fold3_room6_mix003.csv,228,1,2,-110,-7,229
fold3_room6_mix003.csv,229,1,2,-110,-7,229
fold3_room6_mix003.csv,250,1,2,-110,-7,228
fold3_room6_mix003.csv,251,1,2,-110,-7,229
fold3_room6_mix003.csv,252,1,2,-110,-7,229
fold3_room6_mix003.csv,253,1,2,-110,-7,229
fold3_room6_mix003.csv,254,1,2,-110,-7,229
fold3_room6_mix003.csv,255,1,2,-110,-7,229
fold3_room6_mix003.csv,256,1,2,-110,-7,229
fold3_room6_mix003.csv,257,1,2,-110,-7,229
fold3_room6_mix003.csv,258,1,2,-110,-7,228
fold3_room6_mix003.csv,259,1,2,-110,-7,228
fold3_room6_mix003.csv,260,1,2,-110,-7,228
fold3_room6_mix003.csv,261,1,2,-110,-7,229
fold3_room6_mix003.csv,262,1,2,-110,-7,230
fold3_room6_mix003.csv,263,1,2,-110,-7,230
fold3_room6_mix003.csv,264,1,2,-110,-7,230
fold3_room6_mix003.csv,265,1,2,-110,-7,229
fold3_room6_mix003.csv,266,1,2,-109,-7,227
fold3_room6_mix003.csv,267,1,2,-109,-8,225
fold3_room6_mix003.csv,268,1,2,-109,-8,225
fold3_room6_mix003.csv,269,1,2,-109,-8,225
fold3_room6_mix003.csv,270,1,2,-109,-8,225
fold3_room6_mix003.csv,271,1,2,-110,-8,225
fold3_room6_mix003.csv,272,1,2,-110,-8,226
fold3_room6_mix003.csv,273,1,2,-110,-7,226
fold3_room6_mix003.csv,274,1,2,-111,-7,227
fold3_room6_mix003.csv,275,1,2,-111,-7,227
fold3_room6_mix003.csv,276,1,2,-111,-7,228
fold3_room6_mix003.csv,277,1,2,-111,-7,228
fold3_room6_mix003.csv,278,1,2,-111,-7,227
fold3_room6_mix003.csv,279,1,2,-110,-7,227
fold3_room6_mix003.csv,280,1,2,-110,-7,227
fold3_room6_mix003.csv,281,1,2,-110,-8,225
fold3_room6_mix003.csv,282,1,2,-110,-8,225
fold3_room6_mix003.csv,283,1,2,-110,-8,225
fold3_room6_mix003.csv,284,1,2,-110,-8,224
fold3_room6_mix003.csv,285,1,2,-110,-8,224
fold3_room6_mix003.csv,286,1,2,-110,-8,224
fold3_room6_mix003.csv,287,1,2,-110,-8,224
fold3_room6_mix003.csv,288,1,2,-110,-8,225
fold3_room6_mix003.csv,289,1,2,-110,-8,225
fold3_room6_mix003.csv,340,1,2,-109,-7,231
fold3_room6_mix003.csv,341,1,2,-109,-7,232
fold3_room6_mix003.csv,342,1,2,-109,-7,230
fold3_room6_mix003.csv,343,1,2,-109,-7,230
fold3_room6_mix003.csv,344,1,2,-109,-7,230
fold3_room6_mix003.csv,345,1,2,-109,-7,231
fold3_room6_mix003.csv,346,1,2,-109,-7,230
fold3_room6_mix003.csv,347,1,2,-109,-7,229
fold3_room6_mix003.csv,348,1,2,-110,-7,230
fold3_room6_mix003.csv,349,1,2,-110,-7,231
fold3_room6_mix003.csv,385,1,2,-109,-7,230
fold3_room6_mix003.csv,386,1,2,-109,-7,229
fold3_room6_mix003.csv,387,1,2,-109,-7,229
fold3_room6_mix003.csv,388,1,2,-109,-7,230
fold3_room6_mix003.csv,389,1,2,-109,-7,229
fold3_room6_mix003.csv,390,1,2,-109,-7,229
fold3_room6_mix003.csv,391,1,2,-109,-7,230
fold3_room6_mix003.csv,392,1,2,-109,-7,230
fold3_room6_mix003.csv,393,1,2,-109,-7,230
fold3_room6_mix003.csv,394,1,2,-109,-7,230
fold3_room6_mix003.csv,395,1,2,-109,-7,230
fold3_room6_mix003.csv,396,1,2,-109,-7,230
fold3_room6_mix003.csv,397,1,2,-109,-7,230
fold3_room6_mix003.csv,398,1,2,-109,-7,231
fold3_room6_mix003.csv,399,1,2,-109,-7,231
fold3_room6_mix003.csv,455,1,2,-110,-7,232
fold3_room6_mix003.csv,456,1,2,-110,-7,233
fold3_room6_mix003.csv,457,1,2,-110,-7,235
fold3_room6_mix003.csv,458,1,2,-109,-7,236
fold3_room6_mix003.csv,459,1,2,-109,-7,236
fold3_room6_mix003.csv,485,1,2,-109,-7,231
fold3_room6_mix003.csv,486,1,2,-109,-7,231
fold3_room6_mix003.csv,487,1,2,-109,-7,231
fold3_room6_mix003.csv,488,1,2,-109,-7,230
fold3_room6_mix003.csv,489,1,2,-109,-7,230
fold3_room6_mix003.csv,490,1,2,-109,-7,230
fold3_room6_mix003.csv,491,1,2,-109,-7,230
fold3_room6_mix003.csv,492,1,2,-109,-7,230
fold3_room6_mix003.csv,493,1,2,-109,-7,230
fold3_room6_mix003.csv,494,1,2,-109,-7,230
fold3_room6_mix003.csv,495,1,2,-109,-7,230
fold3_room6_mix003.csv,496,1,2,-109,-7,230
fold3_room6_mix003.csv,497,1,2,-109,-7,230
fold3_room6_mix003.csv,498,1,2,-109,-7,230
fold3_room6_mix003.csv,499,1,2,-109,-7,230
fold3_room6_mix003.csv,500,1,2,-109,-7,230
fold3_room6_mix003.csv,501,1,2,-109,-7,230
fold3_room6_mix003.csv,502,1,2,-109,-7,230
fold3_room6_mix003.csv,503,1,2,-109,-7,230
fold3_room6_mix003.csv,504,1,2,-109,-7,230
fold3_room6_mix003.csv,555,1,2,-110,-7,229
fold3_room6_mix003.csv,556,1,2,-110,-7,229
fold3_room6_mix003.csv,557,1,2,-110,-7,229
fold3_room6_mix003.csv,558,1,2,-110,-7,229
fold3_room6_mix003.csv,559,1,2,-110,-7,229
fold3_room6_mix003.csv,560,1,2,-110,-7,229
fold3_room6_mix003.csv,561,1,2,-110,-7,229
fold3_room6_mix003.csv,562,1,2,-110,-7,229
fold3_room6_mix003.csv,563,1,2,-110,-7,229
fold3_room6_mix003.csv,564,1,2,-110,-7,229
fold3_room6_mix003.csv,565,1,2,-110,-7,229
fold3_room6_mix003.csv,566,1,2,-110,-7,229
fold3_room6_mix003.csv,567,1,2,-110,-7,229
fold3_room6_mix003.csv,568,1,2,-110,-7,229
fold3_room6_mix003.csv,569,1,2,-110,-7,229
fold3_room6_mix003.csv,570,1,2,-110,-7,229
fold3_room6_mix003.csv,571,1,2,-110,-7,229
fold3_room6_mix003.csv,572,1,2,-110,-7,229
fold3_room6_mix003.csv,573,1,2,-110,-7,229
fold3_room6_mix003.csv,574,1,2,-110,-7,229
fold3_room6_mix003.csv,605,1,2,-110,-7,229
fold3_room6_mix003.csv,606,1,2,-110,-7,229
fold3_room6_mix003.csv,607,1,2,-110,-7,229
fold3_room6_mix003.csv,608,1,2,-110,-7,229
fold3_room6_mix003.csv,609,1,2,-110,-7,229
fold3_room6_mix003.csv,610,1,2,-110,-7,229
fold3_room6_mix003.csv,611,1,2,-110,-7,229
fold3_room6_mix003.csv,612,1,2,-110,-7,229
fold3_room6_mix003.csv,613,1,2,-110,-7,229
fold3_room6_mix003.csv,614,1,2,-110,-7,229
fold3_room6_mix003.csv,615,1,2,-110,-7,229
fold3_room6_mix003.csv,616,1,2,-110,-7,229
fold3_room6_mix003.csv,617,1,2,-110,-7,229
fold3_room6_mix003.csv,618,1,2,-110,-7,229
fold3_room6_mix003.csv,619,1,2,-110,-7,229
fold3_room6_mix003.csv,620,1,2,-110,-7,229
fold3_room6_mix003.csv,621,1,2,-110,-7,229
fold3_room6_mix003.csv,622,1,2,-110,-7,229
fold3_room6_mix003.csv,623,1,2,-110,-7,229
fold3_room6_mix003.csv,624,1,2,-110,-7,229
fold3_room6_mix003.csv,625,1,2,-110,-7,228
fold3_room6_mix003.csv,626,1,2,-110,-7,227
fold3_room6_mix003.csv,627,1,2,-110,-7,227
fold3_room6_mix003.csv,628,1,2,-110,-7,228
fold3_room6_mix003.csv,629,1,2,-110,-7,229
fold3_room6_mix003.csv,655,1,2,-110,-7,231
fold3_room6_mix003.csv,656,1,2,-110,-7,230
fold3_room6_mix003.csv,657,1,2,-110,-7,230
fold3_room6_mix003.csv,658,1,2,-110,-7,230
fold3_room6_mix003.csv,659,1,2,-110,-7,231
fold3_room6_mix003.csv,660,1,2,-110,-7,230
fold3_room6_mix003.csv,661,1,2,-110,-7,229
fold3_room6_mix003.csv,662,1,2,-110,-7,230
fold3_room6_mix003.csv,663,1,2,-110,-7,230
fold3_room6_mix003.csv,664,1,2,-110,-7,230
fold3_room6_mix003.csv,665,1,2,-110,-7,229
fold3_room6_mix003.csv,666,1,2,-110,-7,229
fold3_room6_mix003.csv,667,1,2,-110,-7,230
fold3_room6_mix003.csv,668,1,2,-110,-7,230
fold3_room6_mix003.csv,669,1,2,-110,-7,230
fold3_room6_mix003.csv,685,1,2,-110,-7,229
fold3_room6_mix003.csv,686,1,2,-110,-7,229
fold3_room6_mix003.csv,687,1,2,-110,-7,229
fold3_room6_mix003.csv,688,1,2,-110,-7,229
fold3_room6_mix003.csv,689,1,2,-110,-7,229
fold3_room6_mix003.csv,690,1,2,-110,-7,229
fold3_room6_mix003.csv,691,1,2,-110,-7,229
fold3_room6_mix003.csv,692,1,2,-110,-7,229
fold3_room6_mix003.csv,693,1,2,-110,-7,229
fold3_room6_mix003.csv,694,1,2,-110,-7,229
fold3_room6_mix003.csv,715,1,2,-110,-7,227
fold3_room6_mix003.csv,716,1,2,-110,-7,227
fold3_room6_mix003.csv,717,1,2,-110,-7,227
fold3_room6_mix003.csv,718,1,2,-110,-7,228
fold3_room6_mix003.csv,719,1,2,-110,-7,228
fold3_room6_mix003.csv,720,1,2,-110,-7,228
fold3_room6_mix003.csv,721,1,2,-110,-7,228
fold3_room6_mix003.csv,722,1,2,-110,-7,228
fold3_room6_mix003.csv,723,1,2,-110,-7,228
fold3_room6_mix003.csv,724,1,2,-110,-7,228
fold3_room6_mix003.csv,725,1,2,-110,-7,228
fold3_room6_mix003.csv,726,1,2,-110,-7,228
fold3_room6_mix003.csv,727,1,2,-110,-7,228
fold3_room6_mix003.csv,728,1,2,-110,-7,229
fold3_room6_mix003.csv,729,1,2,-110,-7,229
fold3_room6_mix003.csv,730,1,2,-110,-7,229
fold3_room6_mix003.csv,731,1,2,-110,-7,229
fold3_room6_mix003.csv,732,1,2,-110,-7,229
fold3_room6_mix003.csv,733,1,2,-110,-7,228
fold3_room6_mix003.csv,734,1,2,-110,-7,228
fold3_room6_mix003.csv,740,1,2,-110,-8,226
fold3_room6_mix003.csv,741,1,2,-110,-7,228
fold3_room6_mix003.csv,742,1,2,-110,-7,230
fold3_room6_mix003.csv,743,1,2,-110,-7,231
fold3_room6_mix003.csv,744,1,2,-110,-7,230
fold3_room6_mix003.csv,755,1,2,-110,-7,230
fold3_room6_mix003.csv,756,1,2,-110,-7,229
fold3_room6_mix003.csv,757,1,2,-110,-7,230
fold3_room6_mix003.csv,758,1,2,-110,-7,230
fold3_room6_mix003.csv,759,1,2,-110,-7,229
fold3_room6_mix003.csv,760,1,2,-110,-7,228
fold3_room6_mix003.csv,761,1,2,-110,-7,227
fold3_room6_mix003.csv,762,1,2,-110,-7,227
fold3_room6_mix003.csv,763,1,2,-110,-7,227
fold3_room6_mix003.csv,764,1,2,-110,-7,227
fold3_room6_mix003.csv,765,1,2,-110,-7,227
fold3_room6_mix003.csv,766,1,2,-110,-7,227
fold3_room6_mix003.csv,767,1,2,-110,-7,227
fold3_room6_mix003.csv,768,1,2,-110,-7,227
fold3_room6_mix003.csv,769,1,2,-110,-7,227
fold3_room6_mix003.csv,770,1,2,-110,-7,227
fold3_room6_mix003.csv,771,1,2,-110,-7,227
fold3_room6_mix003.csv,772,1,2,-110,-7,226
fold3_room6_mix003.csv,773,1,2,-111,-8,226
fold3_room6_mix003.csv,774,1,2,-111,-8,226
fold3_room6_mix003.csv,790,1,2,-110,-7,227
fold3_room6_mix003.csv,791,1,2,-111,-7,229
fold3_room6_mix003.csv,792,1,2,-111,-7,230
fold3_room6_mix003.csv,793,1,2,-111,-7,230
fold3_room6_mix003.csv,794,1,2,-111,-7,229
fold3_room6_mix003.csv,795,1,2,-111,-7,228
fold3_room6_mix003.csv,796,1,2,-111,-8,226
fold3_room6_mix003.csv,797,1,2,-111,-8,226
fold3_room6_mix003.csv,798,1,2,-111,-7,227
fold3_room6_mix003.csv,799,1,2,-110,-7,229
fold3_room6_mix003.csv,880,1,2,-110,-7,227
fold3_room6_mix003.csv,881,1,2,-110,-8,226
fold3_room6_mix003.csv,882,1,2,-110,-8,224
fold3_room6_mix003.csv,883,1,2,-110,-8,223
fold3_room6_mix003.csv,884,1,2,-110,-8,223
fold3_room6_mix003.csv,930,1,2,-110,-7,228
fold3_room6_mix003.csv,931,1,2,-110,-7,229
fold3_room6_mix003.csv,932,1,2,-110,-7,230
fold3_room6_mix003.csv,933,1,2,-110,-7,230
fold3_room6_mix003.csv,934,1,2,-110,-7,230
fold3_room6_mix003.csv,1035,1,2,-110,-7,231
fold3_room6_mix003.csv,1036,1,2,-110,-7,231
fold3_room6_mix003.csv,1037,1,2,-110,-7,231
fold3_room6_mix003.csv,1038,1,2,-110,-7,230
fold3_room6_mix003.csv,1039,1,2,-110,-7,230
fold3_room6_mix003.csv,1040,1,2,-110,-7,231
fold3_room6_mix003.csv,1041,1,2,-110,-7,231
fold3_room6_mix003.csv,1042,1,2,-110,-7,230
fold3_room6_mix003.csv,1043,1,2,-110,-7,231
fold3_room6_mix003.csv,1044,1,2,-110,-7,231
fold3_room6_mix003.csv,1045,1,2,-110,-7,231
fold3_room6_mix003.csv,1046,1,2,-110,-7,231
fold3_room6_mix003.csv,1047,1,2,-110,-7,231
fold3_room6_mix003.csv,1048,1,2,-110,-7,231
fold3_room6_mix003.csv,1049,1,2,-110,-7,231
fold3_room6_mix003.csv,1050,1,2,-110,-7,231
fold3_room6_mix003.csv,1051,1,2,-110,-7,231
fold3_room6_mix003.csv,1052,1,2,-110,-7,231
fold3_room6_mix003.csv,1053,1,2,-110,-7,231
fold3_room6_mix003.csv,1054,1,2,-110,-7,231
fold3_room6_mix003.csv,1055,1,2,-110,-7,231
fold3_room6_mix003.csv,1056,1,2,-110,-7,231
fold3_room6_mix003.csv,1057,1,2,-110,-7,231
fold3_room6_mix003.csv,1058,1,2,-110,-7,231
fold3_room6_mix003.csv,1059,1,2,-110,-7,231
fold3_room6_mix003.csv,1060,1,2,-110,-7,231
fold3_room6_mix003.csv,1061,1,2,-110,-7,230
fold3_room6_mix003.csv,1062,1,2,-110,-7,230
fold3_room6_mix003.csv,1063,1,2,-110,-7,229
fold3_room6_mix003.csv,1064,1,2,-110,-7,228
fold3_room6_mix003.csv,1065,1,2,-110,-7,228
fold3_room6_mix003.csv,1066,1,2,-110,-7,228
fold3_room6_mix003.csv,1067,1,2,-110,-7,228
fold3_room6_mix003.csv,1068,1,2,-110,-7,228
fold3_room6_mix003.csv,1069,1,2,-110,-7,228
fold3_room6_mix003.csv,1180,1,2,-110,-7,230
fold3_room6_mix003.csv,1181,1,2,-110,-7,231
fold3_room6_mix003.csv,1182,1,2,-110,-7,231
fold3_room6_mix003.csv,1183,1,2,-110,-7,231
fold3_room6_mix003.csv,1184,1,2,-110,-7,231
fold3_room6_mix003.csv,1185,1,2,-110,-7,231
fold3_room6_mix003.csv,1186,1,2,-110,-7,231
fold3_room6_mix003.csv,1187,1,2,-110,-7,231
fold3_room6_mix003.csv,1188,1,2,-110,-7,231
fold3_room6_mix003.csv,1189,1,2,-110,-7,231
fold3_room6_mix003.csv,1190,1,2,-110,-7,230
fold3_room6_mix003.csv,1191,1,2,-110,-7,230
fold3_room6_mix003.csv,1192,1,2,-110,-7,230
fold3_room6_mix003.csv,1193,1,2,-110,-7,230
fold3_room6_mix003.csv,1194,1,2,-110,-7,230
fold3_room6_mix003.csv,1195,1,2,-110,-7,230
fold3_room6_mix003.csv,1196,1,2,-110,-7,230
fold3_room6_mix003.csv,1197,1,2,-110,-7,230
fold3_room6_mix003.csv,1198,1,2,-110,-7,230
fold3_room6_mix003.csv,1199,1,2,-110,-7,230
fold3_room6_mix003.csv,1200,1,2,-110,-7,231
fold3_room6_mix003.csv,1201,1,2,-110,-7,230
fold3_room6_mix003.csv,1202,1,2,-110,-7,230
fold3_room6_mix003.csv,1203,1,2,-110,-7,230
fold3_room6_mix003.csv,1204,1,2,-110,-7,230
fold3_room6_mix003.csv,1205,1,2,-110,-7,229
fold3_room6_mix003.csv,1206,1,2,-110,-7,228
fold3_room6_mix003.csv,1207,1,2,-110,-7,227
fold3_room6_mix003.csv,1208,1,2,-110,-8,226
fold3_room6_mix003.csv,1209,1,2,-110,-8,226
fold3_room6_mix003.csv,1210,1,2,-110,-8,226
fold3_room6_mix003.csv,1211,1,2,-110,-8,226
fold3_room6_mix003.csv,1212,1,2,-110,-8,227
fold3_room6_mix003.csv,1213,1,2,-110,-8,227
fold3_room6_mix003.csv,1214,1,2,-110,-8,227
fold3_room6_mix003.csv,1215,1,2,-110,-8,227
fold3_room6_mix003.csv,1216,1,2,-110,-8,227
fold3_room6_mix003.csv,1217,1,2,-110,-7,227
fold3_room6_mix003.csv,1218,1,2,-110,-7,227
fold3_room6_mix003.csv,1219,1,2,-110,-7,228
fold3_room6_mix003.csv,1220,1,2,-110,-7,228
fold3_room6_mix003.csv,1221,1,2,-110,-7,229
fold3_room6_mix003.csv,1222,1,2,-109,-7,230
fold3_room6_mix003.csv,1223,1,2,-109,-7,231
fold3_room6_mix003.csv,1224,1,2,-109,-7,232
fold3_room6_mix003.csv,1225,1,2,-109,-7,232
fold3_room6_mix003.csv,1226,1,2,-109,-7,232
fold3_room6_mix003.csv,1227,1,2,-109,-7,231
fold3_room6_mix003.csv,1228,1,2,-109,-7,231
fold3_room6_mix003.csv,1229,1,2,-110,-7,231
fold3_room6_mix003.csv,1230,1,2,-110,-7,231
fold3_room6_mix003.csv,1231,1,2,-110,-7,231
fold3_room6_mix003.csv,1232,1,2,-110,-7,231
fold3_room6_mix003.csv,1233,1,2,-110,-7,231
fold3_room6_mix003.csv,1234,1,2,-110,-7,231
fold3_room6_mix003.csv,1245,1,2,-110,-7,231
fold3_room6_mix003.csv,1246,1,2,-110,-7,231
fold3_room6_mix003.csv,1247,1,2,-110,-7,231
fold3_room6_mix003.csv,1248,1,2,-110,-7,231
fold3_room6_mix003.csv,1249,1,2,-110,-7,231
fold3_room6_mix003.csv,1250,1,2,-110,-7,231
fold3_room6_mix003.csv,1251,1,2,-110,-7,231
fold3_room6_mix003.csv,1252,1,2,-110,-7,231
fold3_room6_mix003.csv,1253,1,2,-110,-7,231
fold3_room6_mix003.csv,1254,1,2,-110,-7,231
fold3_room6_mix003.csv,1255,1,2,-110,-7,231
fold3_room6_mix003.csv,1256,1,2,-110,-7,231
fold3_room6_mix003.csv,1257,1,2,-110,-7,231
fold3_room6_mix003.csv,1258,1,2,-110,-7,231
fold3_room6_mix003.csv,1259,1,2,-110,-7,231
fold3_room6_mix003.csv,1260,1,2,-110,-7,231
fold3_room6_mix003.csv,1261,1,2,-110,-7,231
fold3_room6_mix003.csv,1262,1,2,-110,-7,231
fold3_room6_mix003.csv,1263,1,2,-110,-7,231
fold3_room6_mix003.csv,1264,1,2,-110,-7,231
fold3_room6_mix003.csv,1265,1,2,-110,-7,231
fold3_room6_mix003.csv,1266,1,2,-110,-7,231
fold3_room6_mix003.csv,1267,1,2,-110,-7,231
fold3_room6_mix003.csv,1268,1,2,-110,-7,231
fold3_room6_mix003.csv,1269,1,2,-110,-7,231
fold3_room6_mix003.csv,1270,1,2,-110,-7,231
fold3_room6_mix003.csv,1271,1,2,-110,-7,231
fold3_room6_mix003.csv,1272,1,2,-110,-7,231
fold3_room6_mix003.csv,1273,1,2,-110,-7,231
fold3_room6_mix003.csv,1274,1,2,-110,-7,231
fold3_room6_mix003.csv,1275,1,2,-110,-7,231
fold3_room6_mix003.csv,1276,1,2,-110,-7,230
fold3_room6_mix003.csv,1277,1,2,-110,-7,230
fold3_room6_mix003.csv,1278,1,2,-110,-7,230
fold3_room6_mix003.csv,1279,1,2,-110,-7,230
fold3_room6_mix003.csv,1280,1,2,-110,-7,230
fold3_room6_mix003.csv,1281,1,2,-110,-7,230
fold3_room6_mix003.csv,1282,1,2,-110,-7,230
fold3_room6_mix003.csv,1283,1,2,-110,-7,230
fold3_room6_mix003.csv,1284,1,2,-110,-7,230
fold3_room6_mix003.csv,1285,1,2,-110,-7,230
fold3_room6_mix003.csv,1286,1,2,-110,-7,230
fold3_room6_mix003.csv,1287,1,2,-110,-7,230
fold3_room6_mix003.csv,1288,1,2,-110,-7,231
fold3_room6_mix003.csv,1289,1,2,-110,-7,231
fold3_room6_mix003.csv,1290,1,2,-110,-7,231
fold3_room6_mix003.csv,1291,1,2,-110,-7,231
fold3_room6_mix003.csv,1292,1,2,-110,-7,231
fold3_room6_mix003.csv,1293,1,2,-110,-7,231
fold3_room6_mix003.csv,1294,1,2,-110,-7,231
fold3_room6_mix003.csv,1295,1,2,-110,-7,231
fold3_room6_mix003.csv,1296,1,2,-110,-7,231
fold3_room6_mix003.csv,1297,1,2,-110,-7,231
fold3_room6_mix003.csv,1298,1,2,-110,-7,231
fold3_room6_mix003.csv,1299,1,2,-110,-7,231
fold3_room6_mix003.csv,1300,1,2,-110,-7,231
fold3_room6_mix003.csv,1301,1,2,-110,-7,231
fold3_room6_mix003.csv,1302,1,2,-110,-7,231
fold3_room6_mix003.csv,1303,1,2,-110,-7,231
fold3_room6_mix003.csv,1304,1,2,-110,-7,231
fold3_room6_mix003.csv,1305,1,2,-110,-7,231
fold3_room6_mix003.csv,1306,1,2,-110,-7,231
fold3_room6_mix003.csv,1307,1,2,-110,-7,231
fold3_room6_mix003.csv,1308,1,2,-110,-7,231
fold3_room6_mix003.csv,1309,1,2,-110,-7,231
fold3_room6_mix003.csv,1310,1,2,-110,-7,230
fold3_room6_mix003.csv,1311,1,2,-110,-7,230
fold3_room6_mix003.csv,1312,1,2,-110,-7,230
fold3_room6_mix003.csv,1313,1,2,-110,-7,231
fold3_room6_mix003.csv,1314,1,2,-110,-7,231
fold3_room6_mix003.csv,1315,1,2,-110,-7,231
fold3_room6_mix003.csv,1316,1,2,-110,-7,231
fold3_room6_mix003.csv,1317,1,2,-110,-7,231
fold3_room6_mix003.csv,1318,1,2,-110,-7,231
fold3_room6_mix003.csv,1319,1,2,-110,-7,231
fold3_room6_mix003.csv,1320,1,2,-110,-7,231
fold3_room6_mix003.csv,1321,1,2,-110,-7,230
fold3_room6_mix003.csv,1322,1,2,-110,-7,231
fold3_room6_mix003.csv,1323,1,2,-110,-7,231
fold3_room6_mix003.csv,1324,1,2,-110,-7,231
fold3_room6_mix003.csv,1325,1,2,-110,-7,231
fold3_room6_mix003.csv,1326,1,2,-110,-7,231
fold3_room6_mix003.csv,1327,1,2,-110,-7,230
fold3_room6_mix003.csv,1328,1,2,-110,-7,231
fold3_room6_mix003.csv,1329,1,2,-110,-7,230
fold3_room6_mix003.csv,1410,1,2,-110,-7,230
fold3_room6_mix003.csv,1411,1,2,-110,-7,230
fold3_room6_mix003.csv,1412,1,2,-110,-7,230
fold3_room6_mix003.csv,1413,1,2,-110,-7,230
fold3_room6_mix003.csv,1414,1,2,-110,-7,230
fold3_room6_mix003.csv,1415,1,2,-110,-7,230
fold3_room6_mix003.csv,1416,1,2,-110,-7,230
fold3_room6_mix003.csv,1417,1,2,-110,-7,230
fold3_room6_mix003.csv,1418,1,2,-110,-7,230
fold3_room6_mix003.csv,1419,1,2,-110,-7,230
fold3_room6_mix003.csv,1420,1,2,-110,-7,230
fold3_room6_mix003.csv,1421,1,2,-110,-7,230
fold3_room6_mix003.csv,1422,1,2,-110,-7,230
fold3_room6_mix003.csv,1423,1,2,-110,-7,230
fold3_room6_mix003.csv,1424,1,2,-110,-7,230
fold3_room6_mix003.csv,1425,1,2,-110,-7,230
fold3_room6_mix003.csv,1426,1,2,-110,-7,230
fold3_room6_mix003.csv,1427,1,2,-110,-7,230
fold3_room6_mix003.csv,1428,1,2,-110,-7,230
fold3_room6_mix003.csv,1429,1,2,-110,-7,230
fold3_room6_mix003.csv,1430,1,2,-110,-7,230
fold3_room6_mix003.csv,1431,1,2,-110,-7,230
fold3_room6_mix003.csv,1432,1,2,-110,-7,230
fold3_room6_mix003.csv,1433,1,2,-110,-7,230
fold3_room6_mix003.csv,1434,1,2,-110,-7,230
fold3_room6_mix003.csv,1435,1,2,-110,-7,230
fold3_room6_mix003.csv,1436,1,2,-110,-7,230
fold3_room6_mix003.csv,1437,1,2,-110,-7,230
fold3_room6_mix003.csv,1438,1,2,-110,-7,230
fold3_room6_mix003.csv,1439,1,2,-110,-7,229
fold3_room6_mix003.csv,1440,1,2,-110,-7,229
fold3_room6_mix003.csv,1441,1,2,-110,-7,230
fold3_room6_mix003.csv,1442,1,2,-110,-7,230
fold3_room6_mix003.csv,1443,1,2,-110,-7,230
fold3_room6_mix003.csv,1444,1,2,-110,-7,230
fold3_room6_mix003.csv,1445,1,2,-110,-7,230
fold3_room6_mix003.csv,1446,1,2,-110,-7,230
fold3_room6_mix003.csv,1447,1,2,-110,-7,230
fold3_room6_mix003.csv,1448,1,2,-110,-7,230
fold3_room6_mix003.csv,1449,1,2,-110,-7,230
fold3_room6_mix003.csv,1450,1,2,-110,-7,230
fold3_room6_mix003.csv,1451,1,2,-110,-7,230
fold3_room6_mix003.csv,1452,1,2,-110,-7,230
fold3_room6_mix003.csv,1453,1,2,-110,-7,230
fold3_room6_mix003.csv,1454,1,2,-110,-7,230
fold3_room6_mix003.csv,1455,1,2,-110,-7,230
fold3_room6_mix003.csv,1456,1,2,-110,-7,230
fold3_room6_mix003.csv,1457,1,2,-110,-7,230
fold3_room6_mix003.csv,1458,1,2,-110,-7,230
fold3_room6_mix003.csv,1459,1,2,-110,-7,230
fold3_room6_mix003.csv,1460,1,2,-110,-7,230
fold3_room6_mix003.csv,1461,1,2,-110,-7,230
fold3_room6_mix003.csv,1462,1,2,-110,-7,231
fold3_room6_mix003.csv,1463,1,2,-110,-7,231
fold3_room6_mix003.csv,1464,1,2,-110,-7,231
fold3_room6_mix003.csv,1465,1,2,-110,-7,231
fold3_room6_mix003.csv,1466,1,2,-110,-7,231
fold3_room6_mix003.csv,1467,1,2,-110,-7,232
fold3_room6_mix003.csv,1468,1,2,-110,-7,232
fold3_room6_mix003.csv,1469,1,2,-110,-7,231
fold3_room6_mix003.csv,1470,1,2,-110,-7,231
fold3_room6_mix003.csv,1471,1,2,-110,-7,231
fold3_room6_mix003.csv,1472,1,2,-110,-7,231
fold3_room6_mix003.csv,1473,1,2,-110,-7,231
fold3_room6_mix003.csv,1474,1,2,-110,-7,231
fold3_room6_mix003.csv,1475,1,2,-110,-7,231
fold3_room6_mix003.csv,1476,1,2,-110,-7,232
fold3_room6_mix003.csv,1477,1,2,-110,-7,232
fold3_room6_mix003.csv,1478,1,2,-111,-7,232
fold3_room6_mix003.csv,1479,1,2,-111,-7,231
fold3_room6_mix003.csv,1480,1,2,-110,-7,231
fold3_room6_mix003.csv,1481,1,2,-110,-7,231
fold3_room6_mix003.csv,1482,1,2,-110,-7,230
fold3_room6_mix003.csv,1483,1,2,-110,-7,230
fold3_room6_mix003.csv,1484,1,2,-110,-7,229
fold3_room6_mix003.csv,1485,1,2,-110,-7,229
fold3_room6_mix003.csv,1486,1,2,-110,-7,229
fold3_room6_mix003.csv,1487,1,2,-110,-7,229
fold3_room6_mix003.csv,1488,1,2,-110,-7,229
fold3_room6_mix003.csv,1489,1,2,-110,-7,228
fold3_room6_mix003.csv,1490,1,2,-110,-7,228
fold3_room6_mix003.csv,1491,1,2,-110,-7,228
fold3_room6_mix003.csv,1492,1,2,-110,-7,229
fold3_room6_mix003.csv,1493,1,2,-110,-7,229
fold3_room6_mix003.csv,1494,1,2,-110,-7,229
fold3_room6_mix003.csv,1495,1,2,-110,-7,229
fold3_room6_mix003.csv,1496,1,2,-110,-7,229
fold3_room6_mix003.csv,1497,1,2,-110,-7,229
fold3_room6_mix003.csv,1498,1,2,-110,-7,229
fold3_room6_mix003.csv,1499,1,2,-110,-7,229
fold3_room6_mix003.csv,1500,1,2,-110,-7,229
fold3_room6_mix003.csv,1501,1,2,-110,-7,229
fold3_room6_mix003.csv,1502,1,2,-110,-7,229
fold3_room6_mix003.csv,1503,1,2,-110,-7,229
fold3_room6_mix003.csv,1504,1,2,-110,-7,229
fold3_room6_mix003.csv,1505,1,2,-110,-7,229
fold3_room6_mix003.csv,1506,1,2,-110,-7,229
fold3_room6_mix003.csv,1507,1,2,-110,-7,229
fold3_room6_mix003.csv,1508,1,2,-110,-7,229
fold3_room6_mix003.csv,1509,1,2,-110,-7,229
fold3_room6_mix003.csv,1510,1,2,-110,-7,229
fold3_room6_mix003.csv,1511,1,2,-110,-7,229
fold3_room6_mix003.csv,1512,1,2,-110,-7,229
fold3_room6_mix003.csv,1513,1,2,-110,-7,229
fold3_room6_mix003.csv,1514,1,2,-110,-7,229
fold3_room6_mix003.csv,1515,1,2,-110,-7,230
fold3_room6_mix003.csv,1516,1,2,-110,-7,230
fold3_room6_mix003.csv,1517,1,2,-110,-7,230
fold3_room6_mix003.csv,1518,1,2,-110,-7,230
fold3_room6_mix003.csv,1519,1,2,-110,-7,230
fold3_room6_mix003.csv,1520,1,2,-110,-7,230
fold3_room6_mix003.csv,1521,1,2,-110,-7,230
fold3_room6_mix003.csv,1522,1,2,-110,-7,230
fold3_room6_mix003.csv,1523,1,2,-110,-7,230
fold3_room6_mix003.csv,1524,1,2,-110,-7,230
fold3_room6_mix003.csv,1525,1,2,-110,-7,230
fold3_room6_mix003.csv,1526,1,2,-109,-7,230
fold3_room6_mix003.csv,1527,1,2,-109,-7,230
fold3_room6_mix003.csv,1528,1,2,-109,-7,230
fold3_room6_mix003.csv,1529,1,2,-108,-8,230
fold3_room6_mix003.csv,1530,1,2,-108,-8,229
fold3_room6_mix003.csv,1531,1,2,-108,-8,229
fold3_room6_mix003.csv,1532,1,2,-108,-8,229
fold3_room6_mix003.csv,1533,1,2,-108,-8,230
fold3_room6_mix003.csv,1534,1,2,-108,-7,229
fold3_room6_mix003.csv,1535,1,2,-109,-7,229
fold3_room6_mix003.csv,1536,1,2,-109,-7,229
fold3_room6_mix003.csv,1537,1,2,-109,-7,229
fold3_room6_mix003.csv,1538,1,2,-110,-7,229
fold3_room6_mix003.csv,1539,1,2,-110,-7,229
fold3_room6_mix003.csv,1540,1,2,-111,-7,229
fold3_room6_mix003.csv,1541,1,2,-112,-7,229
fold3_room6_mix003.csv,1542,1,2,-113,-7,229
fold3_room6_mix003.csv,1543,1,2,-114,-8,230
fold3_room6_mix003.csv,1544,1,2,-114,-8,230
fold3_room6_mix003.csv,1545,1,2,-114,-8,230
fold3_room6_mix003.csv,1546,1,2,-114,-8,230
fold3_room6_mix003.csv,1547,1,2,-114,-8,230
fold3_room6_mix003.csv,1548,1,2,-114,-8,230
fold3_room6_mix003.csv,1549,1,2,-114,-8,230
fold3_room6_mix003.csv,1550,1,2,-114,-8,230
fold3_room6_mix003.csv,1551,1,2,-113,-8,230
fold3_room6_mix003.csv,1552,1,2,-113,-8,230
fold3_room6_mix003.csv,1553,1,2,-113,-8,230
fold3_room6_mix003.csv,1554,1,2,-113,-8,230
fold3_room6_mix003.csv,1555,1,2,-113,-8,230
fold3_room6_mix003.csv,1556,1,2,-113,-7,230
fold3_room6_mix003.csv,1557,1,2,-113,-7,230
fold3_room6_mix003.csv,1558,1,2,-113,-7,230
fold3_room6_mix003.csv,1559,1,2,-113,-7,230
fold3_room6_mix003.csv,1560,1,2,-113,-7,230
fold3_room6_mix003.csv,1561,1,2,-112,-7,230
fold3_room6_mix003.csv,1562,1,2,-112,-7,229
fold3_room6_mix003.csv,1563,1,2,-111,-7,229
fold3_room6_mix003.csv,1564,1,2,-109,-7,229
fold3_room6_mix003.csv,1565,1,2,-109,-7,229
fold3_room6_mix003.csv,1566,1,2,-109,-8,228
fold3_room6_mix003.csv,1567,1,2,-109,-8,228
fold3_room6_mix003.csv,1568,1,2,-109,-8,228
fold3_room6_mix003.csv,1569,1,2,-109,-7,228
fold3_room6_mix003.csv,1570,1,2,-109,-7,229
fold3_room6_mix003.csv,1571,1,2,-109,-7,229
fold3_room6_mix003.csv,1572,1,2,-109,-7,229
fold3_room6_mix003.csv,1573,1,2,-109,-7,229
fold3_room6_mix003.csv,1574,1,2,-109,-7,229
fold3_room6_mix003.csv,1575,1,2,-109,-7,229
fold3_room6_mix003.csv,1576,1,2,-109,-7,229
fold3_room6_mix003.csv,1577,1,2,-109,-7,229
fold3_room6_mix003.csv,1578,1,2,-109,-7,229
fold3_room6_mix003.csv,1579,1,2,-109,-7,229
fold3_room6_mix003.csv,1580,1,2,-109,-7,229
fold3_room6_mix003.csv,1581,1,2,-110,-7,229
fold3_room6_mix003.csv,1582,1,2,-110,-7,229
fold3_room6_mix003.csv,1583,1,2,-111,-7,229
fold3_room6_mix003.csv,1584,1,2,-112,-7,229
fold3_room6_mix003.csv,1585,1,2,-113,-8,230
fold3_room6_mix003.csv,1586,1,2,-114,-8,230
fold3_room6_mix003.csv,1587,1,2,-114,-8,230
fold3_room6_mix003.csv,1588,1,2,-114,-8,230
fold3_room6_mix003.csv,1589,1,2,-114,-8,230
fold3_room6_mix003.csv,1590,1,2,-113,-8,230
fold3_room6_mix003.csv,1591,1,2,-113,-8,229
fold3_room6_mix003.csv,1592,1,2,-113,-7,229
fold3_room6_mix003.csv,1593,1,2,-112,-7,229
fold3_room6_mix003.csv,1594,1,2,-112,-7,229
fold3_room6_mix003.csv,1595,1,2,-111,-7,229
fold3_room6_mix003.csv,1596,1,2,-111,-7,229
fold3_room6_mix003.csv,1597,1,2,-110,-7,229
fold3_room6_mix003.csv,1598,1,2,-110,-7,229
fold3_room6_mix003.csv,1599,1,2,-110,-7,229
fold3_room6_mix003.csv,1600,1,2,-110,-7,229
fold3_room6_mix003.csv,1601,1,2,-109,-7,229
fold3_room6_mix003.csv,1602,1,2,-109,-7,229
fold3_room6_mix003.csv,1603,1,2,-110,-7,229
fold3_room6_mix003.csv,1604,1,2,-110,-7,229
fold3_room6_mix003.csv,1605,1,2,-110,-7,229
fold3_room6_mix003.csv,1606,1,2,-110,-7,229
fold3_room6_mix003.csv,1607,1,2,-110,-7,229
fold3_room6_mix003.csv,1608,1,2,-109,-7,229
fold3_room6_mix003.csv,1609,1,2,-110,-7,229
fold3_room6_mix003.csv,1610,1,2,-110,-7,228
fold3_room6_mix003.csv,1611,1,2,-111,-7,228
fold3_room6_mix003.csv,1612,1,2,-111,-7,229
fold3_room6_mix003.csv,1613,1,2,-110,-7,229
fold3_room6_mix003.csv,1614,1,2,-110,-7,229
fold3_room6_mix003.csv,1615,1,2,-110,-7,229
fold3_room6_mix003.csv,1616,1,2,-110,-7,229
fold3_room6_mix003.csv,1617,1,2,-110,-7,229
fold3_room6_mix003.csv,1618,1,2,-110,-7,229
fold3_room6_mix003.csv,1619,1,2,-110,-7,230
fold3_room6_mix003.csv,1620,1,2,-110,-7,230
fold3_room6_mix003.csv,1621,1,2,-110,-7,231
fold3_room6_mix003.csv,1622,1,2,-109,-7,231
fold3_room6_mix003.csv,1623,1,2,-109,-7,231
fold3_room6_mix003.csv,1624,1,2,-110,-7,231
fold3_room6_mix003.csv,1625,1,2,-110,-7,230
fold3_room6_mix003.csv,1626,1,2,-110,-7,230
fold3_room6_mix003.csv,1627,1,2,-110,-7,230
fold3_room6_mix003.csv,1628,1,2,-110,-7,230
fold3_room6_mix003.csv,1629,1,2,-109,-7,230
fold3_room6_mix003.csv,1630,1,2,-110,-7,230
fold3_room6_mix003.csv,1631,1,2,-110,-7,229
fold3_room6_mix003.csv,1632,1,2,-110,-7,229
fold3_room6_mix003.csv,1633,1,2,-110,-7,229
fold3_room6_mix003.csv,1634,1,2,-110,-7,229
fold3_room6_mix003.csv,1635,1,2,-110,-7,229
fold3_room6_mix003.csv,1636,1,2,-110,-7,229
fold3_room6_mix003.csv,1637,1,2,-110,-7,229
fold3_room6_mix003.csv,1638,1,2,-110,-7,229
fold3_room6_mix003.csv,1639,1,2,-110,-7,229
fold3_room6_mix003.csv,1640,1,2,-110,-7,229
fold3_room6_mix003.csv,1641,1,2,-110,-7,229
fold3_room6_mix003.csv,1642,1,2,-110,-7,229
fold3_room6_mix003.csv,1643,1,2,-110,-7,229
fold3_room6_mix003.csv,1644,1,2,-110,-7,229
fold3_room6_mix003.csv,1645,1,2,-110,-7,229
fold3_room6_mix003.csv,1646,1,2,-110,-7,229
fold3_room6_mix003.csv,1647,1,2,-110,-7,229
fold3_room6_mix003.csv,1648,1,2,-110,-7,229
fold3_room6_mix003.csv,1649,1,2,-110,-7,229
fold3_room6_mix003.csv,1650,1,2,-110,-7,229
fold3_room6_mix003.csv,1651,1,2,-110,-7,229
fold3_room6_mix003.csv,1652,1,2,-110,-7,229
fold3_room6_mix003.csv,1653,1,2,-110,-7,229
fold3_room6_mix003.csv,1654,1,2,-110,-7,229
fold3_room6_mix003.csv,1655,1,2,-110,-7,230
fold3_room6_mix003.csv,1656,1,2,-110,-7,230
fold3_room6_mix003.csv,1657,1,2,-110,-7,229
fold3_room6_mix003.csv,1658,1,2,-110,-7,229
fold3_room6_mix003.csv,1659,1,2,-110,-7,229
fold3_room6_mix003.csv,1660,1,2,-110,-7,229
fold3_room6_mix003.csv,1661,1,2,-110,-7,229
fold3_room6_mix003.csv,1662,1,2,-110,-7,229
fold3_room6_mix003.csv,1663,1,2,-110,-7,229
fold3_room6_mix003.csv,1664,1,2,-110,-7,230
fold3_room6_mix003.csv,1665,1,2,-110,-7,230
fold3_room6_mix003.csv,1666,1,2,-110,-7,230
fold3_room6_mix003.csv,1667,1,2,-110,-7,230
fold3_room6_mix003.csv,1668,1,2,-110,-7,230
fold3_room6_mix003.csv,1669,1,2,-110,-7,230
fold3_room6_mix003.csv,1670,1,2,-110,-7,230
fold3_room6_mix003.csv,1671,1,2,-110,-7,230
fold3_room6_mix003.csv,1672,1,2,-110,-7,230
fold3_room6_mix003.csv,1673,1,2,-110,-7,230
fold3_room6_mix003.csv,1674,1,2,-110,-7,230
fold3_room6_mix003.csv,1730,1,2,-110,-7,230
fold3_room6_mix003.csv,1731,1,2,-110,-7,230
fold3_room6_mix003.csv,1732,1,2,-110,-7,230
fold3_room6_mix003.csv,1733,1,2,-110,-7,230
fold3_room6_mix003.csv,1734,1,2,-110,-7,230
fold3_room6_mix003.csv,1735,1,2,-110,-7,230
fold3_room6_mix003.csv,1736,1,2,-110,-7,230
fold3_room6_mix003.csv,1737,1,2,-110,-7,230
fold3_room6_mix003.csv,1738,1,2,-110,-7,230
fold3_room6_mix003.csv,1739,1,2,-110,-7,230
fold3_room6_mix003.csv,1740,1,2,-110,-7,230
fold3_room6_mix003.csv,1741,1,2,-110,-7,230
fold3_room6_mix003.csv,1742,1,2,-110,-7,230
fold3_room6_mix003.csv,1743,1,2,-110,-7,230
fold3_room6_mix003.csv,1744,1,2,-110,-7,230
fold3_room6_mix003.csv,1745,1,2,-110,-7,230
fold3_room6_mix003.csv,1746,1,2,-110,-7,230
fold3_room6_mix003.csv,1747,1,2,-110,-7,230
fold3_room6_mix003.csv,1748,1,2,-110,-7,230
fold3_room6_mix003.csv,1749,1,2,-110,-7,230
fold3_room6_mix003.csv,1750,1,2,-110,-7,230
fold3_room6_mix003.csv,1751,1,2,-110,-7,230
fold3_room6_mix003.csv,1752,1,2,-110,-7,230
fold3_room6_mix003.csv,1753,1,2,-110,-7,230
fold3_room6_mix003.csv,1754,1,2,-110,-7,230
fold3_room6_mix003.csv,1775,1,2,-110,-7,227
fold3_room6_mix003.csv,1776,1,2,-110,-7,227
fold3_room6_mix003.csv,1777,1,2,-110,-7,227
fold3_room6_mix003.csv,1778,1,2,-110,-7,227
fold3_room6_mix003.csv,1779,1,2,-110,-7,228
fold3_room6_mix003.csv,1780,1,2,-110,-7,228
fold3_room6_mix003.csv,1781,1,2,-110,-7,228
fold3_room6_mix003.csv,1782,1,2,-110,-7,228
fold3_room6_mix003.csv,1783,1,2,-110,-7,228
fold3_room6_mix003.csv,1784,1,2,-110,-7,228
fold3_room6_mix003.csv,1785,1,2,-110,-7,228
fold3_room6_mix003.csv,1786,1,2,-110,-7,228
fold3_room6_mix003.csv,1787,1,2,-110,-7,228
fold3_room6_mix003.csv,1788,1,2,-110,-7,228
fold3_room6_mix003.csv,1789,1,2,-110,-7,228
fold3_room6_mix003.csv,1790,1,2,-111,-7,228
fold3_room6_mix003.csv,1791,1,2,-111,-7,228
fold3_room6_mix003.csv,1792,1,2,-111,-7,228
fold3_room6_mix003.csv,1793,1,2,-111,-7,229
fold3_room6_mix003.csv,1794,1,2,-111,-7,229
fold3_room6_mix003.csv,1795,1,2,-111,-7,230
fold3_room6_mix003.csv,1796,1,2,-111,-7,230
fold3_room6_mix003.csv,1797,1,2,-111,-7,230
fold3_room6_mix003.csv,1798,1,2,-111,-7,230
fold3_room6_mix003.csv,1799,1,2,-111,-7,230
fold3_room6_mix003.csv,1800,1,2,-111,-7,231
fold3_room6_mix003.csv,1801,1,2,-111,-7,231
fold3_room6_mix003.csv,1802,1,2,-111,-7,231
fold3_room6_mix003.csv,1803,1,2,-111,-7,231
fold3_room6_mix003.csv,1804,1,2,-111,-7,231
fold3_room6_mix003.csv,1805,1,2,-111,-7,231
fold3_room6_mix003.csv,1806,1,2,-111,-7,231
fold3_room6_mix003.csv,1807,1,2,-111,-7,231
fold3_room6_mix003.csv,1808,1,2,-111,-7,231
fold3_room6_mix003.csv,1809,1,2,-111,-7,231
fold3_room6_mix003.csv,1810,1,2,-111,-7,231
fold3_room6_mix003.csv,1811,1,2,-111,-7,231
fold3_room6_mix003.csv,1812,1,2,-112,-7,231
fold3_room6_mix003.csv,1813,1,2,-112,-7,231
fold3_room6_mix003.csv,1814,1,2,-112,-7,231
fold3_room6_mix003.csv,1815,1,2,-112,-7,231
fold3_room6_mix003.csv,1816,1,2,-112,-7,232
fold3_room6_mix003.csv,1817,1,2,-112,-7,232
fold3_room6_mix003.csv,1818,1,2,-111,-7,232
fold3_room6_mix003.csv,1819,1,2,-111,-7,232
fold3_room6_mix003.csv,1820,1,2,-111,-7,232
fold3_room6_mix003.csv,1821,1,2,-111,-7,231
fold3_room6_mix003.csv,1822,1,2,-111,-7,231
fold3_room6_mix003.csv,1823,1,2,-111,-7,231
fold3_room6_mix003.csv,1824,1,2,-111,-7,230
fold3_room6_mix003.csv,1825,1,2,-111,-7,230
fold3_room6_mix003.csv,1826,1,2,-111,-7,230
fold3_room6_mix003.csv,1827,1,2,-111,-7,230
fold3_room6_mix003.csv,1828,1,2,-111,-7,230
fold3_room6_mix003.csv,1829,1,2,-111,-7,229
fold3_room6_mix003.csv,1830,1,2,-111,-7,228
fold3_room6_mix003.csv,1831,1,2,-111,-7,228
fold3_room6_mix003.csv,1832,1,2,-111,-7,227
fold3_room6_mix003.csv,1833,1,2,-111,-7,227
fold3_room6_mix003.csv,1834,1,2,-111,-7,227
fold3_room6_mix003.csv,1845,1,2,-111,-7,229
fold3_room6_mix003.csv,1846,1,2,-111,-7,229
fold3_room6_mix003.csv,1847,1,2,-111,-7,230
fold3_room6_mix003.csv,1848,1,2,-111,-7,230
fold3_room6_mix003.csv,1849,1,2,-111,-7,231
fold3_room6_mix003.csv,1850,1,2,-111,-7,231
fold3_room6_mix003.csv,1851,1,2,-111,-7,231
fold3_room6_mix003.csv,1852,1,2,-111,-7,231
fold3_room6_mix003.csv,1853,1,2,-111,-7,230
fold3_room6_mix003.csv,1854,1,2,-111,-7,230
fold3_room6_mix003.csv,1855,1,2,-111,-7,230
fold3_room6_mix003.csv,1856,1,2,-111,-7,230
fold3_room6_mix003.csv,1857,1,2,-111,-7,230
fold3_room6_mix003.csv,1858,1,2,-110,-7,230
fold3_room6_mix003.csv,1859,1,2,-110,-7,230
fold3_room6_mix003.csv,1860,1,2,-110,-7,230
fold3_room6_mix003.csv,1861,1,2,-110,-7,230
fold3_room6_mix003.csv,1862,1,2,-110,-7,230
fold3_room6_mix003.csv,1863,1,2,-110,-7,230
fold3_room6_mix003.csv,1864,1,2,-110,-7,230
fold3_room6_mix003.csv,1945,1,2,-110,-7,230
fold3_room6_mix003.csv,1946,1,2,-110,-7,230
fold3_room6_mix003.csv,1947,1,2,-110,-7,231
fold3_room6_mix003.csv,1948,1,2,-110,-7,232
fold3_room6_mix003.csv,1949,1,2,-110,-7,232
fold3_room6_mix003.csv,1950,1,2,-109,-7,231
fold3_room6_mix003.csv,1951,1,2,-109,-7,230
fold3_room6_mix003.csv,1952,1,2,-110,-7,229
fold3_room6_mix003.csv,1953,1,2,-110,-7,230
fold3_room6_mix003.csv,1954,1,2,-110,-7,232
fold3_room6_mix003.csv,1965,1,2,-110,-7,228
fold3_room6_mix003.csv,1966,1,2,-110,-7,229
fold3_room6_mix003.csv,1967,1,2,-110,-7,230
fold3_room6_mix003.csv,1968,1,2,-110,-7,229
fold3_room6_mix003.csv,1969,1,2,-110,-8,228
fold3_room6_mix003.csv,1980,1,2,-110,-7,229
fold3_room6_mix003.csv,1981,1,2,-110,-7,229
fold3_room6_mix003.csv,1982,1,2,-110,-7,229
fold3_room6_mix003.csv,1983,1,2,-110,-7,229
fold3_room6_mix003.csv,1984,1,2,-110,-7,229
fold3_room6_mix003.csv,1985,1,2,-110,-7,229
fold3_room6_mix003.csv,1986,1,2,-110,-7,229
fold3_room6_mix003.csv,1987,1,2,-110,-7,229
fold3_room6_mix003.csv,1988,1,2,-110,-7,229
fold3_room6_mix003.csv,1989,1,2,-110,-7,229
fold3_room6_mix003.csv,1990,1,2,-110,-7,229
fold3_room6_mix003.csv,1991,1,2,-110,-7,229
fold3_room6_mix003.csv,1992,1,2,-110,-7,229
fold3_room6_mix003.csv,1993,1,2,-110,-7,229
fold3_room6_mix003.csv,1994,1,2,-110,-7,229
fold3_room6_mix003.csv,1995,1,2,-110,-7,229
fold3_room6_mix003.csv,1996,1,2,-109,-7,229
fold3_room6_mix003.csv,1997,1,2,-109,-7,229
fold3_room6_mix003.csv,1998,1,2,-109,-7,229
fold3_room6_mix003.csv,1999,1,2,-109,-7,229
fold3_room6_mix003.csv,2000,1,2,-109,-7,229
fold3_room6_mix003.csv,2001,1,2,-109,-7,229
fold3_room6_mix003.csv,2002,1,2,-109,-7,229
fold3_room6_mix003.csv,2003,1,2,-109,-7,229
fold3_room6_mix003.csv,2004,1,2,-109,-7,229
fold3_room6_mix003.csv,2025,1,2,-109,-7,230
fold3_room6_mix003.csv,2026,1,2,-109,-7,230
fold3_room6_mix003.csv,2027,1,2,-109,-7,230
fold3_room6_mix003.csv,2028,1,2,-109,-7,230
fold3_room6_mix003.csv,2029,1,2,-110,-7,230
fold3_room6_mix003.csv,2040,1,2,-110,-7,228
fold3_room6_mix003.csv,2041,1,2,-111,-7,228
fold3_room6_mix003.csv,2042,1,2,-111,-7,228
fold3_room6_mix003.csv,2043,1,2,-111,-7,228
fold3_room6_mix003.csv,2044,1,2,-110,-7,228
fold3_room6_mix003.csv,2045,1,2,-110,-7,227
fold3_room6_mix003.csv,2046,1,2,-110,-7,227
fold3_room6_mix003.csv,2047,1,2,-111,-7,227
fold3_room6_mix003.csv,2048,1,2,-111,-7,226
fold3_room6_mix003.csv,2049,1,2,-111,-7,226
fold3_room6_mix003.csv,2050,1,2,-110,-7,227
fold3_room6_mix003.csv,2051,1,2,-110,-7,226
fold3_room6_mix003.csv,2052,1,2,-110,-7,226
fold3_room6_mix003.csv,2053,1,2,-111,-8,226
fold3_room6_mix003.csv,2054,1,2,-111,-8,226
fold3_room6_mix003.csv,2055,1,2,-111,-7,226
fold3_room6_mix003.csv,2056,1,2,-111,-7,227
fold3_room6_mix003.csv,2057,1,2,-111,-7,227
fold3_room6_mix003.csv,2058,1,2,-110,-7,227
fold3_room6_mix003.csv,2059,1,2,-110,-7,227
fold3_room6_mix003.csv,2060,1,2,-110,-7,228
fold3_room6_mix003.csv,2061,1,2,-110,-7,228
fold3_room6_mix003.csv,2062,1,2,-110,-7,228
fold3_room6_mix003.csv,2063,1,2,-110,-7,228
fold3_room6_mix003.csv,2064,1,2,-110,-7,228
fold3_room6_mix003.csv,2065,1,2,-110,-7,228
fold3_room6_mix003.csv,2066,1,2,-110,-7,228
fold3_room6_mix003.csv,2067,1,2,-110,-7,228
fold3_room6_mix003.csv,2068,1,2,-110,-7,229
fold3_room6_mix003.csv,2069,1,2,-110,-7,229
fold3_room6_mix003.csv,2070,1,2,-110,-7,229
fold3_room6_mix003.csv,2071,1,2,-110,-7,228
fold3_room6_mix003.csv,2072,1,2,-110,-7,228
fold3_room6_mix003.csv,2073,1,2,-110,-7,228
fold3_room6_mix003.csv,2074,1,2,-110,-7,228
fold3_room6_mix003.csv,2075,1,2,-110,-7,229
fold3_room6_mix003.csv,2076,1,2,-110,-7,229
fold3_room6_mix003.csv,2077,1,2,-110,-7,229
fold3_room6_mix003.csv,2078,1,2,-110,-7,229
fold3_room6_mix003.csv,2079,1,2,-110,-7,229
fold3_room6_mix003.csv,2080,1,2,-110,-7,229
fold3_room6_mix003.csv,2081,1,2,-110,-7,229
fold3_room6_mix003.csv,2082,1,2,-110,-7,229
fold3_room6_mix003.csv,2083,1,2,-110,-7,229
fold3_room6_mix003.csv,2084,1,2,-110,-7,229
fold3_room6_mix003.csv,2085,1,2,-110,-7,229
fold3_room6_mix003.csv,2086,1,2,-110,-7,229
fold3_room6_mix003.csv,2087,1,2,-110,-7,229
fold3_room6_mix003.csv,2088,1,2,-110,-7,229
fold3_room6_mix003.csv,2089,1,2,-110,-7,229
fold3_room6_mix003.csv,2090,1,2,-110,-7,229
fold3_room6_mix003.csv,2091,1,2,-110,-7,229
fold3_room6_mix003.csv,2092,1,2,-110,-7,229
fold3_room6_mix003.csv,2093,1,2,-110,-7,229
fold3_room6_mix003.csv,2094,1,2,-110,-7,229
fold3_room6_mix003.csv,2095,1,2,-110,-7,229
fold3_room6_mix003.csv,2096,1,2,-110,-7,229
fold3_room6_mix003.csv,2097,1,2,-110,-7,229
fold3_room6_mix003.csv,2098,1,2,-110,-7,229
fold3_room6_mix003.csv,2099,1,2,-111,-7,228
fold3_room6_mix003.csv,2170,1,2,-110,-7,229
fold3_room6_mix003.csv,2171,1,2,-110,-7,229
fold3_room6_mix003.csv,2172,1,2,-110,-7,229
fold3_room6_mix003.csv,2173,1,2,-110,-7,229
fold3_room6_mix003.csv,2174,1,2,-110,-7,229
fold3_room6_mix003.csv,2175,1,2,-110,-7,229
fold3_room6_mix003.csv,2176,1,2,-110,-7,229
fold3_room6_mix003.csv,2177,1,2,-110,-7,229
fold3_room6_mix003.csv,2178,1,2,-110,-7,229
fold3_room6_mix003.csv,2179,1,2,-110,-7,229
fold3_room6_mix003.csv,2180,1,2,-110,-7,229
fold3_room6_mix003.csv,2181,1,2,-110,-7,228
fold3_room6_mix003.csv,2182,1,2,-110,-7,228
fold3_room6_mix003.csv,2183,1,2,-111,-7,227
fold3_room6_mix003.csv,2184,1,2,-111,-7,227
fold3_room6_mix003.csv,2185,1,2,-111,-7,227
fold3_room6_mix003.csv,2186,1,2,-111,-7,227
fold3_room6_mix003.csv,2187,1,2,-111,-7,227
fold3_room6_mix003.csv,2188,1,2,-111,-7,227
fold3_room6_mix003.csv,2189,1,2,-111,-7,227
fold3_room6_mix003.csv,2190,1,2,-111,-7,227
fold3_room6_mix003.csv,2191,1,2,-111,-7,227
fold3_room6_mix003.csv,2192,1,2,-111,-7,227
fold3_room6_mix003.csv,2193,1,2,-111,-7,227
fold3_room6_mix003.csv,2194,1,2,-111,-7,227
fold3_room6_mix003.csv,2195,1,2,-111,-7,227
fold3_room6_mix003.csv,2196,1,2,-111,-7,227
fold3_room6_mix003.csv,2197,1,2,-111,-7,227
fold3_room6_mix003.csv,2198,1,2,-111,-7,227
fold3_room6_mix003.csv,2199,1,2,-111,-7,227
fold3_room6_mix003.csv,2340,1,2,-110,-7,231
fold3_room6_mix003.csv,2341,1,2,-110,-7,231
fold3_room6_mix003.csv,2342,1,2,-110,-7,231
fold3_room6_mix003.csv,2343,1,2,-110,-7,231
fold3_room6_mix003.csv,2344,1,2,-110,-7,231
fold3_room6_mix003.csv,2930,1,2,-111,-7,227
fold3_room6_mix003.csv,2931,1,2,-111,-7,227
fold3_room6_mix003.csv,2932,1,2,-111,-7,227
fold3_room6_mix003.csv,2933,1,2,-111,-7,228
fold3_room6_mix003.csv,2934,1,2,-111,-7,229
fold3_room6_mix003.csv,2935,1,2,-110,-7,230
fold3_room6_mix003.csv,2936,1,2,-110,-7,230
fold3_room6_mix003.csv,2937,1,2,-110,-7,229
fold3_room6_mix003.csv,2938,1,2,-110,-7,227
fold3_room6_mix003.csv,2939,1,2,-110,-8,224
fold3_room6_mix003.csv,2940,1,2,-110,-8,223
fold3_room6_mix003.csv,2941,1,2,-110,-8,223
fold3_room6_mix003.csv,2942,1,2,-110,-8,223
fold3_room6_mix003.csv,2943,1,2,-110,-8,224
fold3_room6_mix003.csv,2944,1,2,-110,-8,223
fold3_room6_mix003.csv,2965,1,2,-110,-8,223
fold3_room6_mix003.csv,2966,1,2,-111,-8,223
fold3_room6_mix003.csv,2967,1,2,-111,-8,223
fold3_room6_mix003.csv,2968,1,2,-111,-8,224
fold3_room6_mix003.csv,2969,1,2,-110,-8,224
fold3_room6_mix003.csv,2970,1,2,-110,-8,225
fold3_room6_mix003.csv,2971,1,2,-110,-8,225
fold3_room6_mix003.csv,2972,1,2,-110,-8,225
fold3_room6_mix003.csv,2973,1,2,-110,-8,225
fold3_room6_mix003.csv,2974,1,2,-111,-8,225
fold3_room6_mix003.csv,2975,1,2,-111,-8,226
fold3_room6_mix003.csv,2976,1,2,-111,-8,225
fold3_room6_mix003.csv,2977,1,2,-111,-8,223
fold3_room6_mix003.csv,2978,1,2,-111,-8,222
fold3_room6_mix003.csv,2979,1,2,-112,-9,221
fold3_room6_mix003.csv,2980,1,2,-112,-9,220
fold3_room6_mix003.csv,2981,1,2,-112,-9,220
fold3_room6_mix003.csv,2982,1,2,-112,-9,220
fold3_room6_mix003.csv,2983,1,2,-112,-9,220
fold3_room6_mix003.csv,2984,1,2,-112,-9,220
fold3_room6_mix003.csv,2985,1,2,-112,-9,220
fold3_room6_mix003.csv,2986,1,2,-112,-9,219
fold3_room6_mix003.csv,2987,1,2,-112,-9,219
fold3_room6_mix003.csv,2988,1,2,-112,-9,220
fold3_room6_mix003.csv,2989,1,2,-112,-9,221
fold3_room6_mix003.csv,2990,1,2,-112,-8,222
fold3_room6_mix003.csv,2991,1,2,-112,-8,223
fold3_room6_mix003.csv,2992,1,2,-112,-8,223
fold3_room6_mix003.csv,2993,1,2,-112,-8,223
fold3_room6_mix003.csv,2994,1,2,-111,-8,224
fold3_room6_mix003.csv,2995,1,2,-111,-7,226
fold3_room6_mix003.csv,2996,1,2,-110,-7,228
fold3_room6_mix003.csv,2997,1,2,-110,-7,229
fold3_room6_mix003.csv,2998,1,2,-110,-7,231
fold3_room6_mix003.csv,2999,1,2,-110,-7,230
fold3_room6_mix003.csv,3000,1,2,-110,-7,227
fold3_room6_mix003.csv,3001,1,2,-110,-8,224
fold3_room6_mix003.csv,3002,1,2,-110,-8,223
fold3_room6_mix003.csv,3003,1,2,-110,-8,221
fold3_room6_mix003.csv,3004,1,2,-110,-8,220
fold3_room6_mix003.csv,3005,1,2,-110,-8,221
fold3_room6_mix003.csv,3006,1,2,-110,-8,223
fold3_room6_mix003.csv,3007,1,2,-110,-8,224
fold3_room6_mix003.csv,3008,1,2,-110,-7,226
fold3_room6_mix003.csv,3009,1,2,-110,-7,227
fold3_room6_mix003.csv,3010,1,2,-110,-7,228
fold3_room6_mix003.csv,3011,1,2,-109,-7,229
fold3_room6_mix003.csv,3012,1,2,-109,-7,230
fold3_room6_mix003.csv,3013,1,2,-109,-7,230
fold3_room6_mix003.csv,3014,1,2,-109,-7,230
fold3_room6_mix003.csv,3015,1,2,-109,-7,229
fold3_room6_mix003.csv,3016,1,2,-109,-7,229
fold3_room6_mix003.csv,3017,1,2,-109,-7,229
fold3_room6_mix003.csv,3018,1,2,-109,-7,229
fold3_room6_mix003.csv,3019,1,2,-109,-7,230
fold3_room6_mix003.csv,3030,1,2,-110,-8,225
fold3_room6_mix003.csv,3031,1,2,-110,-7,226
fold3_room6_mix003.csv,3032,1,2,-110,-7,227
fold3_room6_mix003.csv,3033,1,2,-110,-7,227
fold3_room6_mix003.csv,3034,1,2,-110,-8,225
fold3_room6_mix003.csv,3035,1,2,-110,-8,222
fold3_room6_mix003.csv,3036,1,2,-110,-8,220
fold3_room6_mix003.csv,3037,1,2,-111,-8,221
fold3_room6_mix003.csv,3038,1,2,-111,-8,222
fold3_room6_mix003.csv,3039,1,2,-111,-8,222
fold3_room6_mix003.csv,3040,1,2,-111,-8,223
fold3_room6_mix003.csv,3041,1,2,-111,-8,224
fold3_room6_mix003.csv,3042,1,2,-111,-8,225
fold3_room6_mix003.csv,3043,1,2,-110,-7,226
fold3_room6_mix003.csv,3044,1,2,-110,-7,228
fold3_room6_mix003.csv,3045,1,2,-109,-7,231
fold3_room6_mix003.csv,3046,1,2,-109,-7,232
fold3_room6_mix003.csv,3047,1,2,-109,-7,232
fold3_room6_mix003.csv,3048,1,2,-109,-7,232
fold3_room6_mix003.csv,3049,1,2,-109,-7,231
fold3_room6_mix003.csv,3075,1,2,-113,-2,163
fold3_room6_mix003.csv,3076,1,2,-115,1,164
fold3_room6_mix003.csv,3077,1,2,-116,2,165
fold3_room6_mix003.csv,3078,1,2,-117,2,166
fold3_room6_mix003.csv,3079,1,2,-118,3,165
fold3_room6_mix004.csv,70,1,2,-12,-9,171
fold3_room6_mix004.csv,71,1,2,-12,-9,169
fold3_room6_mix004.csv,72,1,2,-12,-10,167
fold3_room6_mix004.csv,73,1,2,-12,-10,165
fold3_room6_mix004.csv,74,1,2,-11,-10,163
fold3_room6_mix004.csv,75,1,2,-11,-10,162
fold3_room6_mix004.csv,76,1,2,-10,-10,162
fold3_room6_mix004.csv,77,1,2,-10,-10,163
fold3_room6_mix004.csv,78,1,2,-10,-10,165
fold3_room6_mix004.csv,79,1,2,-10,-10,167
fold3_room6_mix004.csv,80,1,2,-11,-9,169
fold3_room6_mix004.csv,81,1,2,-11,-9,172
fold3_room6_mix004.csv,82,1,2,-12,-9,174
fold3_room6_mix004.csv,83,1,2,-12,-9,175
fold3_room6_mix004.csv,84,1,2,-12,-8,176
fold3_room6_mix004.csv,85,1,2,-12,-8,177
fold3_room6_mix004.csv,86,1,2,-12,-8,178
fold3_room6_mix004.csv,87,1,2,-13,-8,178
fold3_room6_mix004.csv,88,1,2,-13,-8,178
fold3_room6_mix004.csv,89,1,2,-13,-8,177
fold3_room6_mix004.csv,90,1,2,-13,-9,177
fold3_room6_mix004.csv,91,1,2,-13,-9,177
fold3_room6_mix004.csv,92,1,2,-13,-9,176
fold3_room6_mix004.csv,93,1,2,-13,-9,176
fold3_room6_mix004.csv,94,1,2,-13,-9,176
fold3_room6_mix004.csv,95,1,2,-13,-9,176
fold3_room6_mix004.csv,96,1,2,-14,-9,176
fold3_room6_mix004.csv,97,1,2,-14,-9,176
fold3_room6_mix004.csv,98,1,2,-14,-9,176
fold3_room6_mix004.csv,99,1,2,-14,-9,176
fold3_room6_mix004.csv,100,1,2,-14,-9,177
fold3_room6_mix004.csv,101,1,2,-15,-9,177
fold3_room6_mix004.csv,102,1,2,-15,-9,177
fold3_room6_mix004.csv,103,1,2,-15,-9,177
fold3_room6_mix004.csv,104,1,2,-16,-9,178
fold3_room6_mix004.csv,300,1,2,-17,-9,180
fold3_room6_mix004.csv,301,1,2,-17,-9,180
fold3_room6_mix004.csv,302,1,2,-17,-9,181
fold3_room6_mix004.csv,303,1,2,-17,-9,181
fold3_room6_mix004.csv,304,1,2,-18,-9,181
fold3_room6_mix004.csv,305,1,2,-18,-9,181
fold3_room6_mix004.csv,306,1,2,-18,-9,182
fold3_room6_mix004.csv,307,1,2,-17,-9,182
fold3_room6_mix004.csv,308,1,2,-17,-9,182
fold3_room6_mix004.csv,309,1,2,-17,-9,181
fold3_room6_mix004.csv,310,1,2,-17,-9,181
fold3_room6_mix004.csv,311,1,2,-17,-9,180
fold3_room6_mix004.csv,312,1,2,-17,-9,179
fold3_room6_mix004.csv,313,1,2,-17,-9,179
fold3_room6_mix004.csv,314,1,2,-17,-9,179
fold3_room6_mix004.csv,315,1,2,-17,-9,179
fold3_room6_mix004.csv,316,1,2,-17,-9,180
fold3_room6_mix004.csv,317,1,2,-17,-9,181
fold3_room6_mix004.csv,318,1,2,-17,-9,181
fold3_room6_mix004.csv,319,1,2,-17,-9,181
fold3_room6_mix004.csv,320,1,2,-18,-9,181
fold3_room6_mix004.csv,321,1,2,-18,-9,180
fold3_room6_mix004.csv,322,1,2,-18,-9,180
fold3_room6_mix004.csv,323,1,2,-19,-9,180
fold3_room6_mix004.csv,324,1,2,-19,-9,180
fold3_room6_mix004.csv,325,1,2,-19,-9,180
fold3_room6_mix004.csv,326,1,2,-19,-9,180
fold3_room6_mix004.csv,327,1,2,-18,-9,180
fold3_room6_mix004.csv,328,1,2,-18,-9,180
fold3_room6_mix004.csv,329,1,2,-18,-9,180
fold3_room6_mix004.csv,330,1,2,-18,-9,180
fold3_room6_mix004.csv,331,1,2,-18,-9,180
fold3_room6_mix004.csv,332,1,2,-17,-9,181
fold3_room6_mix004.csv,333,1,2,-17,-9,181
fold3_room6_mix004.csv,334,1,2,-17,-9,181
fold3_room6_mix004.csv,335,1,2,-18,-9,181
fold3_room6_mix004.csv,336,1,2,-18,-9,182
fold3_room6_mix004.csv,337,1,2,-18,-9,182
fold3_room6_mix004.csv,338,1,2,-18,-9,183
fold3_room6_mix004.csv,339,1,2,-18,-9,183
fold3_room6_mix004.csv,340,1,2,-18,-9,182
fold3_room6_mix004.csv,341,1,2,-18,-9,182
fold3_room6_mix004.csv,342,1,2,-17,-9,183
fold3_room6_mix004.csv,343,1,2,-17,-9,183
fold3_room6_mix004.csv,344,1,2,-17,-9,183
fold3_room6_mix004.csv,345,1,2,-17,-9,183
fold3_room6_mix004.csv,346,1,2,-17,-9,183
fold3_room6_mix004.csv,347,1,2,-17,-9,182
fold3_room6_mix004.csv,348,1,2,-18,-9,182
fold3_room6_mix004.csv,349,1,2,-18,-9,182
fold3_room6_mix004.csv,350,1,2,-18,-9,182
fold3_room6_mix004.csv,351,1,2,-18,-9,182
fold3_room6_mix004.csv,352,1,2,-18,-9,181
fold3_room6_mix004.csv,353,1,2,-18,-9,181
fold3_room6_mix004.csv,354,1,2,-18,-9,181
fold3_room6_mix004.csv,355,1,2,-18,-9,181
fold3_room6_mix004.csv,356,1,2,-19,-9,180
fold3_room6_mix004.csv,357,1,2,-19,-10,179
fold3_room6_mix004.csv,358,1,2,-19,-10,179
fold3_room6_mix004.csv,359,1,2,-19,-10,179
fold3_room6_mix004.csv,360,1,2,-19,-10,179
fold3_room6_mix004.csv,361,1,2,-19,-10,179
fold3_room6_mix004.csv,362,1,2,-19,-10,179
fold3_room6_mix004.csv,363,1,2,-19,-9,179
fold3_room6_mix004.csv,364,1,2,-19,-9,179
fold3_room6_mix004.csv,365,1,2,-19,-9,179
fold3_room6_mix004.csv,366,1,2,-19,-9,179
fold3_room6_mix004.csv,367,1,2,-19,-9,180
fold3_room6_mix004.csv,368,1,2,-19,-9,179
fold3_room6_mix004.csv,369,1,2,-19,-10,179
fold3_room6_mix004.csv,370,1,2,-19,-9,180
fold3_room6_mix004.csv,371,1,2,-19,-9,180
fold3_room6_mix004.csv,372,1,2,-19,-9,180
fold3_room6_mix004.csv,373,1,2,-18,-9,180
fold3_room6_mix004.csv,374,1,2,-18,-9,180
fold3_room6_mix004.csv,375,1,2,-18,-9,180
fold3_room6_mix004.csv,376,1,2,-18,-9,180
fold3_room6_mix004.csv,377,1,2,-17,-9,179
fold3_room6_mix004.csv,378,1,2,-17,-9,178
fold3_room6_mix004.csv,379,1,2,-17,-9,177
fold3_room6_mix004.csv,380,1,2,-17,-9,177
fold3_room6_mix004.csv,381,1,2,-17,-9,177
fold3_room6_mix004.csv,382,1,2,-17,-9,178
fold3_room6_mix004.csv,383,1,2,-17,-9,178
fold3_room6_mix004.csv,384,1,2,-18,-9,179
fold3_room6_mix004.csv,385,1,2,-18,-9,179
fold3_room6_mix004.csv,386,1,2,-18,-9,180
fold3_room6_mix004.csv,387,1,2,-18,-9,180
fold3_room6_mix004.csv,388,1,2,-18,-9,180
fold3_room6_mix004.csv,389,1,2,-18,-9,181
fold3_room6_mix004.csv,390,1,2,-19,-9,181
fold3_room6_mix004.csv,391,1,2,-19,-9,181
fold3_room6_mix004.csv,392,1,2,-19,-9,181
fold3_room6_mix004.csv,393,1,2,-19,-9,181
fold3_room6_mix004.csv,394,1,2,-19,-9,181
fold3_room6_mix004.csv,395,1,2,-19,-9,182
fold3_room6_mix004.csv,396,1,2,-19,-9,182
fold3_room6_mix004.csv,397,1,2,-19,-9,183
fold3_room6_mix004.csv,398,1,2,-18,-9,182
fold3_room6_mix004.csv,399,1,2,-18,-9,182
fold3_room6_mix004.csv,400,1,2,-17,-9,182
fold3_room6_mix004.csv,401,1,2,-17,-9,181
fold3_room6_mix004.csv,402,1,2,-17,-9,181
fold3_room6_mix004.csv,403,1,2,-17,-9,181
fold3_room6_mix004.csv,404,1,2,-17,-9,181
fold3_room6_mix004.csv,405,1,2,-17,-9,180
fold3_room6_mix004.csv,406,1,2,-17,-9,181
fold3_room6_mix004.csv,407,1,2,-17,-9,180
fold3_room6_mix004.csv,408,1,2,-17,-9,180
fold3_room6_mix004.csv,409,1,2,-17,-9,181
fold3_room6_mix004.csv,410,1,2,-17,-9,181
fold3_room6_mix004.csv,411,1,2,-17,-9,181
fold3_room6_mix004.csv,412,1,2,-18,-9,180
fold3_room6_mix004.csv,413,1,2,-18,-9,180
fold3_room6_mix004.csv,414,1,2,-18,-9,181
fold3_room6_mix004.csv,415,1,2,-18,-9,181
fold3_room6_mix004.csv,416,1,2,-18,-9,181
fold3_room6_mix004.csv,417,1,2,-18,-9,181
fold3_room6_mix004.csv,418,1,2,-18,-9,181
fold3_room6_mix004.csv,419,1,2,-18,-9,181
fold3_room6_mix004.csv,420,1,2,-18,-9,181
fold3_room6_mix004.csv,421,1,2,-18,-9,181
fold3_room6_mix004.csv,422,1,2,-17,-9,181
fold3_room6_mix004.csv,423,1,2,-17,-9,181
fold3_room6_mix004.csv,424,1,2,-17,-9,181
fold3_room6_mix004.csv,425,1,2,-17,-9,181
fold3_room6_mix004.csv,426,1,2,-17,-9,181
fold3_room6_mix004.csv,427,1,2,-17,-9,181
fold3_room6_mix004.csv,428,1,2,-17,-9,181
fold3_room6_mix004.csv,429,1,2,-17,-9,181
fold3_room6_mix004.csv,430,1,2,-17,-9,180
fold3_room6_mix004.csv,431,1,2,-17,-9,180
fold3_room6_mix004.csv,432,1,2,-17,-9,180
fold3_room6_mix004.csv,433,1,2,-17,-9,180
fold3_room6_mix004.csv,434,1,2,-17,-9,180
fold3_room6_mix004.csv,435,1,2,-17,-9,180
fold3_room6_mix004.csv,436,1,2,-17,-9,180
fold3_room6_mix004.csv,437,1,2,-17,-9,180
fold3_room6_mix004.csv,438,1,2,-17,-9,180
fold3_room6_mix004.csv,439,1,2,-17,-9,180
fold3_room6_mix004.csv,450,1,2,-17,-9,179
fold3_room6_mix004.csv,451,1,2,-17,-9,180
fold3_room6_mix004.csv,452,1,2,-17,-9,181
fold3_room6_mix004.csv,453,1,2,-17,-9,180
fold3_room6_mix004.csv,454,1,2,-17,-9,179
fold3_room6_mix004.csv,455,1,2,-17,-9,180
fold3_room6_mix004.csv,456,1,2,-17,-9,181
fold3_room6_mix004.csv,457,1,2,-17,-9,180
fold3_room6_mix004.csv,458,1,2,-17,-9,180
fold3_room6_mix004.csv,459,1,2,-17,-9,180
fold3_room6_mix004.csv,465,1,2,-17,-9,182
fold3_room6_mix004.csv,466,1,2,-17,-9,182
fold3_room6_mix004.csv,467,1,2,-17,-9,182
fold3_room6_mix004.csv,468,1,2,-17,-9,182
fold3_room6_mix004.csv,469,1,2,-17,-9,181
fold3_room6_mix004.csv,470,1,2,-17,-9,181
fold3_room6_mix004.csv,471,1,2,-17,-9,181
fold3_room6_mix004.csv,472,1,2,-16,-9,181
fold3_room6_mix004.csv,473,1,2,-16,-9,180
fold3_room6_mix004.csv,474,1,2,-17,-9,180
fold3_room6_mix004.csv,475,1,2,-17,-9,180
fold3_room6_mix004.csv,476,1,2,-17,-9,180
fold3_room6_mix004.csv,477,1,2,-17,-9,179
fold3_room6_mix004.csv,478,1,2,-18,-9,179
fold3_room6_mix004.csv,479,1,2,-18,-9,179
fold3_room6_mix004.csv,480,1,2,-18,-9,179
fold3_room6_mix004.csv,481,1,2,-18,-9,179
fold3_room6_mix004.csv,482,1,2,-18,-9,179
fold3_room6_mix004.csv,483,1,2,-18,-9,179
fold3_room6_mix004.csv,484,1,2,-18,-9,179
fold3_room6_mix004.csv,485,1,2,-18,-9,179
fold3_room6_mix004.csv,486,1,2,-18,-9,179
fold3_room6_mix004.csv,487,1,2,-18,-9,179
fold3_room6_mix004.csv,488,1,2,-18,-9,179
fold3_room6_mix004.csv,489,1,2,-18,-9,179
fold3_room6_mix004.csv,490,1,2,-18,-9,179
fold3_room6_mix004.csv,491,1,2,-18,-9,179
fold3_room6_mix004.csv,492,1,2,-18,-9,179
fold3_room6_mix004.csv,493,1,2,-18,-9,179
fold3_room6_mix004.csv,494,1,2,-18,-9,179
fold3_room6_mix004.csv,540,1,2,-17,-9,181
fold3_room6_mix004.csv,541,1,2,-17,-9,181
fold3_room6_mix004.csv,542,1,2,-17,-9,179
fold3_room6_mix004.csv,543,1,2,-17,-9,178
fold3_room6_mix004.csv,544,1,2,-17,-9,178
fold3_room6_mix004.csv,545,1,2,-17,-9,178
fold3_room6_mix004.csv,546,1,2,-17,-9,178
fold3_room6_mix004.csv,547,1,2,-17,-9,179
fold3_room6_mix004.csv,548,1,2,-17,-9,179
fold3_room6_mix004.csv,549,1,2,-17,-9,178
fold3_room6_mix004.csv,555,1,2,-17,-9,179
fold3_room6_mix004.csv,556,1,2,-17,-9,179
fold3_room6_mix004.csv,557,1,2,-17,-9,179
fold3_room6_mix004.csv,558,1,2,-17,-9,179
fold3_room6_mix004.csv,559,1,2,-17,-9,179
fold3_room6_mix004.csv,560,1,2,-17,-9,179
fold3_room6_mix004.csv,561,1,2,-17,-9,179
fold3_room6_mix004.csv,562,1,2,-17,-9,179
fold3_room6_mix004.csv,563,1,2,-17,-9,179
fold3_room6_mix004.csv,564,1,2,-17,-9,180
fold3_room6_mix004.csv,565,1,2,-17,-9,180
fold3_room6_mix004.csv,566,1,2,-18,-9,179
fold3_room6_mix004.csv,567,1,2,-18,-10,177
fold3_room6_mix004.csv,568,1,2,-18,-9,178
fold3_room6_mix004.csv,569,1,2,-18,-9,179
fold3_room6_mix004.csv,570,1,2,-18,-9,179
fold3_room6_mix004.csv,571,1,2,-18,-9,179
fold3_room6_mix004.csv,572,1,2,-18,-9,179
fold3_room6_mix004.csv,573,1,2,-18,-9,179
fold3_room6_mix004.csv,574,1,2,-18,-9,179
fold3_room6_mix004.csv,575,1,2,-18,-9,179
fold3_room6_mix004.csv,576,1,2,-18,-9,180
fold3_room6_mix004.csv,577,1,2,-18,-9,180
fold3_room6_mix004.csv,578,1,2,-18,-9,180
fold3_room6_mix004.csv,579,1,2,-18,-9,181
fold3_room6_mix004.csv,580,1,2,-18,-9,181
fold3_room6_mix004.csv,581,1,2,-18,-9,181
fold3_room6_mix004.csv,582,1,2,-18,-9,181
fold3_room6_mix004.csv,583,1,2,-18,-9,181
fold3_room6_mix004.csv,584,1,2,-18,-9,181
fold3_room6_mix004.csv,585,1,2,-18,-9,181
fold3_room6_mix004.csv,586,1,2,-18,-9,181
fold3_room6_mix004.csv,587,1,2,-18,-9,181
fold3_room6_mix004.csv,588,1,2,-18,-9,180
fold3_room6_mix004.csv,589,1,2,-18,-9,180
fold3_room6_mix004.csv,595,1,2,-17,-9,182
fold3_room6_mix004.csv,596,1,2,-17,-9,182
fold3_room6_mix004.csv,597,1,2,-17,-9,182
fold3_room6_mix004.csv,598,1,2,-17,-9,182
fold3_room6_mix004.csv,599,1,2,-17,-9,182
fold3_room6_mix004.csv,600,1,2,-17,-9,182
fold3_room6_mix004.csv,601,1,2,-18,-9,182
fold3_room6_mix004.csv,602,1,2,-18,-9,182
fold3_room6_mix004.csv,603,1,2,-18,-9,182
fold3_room6_mix004.csv,604,1,2,-18,-9,182
fold3_room6_mix004.csv,605,1,2,-18,-9,181
fold3_room6_mix004.csv,606,1,2,-18,-9,180
fold3_room6_mix004.csv,607,1,2,-19,-9,179
fold3_room6_mix004.csv,608,1,2,-19,-9,180
fold3_room6_mix004.csv,609,1,2,-18,-9,181
fold3_room6_mix004.csv,620,1,2,-19,-9,179
fold3_room6_mix004.csv,621,1,2,-18,-9,180
fold3_room6_mix004.csv,622,1,2,-18,-9,180
fold3_room6_mix004.csv,623,1,2,-18,-9,179
fold3_room6_mix004.csv,624,1,2,-18,-9,179
fold3_room6_mix004.csv,635,1,2,-18,-9,182
fold3_room6_mix004.csv,636,1,2,-17,-9,182
fold3_room6_mix004.csv,637,1,2,-17,-9,183
fold3_room6_mix004.csv,638,1,2,-17,-9,183
fold3_room6_mix004.csv,639,1,2,-18,-9,183
fold3_room6_mix004.csv,650,1,2,-17,-9,181
fold3_room6_mix004.csv,651,1,2,-18,-9,180
fold3_room6_mix004.csv,652,1,2,-18,-9,181
fold3_room6_mix004.csv,653,1,2,-17,-9,181
fold3_room6_mix004.csv,654,1,2,-17,-9,181
fold3_room6_mix004.csv,675,1,2,-17,-9,182
fold3_room6_mix004.csv,676,1,2,-17,-9,182
fold3_room6_mix004.csv,677,1,2,-17,-9,182
fold3_room6_mix004.csv,678,1,2,-17,-9,182
fold3_room6_mix004.csv,679,1,2,-17,-9,181
fold3_room6_mix004.csv,680,1,2,-17,-9,181
fold3_room6_mix004.csv,681,1,2,-17,-9,181
fold3_room6_mix004.csv,682,1,2,-18,-9,181
fold3_room6_mix004.csv,683,1,2,-18,-9,181
fold3_room6_mix004.csv,684,1,2,-18,-9,181
fold3_room6_mix004.csv,685,1,2,-18,-9,181
fold3_room6_mix004.csv,686,1,2,-18,-9,182
fold3_room6_mix004.csv,687,1,2,-18,-9,182
fold3_room6_mix004.csv,688,1,2,-18,-9,182
fold3_room6_mix004.csv,689,1,2,-18,-9,182
fold3_room6_mix004.csv,690,1,2,-18,-9,182
fold3_room6_mix004.csv,691,1,2,-18,-9,182
fold3_room6_mix004.csv,692,1,2,-18,-9,183
fold3_room6_mix004.csv,693,1,2,-18,-9,182
fold3_room6_mix004.csv,694,1,2,-18,-9,183
fold3_room6_mix004.csv,695,1,2,-18,-9,182
fold3_room6_mix004.csv,696,1,2,-18,-9,182
fold3_room6_mix004.csv,697,1,2,-18,-9,182
fold3_room6_mix004.csv,698,1,2,-19,-9,182
fold3_room6_mix004.csv,699,1,2,-19,-9,182
fold3_room6_mix004.csv,700,1,2,-19,-10,181
fold3_room6_mix004.csv,701,1,2,-20,-10,180
fold3_room6_mix004.csv,702,1,2,-20,-10,180
fold3_room6_mix004.csv,703,1,2,-20,-10,180
fold3_room6_mix004.csv,704,1,2,-20,-10,180
fold3_room6_mix004.csv,705,1,2,-20,-10,180
fold3_room6_mix004.csv,706,1,2,-19,-10,181
fold3_room6_mix004.csv,707,1,2,-19,-9,181
fold3_room6_mix004.csv,708,1,2,-19,-9,181
fold3_room6_mix004.csv,709,1,2,-18,-9,181
fold3_room6_mix004.csv,710,1,2,-18,-9,182
fold3_room6_mix004.csv,711,1,2,-18,-9,182
fold3_room6_mix004.csv,712,1,2,-18,-9,182
fold3_room6_mix004.csv,713,1,2,-18,-9,182
fold3_room6_mix004.csv,714,1,2,-18,-9,182
fold3_room6_mix004.csv,725,1,2,-18,-9,182
fold3_room6_mix004.csv,726,1,2,-18,-9,181
fold3_room6_mix004.csv,727,1,2,-18,-9,180
fold3_room6_mix004.csv,728,1,2,-17,-9,181
fold3_room6_mix004.csv,729,1,2,-17,-9,181
fold3_room6_mix004.csv,730,1,2,-17,-9,180
fold3_room6_mix004.csv,731,1,2,-17,-9,180
fold3_room6_mix004.csv,732,1,2,-17,-9,181
fold3_room6_mix004.csv,733,1,2,-17,-9,181
fold3_room6_mix004.csv,734,1,2,-17,-9,181
fold3_room6_mix004.csv,735,1,2,-17,-9,181
fold3_room6_mix004.csv,736,1,2,-17,-9,181
fold3_room6_mix004.csv,737,1,2,-17,-9,180
fold3_room6_mix004.csv,738,1,2,-17,-9,180
fold3_room6_mix004.csv,739,1,2,-17,-9,180
fold3_room6_mix004.csv,740,1,2,-17,-9,181
fold3_room6_mix004.csv,741,1,2,-17,-9,180
fold3_room6_mix004.csv,742,1,2,-17,-9,180
fold3_room6_mix004.csv,743,1,2,-17,-9,181
fold3_room6_mix004.csv,744,1,2,-17,-9,181
fold3_room6_mix004.csv,745,1,2,-17,-9,180
fold3_room6_mix004.csv,746,1,2,-17,-9,180
fold3_room6_mix004.csv,747,1,2,-17,-9,181
fold3_room6_mix004.csv,748,1,2,-17,-9,180
fold3_room6_mix004.csv,749,1,2,-17,-9,180
fold3_room6_mix004.csv,750,1,2,-17,-9,180
fold3_room6_mix004.csv,751,1,2,-17,-9,180
fold3_room6_mix004.csv,752,1,2,-17,-9,179
fold3_room6_mix004.csv,753,1,2,-17,-9,179
fold3_room6_mix004.csv,754,1,2,-17,-9,180
fold3_room6_mix004.csv,755,1,2,-17,-9,180
fold3_room6_mix004.csv,756,1,2,-17,-9,180
fold3_room6_mix004.csv,757,1,2,-17,-9,180
fold3_room6_mix004.csv,758,1,2,-17,-9,180
fold3_room6_mix004.csv,759,1,2,-17,-9,180
fold3_room6_mix004.csv,760,1,2,-17,-9,180
fold3_room6_mix004.csv,761,1,2,-17,-9,181
fold3_room6_mix004.csv,762,1,2,-17,-9,181
fold3_room6_mix004.csv,763,1,2,-17,-9,181
fold3_room6_mix004.csv,764,1,2,-17,-9,181
fold3_room6_mix004.csv,765,1,2,-16,-9,181
fold3_room6_mix004.csv,766,1,2,-16,-9,181
fold3_room6_mix004.csv,767,1,2,-16,-9,181
fold3_room6_mix004.csv,768,1,2,-16,-9,181
fold3_room6_mix004.csv,769,1,2,-17,-9,180
fold3_room6_mix004.csv,770,1,2,-17,-9,181
fold3_room6_mix004.csv,771,1,2,-17,-9,181
fold3_room6_mix004.csv,772,1,2,-18,-9,181
fold3_room6_mix004.csv,773,1,2,-18,-9,181
fold3_room6_mix004.csv,774,1,2,-18,-9,181
fold3_room6_mix004.csv,825,1,2,-17,-9,181
fold3_room6_mix004.csv,826,1,2,-17,-9,181
fold3_room6_mix004.csv,827,1,2,-17,-9,180
fold3_room6_mix004.csv,828,1,2,-17,-9,181
fold3_room6_mix004.csv,829,1,2,-17,-9,181
fold3_room6_mix004.csv,830,1,2,-17,-9,180
fold3_room6_mix004.csv,831,1,2,-17,-9,180
fold3_room6_mix004.csv,832,1,2,-17,-9,180
fold3_room6_mix004.csv,833,1,2,-17,-9,180
fold3_room6_mix004.csv,834,1,2,-17,-9,180
fold3_room6_mix004.csv,835,1,2,-17,-9,180
fold3_room6_mix004.csv,836,1,2,-18,-9,181
fold3_room6_mix004.csv,837,1,2,-18,-9,182
fold3_room6_mix004.csv,838,1,2,-18,-9,182
fold3_room6_mix004.csv,839,1,2,-18,-9,182
fold3_room6_mix004.csv,840,1,2,-18,-9,182
fold3_room6_mix004.csv,841,1,2,-18,-9,183
fold3_room6_mix004.csv,842,1,2,-18,-9,184
fold3_room6_mix004.csv,843,1,2,-18,-9,184
fold3_room6_mix004.csv,844,1,2,-19,-9,184
fold3_room6_mix004.csv,845,1,2,-19,-9,184
fold3_room6_mix004.csv,846,1,2,-19,-9,184
fold3_room6_mix004.csv,847,1,2,-19,-9,185
fold3_room6_mix004.csv,848,1,2,-19,-9,185
fold3_room6_mix004.csv,849,1,2,-19,-9,185
fold3_room6_mix004.csv,850,1,2,-19,-9,185
fold3_room6_mix004.csv,851,1,2,-19,-9,185
fold3_room6_mix004.csv,852,1,2,-19,-9,185
fold3_room6_mix004.csv,853,1,2,-19,-9,184
fold3_room6_mix004.csv,854,1,2,-19,-9,185
fold3_room6_mix004.csv,855,1,2,-19,-9,185
fold3_room6_mix004.csv,856,1,2,-19,-9,185
fold3_room6_mix004.csv,857,1,2,-19,-9,185
fold3_room6_mix004.csv,858,1,2,-19,-9,184
fold3_room6_mix004.csv,859,1,2,-19,-9,183
fold3_room6_mix004.csv,870,1,2,-18,-9,184
fold3_room6_mix004.csv,871,1,2,-18,-9,184
fold3_room6_mix004.csv,872,1,2,-19,-9,184
fold3_room6_mix004.csv,873,1,2,-18,-9,184
fold3_room6_mix004.csv,874,1,2,-18,-9,184
fold3_room6_mix004.csv,875,1,2,-18,-9,185
fold3_room6_mix004.csv,876,1,2,-18,-9,185
fold3_room6_mix004.csv,877,1,2,-19,-9,185
fold3_room6_mix004.csv,878,1,2,-19,-9,186
fold3_room6_mix004.csv,879,1,2,-18,-9,186
fold3_room6_mix004.csv,880,1,2,-18,-9,186
fold3_room6_mix004.csv,881,1,2,-18,-9,186
fold3_room6_mix004.csv,882,1,2,-18,-9,186
fold3_room6_mix004.csv,883,1,2,-18,-9,186
fold3_room6_mix004.csv,884,1,2,-18,-9,186
fold3_room6_mix004.csv,885,1,2,-18,-9,186
fold3_room6_mix004.csv,886,1,2,-18,-9,186
fold3_room6_mix004.csv,887,1,2,-18,-9,186
fold3_room6_mix004.csv,888,1,2,-18,-9,185
fold3_room6_mix004.csv,889,1,2,-18,-9,185
fold3_room6_mix004.csv,890,1,2,-19,-9,184
fold3_room6_mix004.csv,891,1,2,-19,-9,183
fold3_room6_mix004.csv,892,1,2,-19,-9,183
fold3_room6_mix004.csv,893,1,2,-18,-9,184
fold3_room6_mix004.csv,894,1,2,-18,-9,182
fold3_room6_mix004.csv,895,1,2,-18,-9,182
fold3_room6_mix004.csv,896,1,2,-18,-9,182
fold3_room6_mix004.csv,897,1,2,-18,-9,182
fold3_room6_mix004.csv,898,1,2,-18,-9,182
fold3_room6_mix004.csv,899,1,2,-18,-9,182
fold3_room6_mix004.csv,900,1,2,-18,-9,182
fold3_room6_mix004.csv,901,1,2,-18,-9,182
fold3_room6_mix004.csv,902,1,2,-18,-9,181
fold3_room6_mix004.csv,903,1,2,-18,-9,181
fold3_room6_mix004.csv,904,1,2,-18,-9,181
fold3_room6_mix004.csv,1120,1,2,-3,-9,190
fold3_room6_mix004.csv,1121,1,2,-3,-9,191
fold3_room6_mix004.csv,1122,1,2,-3,-9,191
fold3_room6_mix004.csv,1123,1,2,-3,-9,191
fold3_room6_mix004.csv,1124,1,2,-3,-9,190
fold3_room6_mix004.csv,1125,1,2,-3,-9,191
fold3_room6_mix004.csv,1126,1,2,-3,-9,191
fold3_room6_mix004.csv,1127,1,2,-3,-9,190
fold3_room6_mix004.csv,1128,1,2,-3,-9,190
fold3_room6_mix004.csv,1129,1,2,-3,-9,190
fold3_room6_mix004.csv,1130,1,2,-3,-9,190
fold3_room6_mix004.csv,1131,1,2,-3,-9,190
fold3_room6_mix004.csv,1132,1,2,-4,-9,190
fold3_room6_mix004.csv,1133,1,2,-4,-9,190
fold3_room6_mix004.csv,1134,1,2,-4,-9,189
fold3_room6_mix004.csv,1135,1,2,-3,-9,189
fold3_room6_mix004.csv,1136,1,2,-3,-9,189
fold3_room6_mix004.csv,1137,1,2,-3,-9,189
fold3_room6_mix004.csv,1138,1,2,-3,-9,188
fold3_room6_mix004.csv,1139,1,2,-3,-9,188
fold3_room6_mix004.csv,1140,1,2,-3,-9,189
fold3_room6_mix004.csv,1141,1,2,-3,-9,189
fold3_room6_mix004.csv,1142,1,2,-3,-9,189
fold3_room6_mix004.csv,1143,1,2,-3,-9,190
fold3_room6_mix004.csv,1144,1,2,-3,-9,190
fold3_room6_mix004.csv,1145,1,2,-3,-9,191
fold3_room6_mix004.csv,1146,1,2,-3,-9,191
fold3_room6_mix004.csv,1147,1,2,-2,-9,191
fold3_room6_mix004.csv,1148,1,2,-2,-9,191
fold3_room6_mix004.csv,1149,1,2,-2,-9,191
fold3_room6_mix004.csv,1155,1,2,-3,-9,191
fold3_room6_mix004.csv,1156,1,2,-3,-9,192
fold3_room6_mix004.csv,1157,1,2,-3,-9,192
fold3_room6_mix004.csv,1158,1,2,-3,-9,191
fold3_room6_mix004.csv,1159,1,2,-3,-9,191
fold3_room6_mix004.csv,1160,1,2,-3,-9,191
fold3_room6_mix004.csv,1161,1,2,-3,-9,191
fold3_room6_mix004.csv,1162,1,2,-3,-9,191
fold3_room6_mix004.csv,1163,1,2,-3,-9,191
fold3_room6_mix004.csv,1164,1,2,-3,-9,191
fold3_room6_mix004.csv,1165,1,2,-3,-9,191
fold3_room6_mix004.csv,1166,1,2,-3,-9,191
fold3_room6_mix004.csv,1167,1,2,-3,-9,190
fold3_room6_mix004.csv,1168,1,2,-3,-9,190
fold3_room6_mix004.csv,1169,1,2,-3,-9,189
fold3_room6_mix004.csv,1170,1,2,-3,-9,189
fold3_room6_mix004.csv,1171,1,2,-3,-9,189
fold3_room6_mix004.csv,1172,1,2,-3,-9,190
fold3_room6_mix004.csv,1173,1,2,-3,-9,190
fold3_room6_mix004.csv,1174,1,2,-3,-9,190
fold3_room6_mix004.csv,1175,1,2,-3,-9,190
fold3_room6_mix004.csv,1176,1,2,-3,-9,190
fold3_room6_mix004.csv,1177,1,2,-3,-9,190
fold3_room6_mix004.csv,1178,1,2,-3,-9,190
fold3_room6_mix004.csv,1179,1,2,-3,-9,190
fold3_room6_mix004.csv,1180,1,2,-3,-9,191
fold3_room6_mix004.csv,1181,1,2,-3,-9,191
fold3_room6_mix004.csv,1182,1,2,-3,-9,191
fold3_room6_mix004.csv,1183,1,2,-3,-9,191
fold3_room6_mix004.csv,1184,1,2,-3,-9,191
fold3_room6_mix004.csv,1185,1,2,-3,-9,191
fold3_room6_mix004.csv,1186,1,2,-4,-9,191
fold3_room6_mix004.csv,1187,1,2,-4,-9,191
fold3_room6_mix004.csv,1188,1,2,-4,-9,190
fold3_room6_mix004.csv,1189,1,2,-5,-9,190
fold3_room6_mix004.csv,1190,1,2,-5,-9,190
fold3_room6_mix004.csv,1191,1,2,-6,-9,190
fold3_room6_mix004.csv,1192,1,2,-6,-9,191
fold3_room6_mix004.csv,1193,1,2,-6,-9,191
fold3_room6_mix004.csv,1194,1,2,-6,-9,191
fold3_room6_mix004.csv,1195,1,2,-6,-9,191
fold3_room6_mix004.csv,1196,1,2,-6,-9,191
fold3_room6_mix004.csv,1197,1,2,-6,-9,191
fold3_room6_mix004.csv,1198,1,2,-6,-9,191
fold3_room6_mix004.csv,1199,1,2,-6,-9,191
fold3_room6_mix004.csv,1200,1,2,-5,-9,191
fold3_room6_mix004.csv,1201,1,2,-5,-9,191
fold3_room6_mix004.csv,1202,1,2,-5,-9,191
fold3_room6_mix004.csv,1203,1,2,-5,-9,191
fold3_room6_mix004.csv,1204,1,2,-5,-9,190
fold3_room6_mix004.csv,1205,1,2,-5,-9,190
fold3_room6_mix004.csv,1206,1,2,-5,-9,191
fold3_room6_mix004.csv,1207,1,2,-5,-9,191
fold3_room6_mix004.csv,1208,1,2,-5,-9,191
fold3_room6_mix004.csv,1209,1,2,-5,-9,191
fold3_room6_mix004.csv,1210,1,2,-5,-9,192
fold3_room6_mix004.csv,1211,1,2,-5,-9,192
fold3_room6_mix004.csv,1212,1,2,-5,-9,192
fold3_room6_mix004.csv,1213,1,2,-5,-9,192
fold3_room6_mix004.csv,1214,1,2,-5,-9,193
fold3_room6_mix004.csv,1215,1,2,-5,-9,193
fold3_room6_mix004.csv,1216,1,2,-5,-9,193
fold3_room6_mix004.csv,1217,1,2,-5,-9,193
fold3_room6_mix004.csv,1218,1,2,-4,-9,193
fold3_room6_mix004.csv,1219,1,2,-4,-9,193
fold3_room6_mix004.csv,1220,1,2,-4,-9,193
fold3_room6_mix004.csv,1221,1,2,-4,-9,193
fold3_room6_mix004.csv,1222,1,2,-4,-9,193
fold3_room6_mix004.csv,1223,1,2,-4,-9,192
fold3_room6_mix004.csv,1224,1,2,-3,-9,190
fold3_room6_mix004.csv,1225,1,2,-3,-9,189
fold3_room6_mix004.csv,1226,1,2,-3,-9,188
fold3_room6_mix004.csv,1227,1,2,-3,-9,188
fold3_room6_mix004.csv,1228,1,2,-3,-9,188
fold3_room6_mix004.csv,1229,1,2,-3,-9,188
fold3_room6_mix004.csv,1230,1,2,-3,-9,188
fold3_room6_mix004.csv,1231,1,2,-3,-9,189
fold3_room6_mix004.csv,1232,1,2,-3,-9,189
fold3_room6_mix004.csv,1233,1,2,-3,-9,188
fold3_room6_mix004.csv,1234,1,2,-3,-9,188
fold3_room6_mix004.csv,1240,1,2,-5,-9,191
fold3_room6_mix004.csv,1241,1,2,-5,-9,191
fold3_room6_mix004.csv,1242,1,2,-5,-9,191
fold3_room6_mix004.csv,1243,1,2,-5,-9,191
fold3_room6_mix004.csv,1244,1,2,-5,-9,192
fold3_room6_mix004.csv,1245,1,2,-4,-9,192
fold3_room6_mix004.csv,1246,1,2,-4,-9,192
fold3_room6_mix004.csv,1247,1,2,-4,-9,192
fold3_room6_mix004.csv,1248,1,2,-4,-9,192
fold3_room6_mix004.csv,1249,1,2,-4,-9,191
fold3_room6_mix004.csv,1250,1,2,-4,-9,192
fold3_room6_mix004.csv,1251,1,2,-4,-9,192
fold3_room6_mix004.csv,1252,1,2,-4,-9,193
fold3_room6_mix004.csv,1253,1,2,-3,-9,193
fold3_room6_mix004.csv,1254,1,2,-3,-9,192
fold3_room6_mix004.csv,1255,1,2,-2,-9,192
fold3_room6_mix004.csv,1256,1,2,-2,-9,192
fold3_room6_mix004.csv,1257,1,2,-2,-9,192
fold3_room6_mix004.csv,1258,1,2,-2,-9,192
fold3_room6_mix004.csv,1259,1,2,-2,-9,192
fold3_room6_mix004.csv,1260,1,2,-2,-9,192
fold3_room6_mix004.csv,1261,1,2,-2,-9,192
fold3_room6_mix004.csv,1262,1,2,-2,-9,192
fold3_room6_mix004.csv,1263,1,2,-3,-9,192
fold3_room6_mix004.csv,1264,1,2,-3,-9,192
fold3_room6_mix004.csv,1265,1,2,-3,-9,192
fold3_room6_mix004.csv,1266,1,2,-3,-9,191
fold3_room6_mix004.csv,1267,1,2,-3,-9,191
fold3_room6_mix004.csv,1268,1,2,-3,-9,192
fold3_room6_mix004.csv,1269,1,2,-3,-9,192
fold3_room6_mix004.csv,1270,1,2,-3,-9,192
fold3_room6_mix004.csv,1271,1,2,-4,-9,191
fold3_room6_mix004.csv,1272,1,2,-4,-9,191
fold3_room6_mix004.csv,1273,1,2,-4,-9,192
fold3_room6_mix004.csv,1274,1,2,-4,-9,193
fold3_room6_mix004.csv,1275,1,2,-4,-9,193
fold3_room6_mix004.csv,1276,1,2,-3,-9,193
fold3_room6_mix004.csv,1277,1,2,-3,-9,193
fold3_room6_mix004.csv,1278,1,2,-3,-9,193
fold3_room6_mix004.csv,1279,1,2,-3,-9,192
fold3_room6_mix004.csv,1280,1,2,-3,-9,191
fold3_room6_mix004.csv,1281,1,2,-3,-9,190
fold3_room6_mix004.csv,1282,1,2,-3,-9,189
fold3_room6_mix004.csv,1283,1,2,-3,-9,189
fold3_room6_mix004.csv,1284,1,2,-3,-9,188
fold3_room6_mix004.csv,1285,1,2,-3,-9,188
fold3_room6_mix004.csv,1286,1,2,-3,-9,188
fold3_room6_mix004.csv,1287,1,2,-3,-9,189
fold3_room6_mix004.csv,1288,1,2,-3,-9,189
fold3_room6_mix004.csv,1289,1,2,-3,-9,190
fold3_room6_mix004.csv,1290,1,2,-3,-9,191
fold3_room6_mix004.csv,1291,1,2,-3,-9,192
fold3_room6_mix004.csv,1292,1,2,-4,-9,193
fold3_room6_mix004.csv,1293,1,2,-4,-9,193
fold3_room6_mix004.csv,1294,1,2,-4,-9,193
fold3_room6_mix004.csv,1295,1,2,-4,-9,193
fold3_room6_mix004.csv,1296,1,2,-5,-9,191
fold3_room6_mix004.csv,1297,1,2,-5,-9,189
fold3_room6_mix004.csv,1298,1,2,-5,-9,188
fold3_room6_mix004.csv,1299,1,2,-4,-9,188
fold3_room6_mix004.csv,1300,1,2,-4,-9,189
fold3_room6_mix004.csv,1301,1,2,-4,-9,190
fold3_room6_mix004.csv,1302,1,2,-3,-9,191
fold3_room6_mix004.csv,1303,1,2,-3,-9,191
fold3_room6_mix004.csv,1304,1,2,-3,-9,190
fold3_room6_mix004.csv,1305,1,2,-4,-9,191
fold3_room6_mix004.csv,1306,1,2,-3,-9,192
fold3_room6_mix004.csv,1307,1,2,-3,-9,193
fold3_room6_mix004.csv,1308,1,2,-2,-9,194
fold3_room6_mix004.csv,1309,1,2,-2,-9,194
fold3_room6_mix004.csv,1310,1,2,-2,-9,194
fold3_room6_mix004.csv,1311,1,2,-2,-9,194
fold3_room6_mix004.csv,1312,1,2,-2,-9,194
fold3_room6_mix004.csv,1313,1,2,-2,-9,194
fold3_room6_mix004.csv,1314,1,2,-2,-9,194
fold3_room6_mix004.csv,1315,1,2,-2,-9,193
fold3_room6_mix004.csv,1316,1,2,-2,-9,193
fold3_room6_mix004.csv,1317,1,2,-2,-9,193
fold3_room6_mix004.csv,1318,1,2,-2,-9,193
fold3_room6_mix004.csv,1319,1,2,-2,-9,193
fold3_room6_mix004.csv,1320,1,2,-2,-9,193
fold3_room6_mix004.csv,1321,1,2,-2,-9,193
fold3_room6_mix004.csv,1322,1,2,-2,-9,194
fold3_room6_mix004.csv,1323,1,2,-2,-9,193
fold3_room6_mix004.csv,1324,1,2,-2,-9,193
fold3_room6_mix004.csv,1325,1,2,-2,-9,193
fold3_room6_mix004.csv,1326,1,2,-2,-9,193
fold3_room6_mix004.csv,1327,1,2,-2,-9,192
fold3_room6_mix004.csv,1328,1,2,-2,-9,193
fold3_room6_mix004.csv,1329,1,2,-2,-9,193
fold3_room6_mix004.csv,1330,1,2,-2,-9,193
fold3_room6_mix004.csv,1331,1,2,-2,-9,193
fold3_room6_mix004.csv,1332,1,2,-2,-9,193
fold3_room6_mix004.csv,1333,1,2,-2,-9,193
fold3_room6_mix004.csv,1334,1,2,-2,-9,193
fold3_room6_mix004.csv,1335,1,2,-2,-9,193
fold3_room6_mix004.csv,1336,1,2,-2,-9,193
fold3_room6_mix004.csv,1337,1,2,-2,-9,193
fold3_room6_mix004.csv,1338,1,2,-2,-9,193
fold3_room6_mix004.csv,1339,1,2,-3,-9,193
fold3_room6_mix004.csv,1340,1,2,-3,-9,193
fold3_room6_mix004.csv,1341,1,2,-3,-9,193
fold3_room6_mix004.csv,1342,1,2,-2,-9,193
fold3_room6_mix004.csv,1343,1,2,-2,-9,193
fold3_room6_mix004.csv,1344,1,2,-2,-9,193
fold3_room6_mix004.csv,1350,1,2,-3,-9,192
fold3_room6_mix004.csv,1351,1,2,-3,-9,192
fold3_room6_mix004.csv,1352,1,2,-2,-9,192
fold3_room6_mix004.csv,1353,1,2,-2,-9,192
fold3_room6_mix004.csv,1354,1,2,-2,-9,192
fold3_room6_mix004.csv,1355,1,2,-2,-9,192
fold3_room6_mix004.csv,1356,1,2,-2,-9,192
fold3_room6_mix004.csv,1357,1,2,-2,-9,192
fold3_room6_mix004.csv,1358,1,2,-2,-9,191
fold3_room6_mix004.csv,1359,1,2,-3,-9,191
fold3_room6_mix004.csv,1360,1,2,-3,-9,191
fold3_room6_mix004.csv,1361,1,2,-3,-9,191
fold3_room6_mix004.csv,1362,1,2,-3,-9,191
fold3_room6_mix004.csv,1363,1,2,-3,-9,191
fold3_room6_mix004.csv,1364,1,2,-3,-9,191
fold3_room6_mix004.csv,1410,1,2,-2,-9,191
fold3_room6_mix004.csv,1411,1,2,-2,-9,191
fold3_room6_mix004.csv,1412,1,2,-2,-9,190
fold3_room6_mix004.csv,1413,1,2,-2,-9,190
fold3_room6_mix004.csv,1414,1,2,-2,-9,190
fold3_room6_mix004.csv,1545,1,2,-3,-9,189
fold3_room6_mix004.csv,1546,1,2,-3,-9,190
fold3_room6_mix004.csv,1547,1,2,-3,-9,191
fold3_room6_mix004.csv,1548,1,2,-3,-9,192
fold3_room6_mix004.csv,1549,1,2,-3,-9,191
fold3_room6_mix004.csv,1550,1,2,-3,-9,191
fold3_room6_mix004.csv,1551,1,2,-3,-9,191
fold3_room6_mix004.csv,1552,1,2,-3,-9,191
fold3_room6_mix004.csv,1553,1,2,-3,-9,191
fold3_room6_mix004.csv,1554,1,2,-3,-9,191
fold3_room6_mix004.csv,1555,1,2,-3,-9,191
fold3_room6_mix004.csv,1556,1,2,-3,-9,191
fold3_room6_mix004.csv,1557,1,2,-3,-9,191
fold3_room6_mix004.csv,1558,1,2,-3,-9,190
fold3_room6_mix004.csv,1559,1,2,-3,-9,190
fold3_room6_mix004.csv,1565,1,2,-3,-9,190
fold3_room6_mix004.csv,1566,1,2,-3,-9,190
fold3_room6_mix004.csv,1567,1,2,-3,-9,190
fold3_room6_mix004.csv,1568,1,2,-2,-9,189
fold3_room6_mix004.csv,1569,1,2,-2,-9,189
fold3_room6_mix004.csv,1570,1,2,-2,-10,189
fold3_room6_mix004.csv,1571,1,2,-2,-10,189
fold3_room6_mix004.csv,1572,1,2,-2,-10,189
fold3_room6_mix004.csv,1573,1,2,-1,-10,189
fold3_room6_mix004.csv,1574,1,2,-1,-10,189
fold3_room6_mix004.csv,1575,1,2,-1,-10,189
fold3_room6_mix004.csv,1576,1,2,-1,-10,189
fold3_room6_mix004.csv,1577,1,2,-1,-10,189
fold3_room6_mix004.csv,1578,1,2,-1,-10,190
fold3_room6_mix004.csv,1579,1,2,-1,-10,189
fold3_room6_mix004.csv,1580,1,2,-1,-10,189
fold3_room6_mix004.csv,1581,1,2,-2,-10,189
fold3_room6_mix004.csv,1582,1,2,-2,-10,190
fold3_room6_mix004.csv,1583,1,2,-2,-9,190
fold3_room6_mix004.csv,1584,1,2,-2,-9,190
fold3_room6_mix004.csv,1585,1,2,-2,-9,190
fold3_room6_mix004.csv,1586,1,2,-3,-9,190
fold3_room6_mix004.csv,1587,1,2,-3,-9,190
fold3_room6_mix004.csv,1588,1,2,-3,-9,191
fold3_room6_mix004.csv,1589,1,2,-3,-9,191
fold3_room6_mix004.csv,1590,1,2,-3,-9,191
fold3_room6_mix004.csv,1591,1,2,-3,-9,191
fold3_room6_mix004.csv,1592,1,2,-4,-9,190
fold3_room6_mix004.csv,1593,1,2,-4,-9,189
fold3_room6_mix004.csv,1594,1,2,-3,-9,190
fold3_room6_mix004.csv,1595,1,2,-4,-9,190
fold3_room6_mix004.csv,1596,1,2,-4,-9,189
fold3_room6_mix004.csv,1597,1,2,-3,-9,189
fold3_room6_mix004.csv,1598,1,2,-3,-9,189
fold3_room6_mix004.csv,1599,1,2,-3,-9,190
fold3_room6_mix004.csv,1600,1,2,-3,-9,190
fold3_room6_mix004.csv,1601,1,2,-3,-9,191
fold3_room6_mix004.csv,1602,1,2,-3,-9,192
fold3_room6_mix004.csv,1603,1,2,-3,-9,192
fold3_room6_mix004.csv,1604,1,2,-3,-9,192
fold3_room6_mix004.csv,1605,1,2,-4,-9,192
fold3_room6_mix004.csv,1606,1,2,-3,-9,192
fold3_room6_mix004.csv,1607,1,2,-3,-9,192
fold3_room6_mix004.csv,1608,1,2,-3,-9,192
fold3_room6_mix004.csv,1609,1,2,-2,-9,192
fold3_room6_mix004.csv,1610,1,2,-2,-9,192
fold3_room6_mix004.csv,1611,1,2,-2,-9,192
fold3_room6_mix004.csv,1612,1,2,-2,-9,192
fold3_room6_mix004.csv,1613,1,2,-2,-9,192
fold3_room6_mix004.csv,1614,1,2,-2,-9,192
fold3_room6_mix004.csv,1615,1,2,-2,-9,192
fold3_room6_mix004.csv,1616,1,2,-2,-9,192
fold3_room6_mix004.csv,1617,1,2,-2,-9,191
fold3_room6_mix004.csv,1618,1,2,-3,-9,192
fold3_room6_mix004.csv,1619,1,2,-3,-9,192
fold3_room6_mix004.csv,1620,1,2,-3,-9,191
fold3_room6_mix004.csv,1621,1,2,-3,-9,190
fold3_room6_mix004.csv,1622,1,2,-3,-9,191
fold3_room6_mix004.csv,1623,1,2,-3,-9,190
fold3_room6_mix004.csv,1624,1,2,-3,-9,190
fold3_room6_mix004.csv,1625,1,2,-3,-9,190
fold3_room6_mix004.csv,1626,1,2,-3,-9,190
fold3_room6_mix004.csv,1627,1,2,-3,-9,190
fold3_room6_mix004.csv,1628,1,2,-3,-9,190
fold3_room6_mix004.csv,1629,1,2,-3,-9,190
fold3_room6_mix004.csv,1630,1,2,-2,-9,190
fold3_room6_mix004.csv,1631,1,2,-2,-9,190
fold3_room6_mix004.csv,1632,1,2,-2,-9,190
fold3_room6_mix004.csv,1633,1,2,-2,-9,190
fold3_room6_mix004.csv,1634,1,2,-3,-9,190
fold3_room6_mix004.csv,1635,1,2,-3,-9,190
fold3_room6_mix004.csv,1636,1,2,-3,-9,190
fold3_room6_mix004.csv,1637,1,2,-3,-9,190
fold3_room6_mix004.csv,1638,1,2,-3,-9,190
fold3_room6_mix004.csv,1639,1,2,-3,-9,190
fold3_room6_mix004.csv,1640,1,2,-3,-9,191
fold3_room6_mix004.csv,1641,1,2,-3,-9,190
fold3_room6_mix004.csv,1642,1,2,-3,-9,191
fold3_room6_mix004.csv,1643,1,2,-3,-9,191
fold3_room6_mix004.csv,1644,1,2,-3,-9,191
fold3_room6_mix004.csv,1650,1,2,-4,-9,192
fold3_room6_mix004.csv,1651,1,2,-4,-9,192
fold3_room6_mix004.csv,1652,1,2,-4,-9,192
fold3_room6_mix004.csv,1653,1,2,-4,-9,192
fold3_room6_mix004.csv,1654,1,2,-4,-9,192
fold3_room6_mix004.csv,1655,1,2,-4,-9,192
fold3_room6_mix004.csv,1656,1,2,-4,-9,192
fold3_room6_mix004.csv,1657,1,2,-4,-9,192
fold3_room6_mix004.csv,1658,1,2,-4,-9,192
fold3_room6_mix004.csv,1659,1,2,-4,-9,192
fold3_room6_mix004.csv,1665,1,2,-4,-9,193
fold3_room6_mix004.csv,1666,1,2,-3,-9,193
fold3_room6_mix004.csv,1667,1,2,-3,-9,193
fold3_room6_mix004.csv,1668,1,2,-3,-9,194
fold3_room6_mix004.csv,1669,1,2,-2,-9,194
fold3_room6_mix004.csv,1670,1,2,-2,-9,195
fold3_room6_mix004.csv,1671,1,2,-2,-9,196
fold3_room6_mix004.csv,1672,1,2,-1,-9,196
fold3_room6_mix004.csv,1673,1,2,-1,-9,195
fold3_room6_mix004.csv,1674,1,2,-1,-10,196
fold3_room6_mix004.csv,1675,1,2,-1,-10,196
fold3_room6_mix004.csv,1676,1,2,-1,-10,196
fold3_room6_mix004.csv,1677,1,2,-1,-10,195
fold3_room6_mix004.csv,1678,1,2,-1,-9,195
fold3_room6_mix004.csv,1679,1,2,-1,-9,195
fold3_room6_mix004.csv,1680,1,2,-1,-10,195
fold3_room6_mix004.csv,1681,1,2,-1,-10,195
fold3_room6_mix004.csv,1682,1,2,-1,-9,194
fold3_room6_mix004.csv,1683,1,2,-2,-9,194
fold3_room6_mix004.csv,1684,1,2,-2,-9,194
fold3_room6_mix004.csv,1685,1,2,-2,-9,194
fold3_room6_mix004.csv,1686,1,2,-2,-9,193
fold3_room6_mix004.csv,1687,1,2,-2,-9,193
fold3_room6_mix004.csv,1688,1,2,-2,-9,191
fold3_room6_mix004.csv,1689,1,2,-2,-9,190
fold3_room6_mix004.csv,1690,1,2,-3,-9,190
fold3_room6_mix004.csv,1691,1,2,-3,-9,190
fold3_room6_mix004.csv,1692,1,2,-3,-9,190
fold3_room6_mix004.csv,1693,1,2,-3,-9,190
fold3_room6_mix004.csv,1694,1,2,-3,-9,190
fold3_room6_mix004.csv,1695,1,2,-3,-9,190
fold3_room6_mix004.csv,1696,1,2,-3,-9,190
fold3_room6_mix004.csv,1697,1,2,-3,-9,190
fold3_room6_mix004.csv,1698,1,2,-4,-9,191
fold3_room6_mix004.csv,1699,1,2,-4,-9,191
fold3_room6_mix004.csv,1700,1,2,-4,-9,191
fold3_room6_mix004.csv,1701,1,2,-5,-9,192
fold3_room6_mix004.csv,1702,1,2,-5,-9,192
fold3_room6_mix004.csv,1703,1,2,-5,-9,193
fold3_room6_mix004.csv,1704,1,2,-5,-9,194
fold3_room6_mix004.csv,1705,1,2,-5,-9,194
fold3_room6_mix004.csv,1706,1,2,-5,-9,194
fold3_room6_mix004.csv,1707,1,2,-5,-9,195
fold3_room6_mix004.csv,1708,1,2,-5,-9,194
fold3_room6_mix004.csv,1709,1,2,-5,-9,194
fold3_room6_mix004.csv,1835,1,2,-3,-9,191
fold3_room6_mix004.csv,1836,1,2,-3,-9,191
fold3_room6_mix004.csv,1837,1,2,-2,-9,192
fold3_room6_mix004.csv,1838,1,2,-2,-9,191
fold3_room6_mix004.csv,1839,1,2,-2,-9,191
fold3_room6_mix004.csv,1840,1,2,-2,-9,191
fold3_room6_mix004.csv,1841,1,2,-2,-9,190
fold3_room6_mix004.csv,1842,1,2,-2,-9,191
fold3_room6_mix004.csv,1843,1,2,-2,-9,191
fold3_room6_mix004.csv,1844,1,2,-2,-9,191
fold3_room6_mix004.csv,1845,1,2,-2,-9,190
fold3_room6_mix004.csv,1846,1,2,-2,-9,191
fold3_room6_mix004.csv,1847,1,2,-2,-9,191
fold3_room6_mix004.csv,1848,1,2,-2,-9,191
fold3_room6_mix004.csv,1849,1,2,-2,-9,191
fold3_room6_mix004.csv,1850,1,2,-2,-9,191
fold3_room6_mix004.csv,1851,1,2,-2,-9,191
fold3_room6_mix004.csv,1852,1,2,-2,-9,192
fold3_room6_mix004.csv,1853,1,2,-2,-9,192
fold3_room6_mix004.csv,1854,1,2,-2,-9,192
fold3_room6_mix004.csv,1855,1,2,-2,-9,192
fold3_room6_mix004.csv,1856,1,2,-2,-9,192
fold3_room6_mix004.csv,1857,1,2,-2,-9,191
fold3_room6_mix004.csv,1858,1,2,-2,-9,191
fold3_room6_mix004.csv,1859,1,2,-2,-9,191
fold3_room6_mix004.csv,1860,1,2,-3,-9,191
fold3_room6_mix004.csv,1861,1,2,-3,-9,191
fold3_room6_mix004.csv,1862,1,2,-3,-9,191
fold3_room6_mix004.csv,1863,1,2,-3,-9,191
fold3_room6_mix004.csv,1864,1,2,-4,-9,191
fold3_room6_mix004.csv,1865,1,2,-4,-9,191
fold3_room6_mix004.csv,1866,1,2,-4,-9,191
fold3_room6_mix004.csv,1867,1,2,-3,-9,190
fold3_room6_mix004.csv,1868,1,2,-3,-9,190
fold3_room6_mix004.csv,1869,1,2,-3,-9,190
fold3_room6_mix004.csv,1870,1,2,-2,-9,190
fold3_room6_mix004.csv,1871,1,2,-2,-9,190
fold3_room6_mix004.csv,1872,1,2,-2,-10,190
fold3_room6_mix004.csv,1873,1,2,-2,-10,190
fold3_room6_mix004.csv,1874,1,2,-2,-10,190
fold3_room6_mix004.csv,1875,1,2,-2,-9,190
fold3_room6_mix004.csv,1876,1,2,-3,-9,190
fold3_room6_mix004.csv,1877,1,2,-4,-9,191
fold3_room6_mix004.csv,1878,1,2,-5,-9,192
fold3_room6_mix004.csv,1879,1,2,-6,-9,193
fold3_room6_mix004.csv,1880,1,2,-6,-9,193
fold3_room6_mix004.csv,1881,1,2,-6,-9,191
fold3_room6_mix004.csv,1882,1,2,-6,-9,189
fold3_room6_mix004.csv,1883,1,2,-6,-9,189
fold3_room6_mix004.csv,1884,1,2,-6,-9,189
fold3_room6_mix004.csv,1885,1,2,-6,-9,189
fold3_room6_mix004.csv,1886,1,2,-6,-9,190
fold3_room6_mix004.csv,1887,1,2,-5,-9,191
fold3_room6_mix004.csv,1888,1,2,-5,-9,191
fold3_room6_mix004.csv,1889,1,2,-4,-9,191
fold3_room6_mix004.csv,1890,1,2,-4,-9,192
fold3_room6_mix004.csv,1891,1,2,-4,-9,192
fold3_room6_mix004.csv,1892,1,2,-4,-9,193
fold3_room6_mix004.csv,1893,1,2,-4,-9,193
fold3_room6_mix004.csv,1894,1,2,-4,-9,192
fold3_room6_mix004.csv,1895,1,2,-4,-9,192
fold3_room6_mix004.csv,1896,1,2,-5,-9,192
fold3_room6_mix004.csv,1897,1,2,-4,-9,192
fold3_room6_mix004.csv,1898,1,2,-4,-9,191
fold3_room6_mix004.csv,1899,1,2,-4,-9,190
fold3_room6_mix004.csv,1900,1,2,-4,-9,189
fold3_room6_mix004.csv,1901,1,2,-4,-9,190
fold3_room6_mix004.csv,1902,1,2,-4,-9,191
fold3_room6_mix004.csv,1903,1,2,-4,-9,192
fold3_room6_mix004.csv,1904,1,2,-4,-9,193
fold3_room6_mix004.csv,1905,1,2,-4,-9,194
fold3_room6_mix004.csv,1906,1,2,-4,-9,193
fold3_room6_mix004.csv,1907,1,2,-4,-9,193
fold3_room6_mix004.csv,1908,1,2,-4,-9,193
fold3_room6_mix004.csv,1909,1,2,-4,-9,193
fold3_room6_mix004.csv,1910,1,2,-4,-9,193
fold3_room6_mix004.csv,1911,1,2,-3,-9,193
fold3_room6_mix004.csv,1912,1,2,-3,-9,192
fold3_room6_mix004.csv,1913,1,2,-3,-9,192
fold3_room6_mix004.csv,1914,1,2,-3,-9,192
fold3_room6_mix004.csv,1915,1,2,-3,-9,192
fold3_room6_mix004.csv,1916,1,2,-3,-9,192
fold3_room6_mix004.csv,1917,1,2,-3,-9,192
fold3_room6_mix004.csv,1918,1,2,-3,-9,192
fold3_room6_mix004.csv,1919,1,2,-3,-9,192
fold3_room6_mix004.csv,1920,1,2,-3,-9,192
fold3_room6_mix004.csv,1921,1,2,-3,-9,191
fold3_room6_mix004.csv,1922,1,2,-3,-9,191
fold3_room6_mix004.csv,1923,1,2,-3,-9,191
fold3_room6_mix004.csv,1924,1,2,-3,-9,191
fold3_room6_mix004.csv,1935,1,2,-5,-9,192
fold3_room6_mix004.csv,1936,1,2,-5,-9,191
fold3_room6_mix004.csv,1937,1,2,-5,-9,191
fold3_room6_mix004.csv,1938,1,2,-4,-9,192
fold3_room6_mix004.csv,1939,1,2,-3,-9,192
fold3_room6_mix004.csv,1940,1,2,-3,-9,192
fold3_room6_mix004.csv,1941,1,2,-2,-9,192
fold3_room6_mix004.csv,1942,1,2,0,-10,194
fold3_room6_mix004.csv,1943,1,2,0,-10,193
fold3_room6_mix004.csv,1944,1,2,0,-10,194
fold3_room6_mix004.csv,1945,1,2,0,-10,194
fold3_room6_mix004.csv,1946,1,2,-1,-10,194
fold3_room6_mix004.csv,1947,1,2,-1,-10,194
fold3_room6_mix004.csv,1948,1,2,-1,-10,194
fold3_room6_mix004.csv,1949,1,2,-2,-9,193
fold3_room6_mix004.csv,2120,1,2,-2,-9,191
fold3_room6_mix004.csv,2121,1,2,-2,-9,192
fold3_room6_mix004.csv,2122,1,2,-2,-9,192
fold3_room6_mix004.csv,2123,1,2,-2,-9,192
fold3_room6_mix004.csv,2124,1,2,-2,-9,192
fold3_room6_mix004.csv,2125,1,2,-2,-9,192
fold3_room6_mix004.csv,2126,1,2,-2,-9,191
fold3_room6_mix004.csv,2127,1,2,-2,-9,191
fold3_room6_mix004.csv,2128,1,2,-2,-9,192
fold3_room6_mix004.csv,2129,1,2,-2,-9,192
fold3_room6_mix004.csv,2130,1,2,-2,-9,191
fold3_room6_mix004.csv,2131,1,2,-2,-9,191
fold3_room6_mix004.csv,2132,1,2,-2,-9,191
fold3_room6_mix004.csv,2133,1,2,-2,-9,191
fold3_room6_mix004.csv,2134,1,2,-2,-9,191
fold3_room6_mix004.csv,2135,1,2,-2,-9,191
fold3_room6_mix004.csv,2136,1,2,-2,-9,191
fold3_room6_mix004.csv,2137,1,2,-2,-9,191
fold3_room6_mix004.csv,2138,1,2,-2,-9,191
fold3_room6_mix004.csv,2139,1,2,-2,-9,191
fold3_room6_mix004.csv,2140,1,2,-2,-9,191
fold3_room6_mix004.csv,2141,1,2,-2,-9,191
fold3_room6_mix004.csv,2142,1,2,-2,-9,191
fold3_room6_mix004.csv,2143,1,2,-2,-9,191
fold3_room6_mix004.csv,2144,1,2,-2,-9,191
fold3_room6_mix004.csv,2145,1,2,-3,-9,191
fold3_room6_mix004.csv,2146,1,2,-3,-9,190
fold3_room6_mix004.csv,2147,1,2,-3,-9,189
fold3_room6_mix004.csv,2148,1,2,-3,-9,188
fold3_room6_mix004.csv,2149,1,2,-3,-9,188
fold3_room6_mix004.csv,2150,1,2,-3,-9,188
fold3_room6_mix004.csv,2151,1,2,-3,-9,187
fold3_room6_mix004.csv,2152,1,2,-3,-9,188
fold3_room6_mix004.csv,2153,1,2,-3,-9,189
fold3_room6_mix004.csv,2154,1,2,-3,-9,189
fold3_room6_mix004.csv,2155,1,2,-3,-9,188
fold3_room6_mix004.csv,2156,1,2,-3,-9,188
fold3_room6_mix004.csv,2157,1,2,-3,-9,187
fold3_room6_mix004.csv,2158,1,2,-3,-9,187
fold3_room6_mix004.csv,2159,1,2,-3,-10,187
fold3_room6_mix004.csv,2160,1,2,-3,-9,187
fold3_room6_mix004.csv,2161,1,2,-3,-9,187
fold3_room6_mix004.csv,2162,1,2,-3,-10,187
fold3_room6_mix004.csv,2163,1,2,-3,-10,187
fold3_room6_mix004.csv,2164,1,2,-3,-9,187
fold3_room6_mix004.csv,2165,1,2,-3,-9,187
fold3_room6_mix004.csv,2166,1,2,-3,-9,187
fold3_room6_mix004.csv,2167,1,2,-3,-9,187
fold3_room6_mix004.csv,2168,1,2,-3,-9,187
fold3_room6_mix004.csv,2169,1,2,-4,-9,187
fold3_room6_mix004.csv,2175,1,2,-4,-9,187
fold3_room6_mix004.csv,2176,1,2,-4,-9,187
fold3_room6_mix004.csv,2177,1,2,-4,-9,187
fold3_room6_mix004.csv,2178,1,2,-4,-9,187
fold3_room6_mix004.csv,2179,1,2,-4,-9,187
fold3_room6_mix004.csv,2190,1,2,-4,-9,188
fold3_room6_mix004.csv,2191,1,2,-4,-9,188
fold3_room6_mix004.csv,2192,1,2,-4,-9,188
fold3_room6_mix004.csv,2193,1,2,-4,-9,188
fold3_room6_mix004.csv,2194,1,2,-4,-9,187
fold3_room6_mix004.csv,2195,1,2,-4,-9,187
fold3_room6_mix004.csv,2196,1,2,-4,-9,187
fold3_room6_mix004.csv,2197,1,2,-4,-9,187
fold3_room6_mix004.csv,2198,1,2,-4,-9,187
fold3_room6_mix004.csv,2199,1,2,-3,-9,186
fold3_room6_mix004.csv,2200,1,2,-3,-9,186
fold3_room6_mix004.csv,2201,1,2,-3,-9,186
fold3_room6_mix004.csv,2202,1,2,-3,-9,186
fold3_room6_mix004.csv,2203,1,2,-3,-9,187
fold3_room6_mix004.csv,2204,1,2,-4,-9,187
fold3_room6_mix004.csv,2205,1,2,-4,-9,187
fold3_room6_mix004.csv,2206,1,2,-4,-9,187
fold3_room6_mix004.csv,2207,1,2,-4,-9,187
fold3_room6_mix004.csv,2208,1,2,-4,-9,187
fold3_room6_mix004.csv,2209,1,2,-4,-9,187
fold3_room6_mix004.csv,2210,1,2,-4,-9,187
fold3_room6_mix004.csv,2211,1,2,-4,-9,186
fold3_room6_mix004.csv,2212,1,2,-4,-9,186
fold3_room6_mix004.csv,2213,1,2,-4,-9,187
fold3_room6_mix004.csv,2214,1,2,-4,-9,187
fold3_room6_mix004.csv,2215,1,2,-4,-9,186
fold3_room6_mix004.csv,2216,1,2,-4,-9,186
fold3_room6_mix004.csv,2217,1,2,-3,-9,186
fold3_room6_mix004.csv,2218,1,2,-3,-9,186
fold3_room6_mix004.csv,2219,1,2,-4,-10,186
fold3_room6_mix004.csv,2290,1,2,-2,-9,197
fold3_room6_mix004.csv,2291,1,2,-2,-9,196
fold3_room6_mix004.csv,2292,1,2,-2,-9,194
fold3_room6_mix004.csv,2293,1,2,-3,-9,193
fold3_room6_mix004.csv,2294,1,2,-3,-9,191
fold3_room6_mix004.csv,2295,1,2,-3,-9,190
fold3_room6_mix004.csv,2296,1,2,-3,-9,190
fold3_room6_mix004.csv,2297,1,2,-3,-9,190
fold3_room6_mix004.csv,2298,1,2,-3,-9,190
fold3_room6_mix004.csv,2299,1,2,-4,-9,189
fold3_room6_mix004.csv,2300,1,2,-3,-9,190
fold3_room6_mix004.csv,2301,1,2,-3,-9,191
fold3_room6_mix004.csv,2302,1,2,-3,-9,191
fold3_room6_mix004.csv,2303,1,2,-4,-9,191
fold3_room6_mix004.csv,2304,1,2,-4,-9,191
fold3_room6_mix004.csv,2305,1,2,-3,-9,191
fold3_room6_mix004.csv,2306,1,2,-4,-9,190
fold3_room6_mix004.csv,2307,1,2,-4,-9,189
fold3_room6_mix004.csv,2308,1,2,-4,-9,190
fold3_room6_mix004.csv,2309,1,2,-4,-9,190
fold3_room6_mix004.csv,2310,1,2,-4,-9,189
fold3_room6_mix004.csv,2311,1,2,-4,-9,190
fold3_room6_mix004.csv,2312,1,2,-4,-9,189
fold3_room6_mix004.csv,2313,1,2,-4,-9,189
fold3_room6_mix004.csv,2314,1,2,-4,-9,188
fold3_room6_mix004.csv,2315,1,2,-4,-9,186
fold3_room6_mix004.csv,2316,1,2,-4,-10,186
fold3_room6_mix004.csv,2317,1,2,-4,-10,185
fold3_room6_mix004.csv,2318,1,2,-5,-10,184
fold3_room6_mix004.csv,2319,1,2,-5,-10,183
fold3_room6_mix004.csv,2320,1,2,-5,-10,183
fold3_room6_mix004.csv,2321,1,2,-4,-10,182
fold3_room6_mix004.csv,2322,1,2,-4,-10,181
fold3_room6_mix004.csv,2323,1,2,-4,-10,180
fold3_room6_mix004.csv,2324,1,2,-4,-10,180
fold3_room6_mix004.csv,2325,1,2,-4,-10,180
fold3_room6_mix004.csv,2326,1,2,-4,-10,180
fold3_room6_mix004.csv,2327,1,2,-5,-10,180
fold3_room6_mix004.csv,2328,1,2,-5,-10,179
fold3_room6_mix004.csv,2329,1,2,-6,-10,179
fold3_room6_mix004.csv,2330,1,2,-6,-10,178
fold3_room6_mix004.csv,2331,1,2,-6,-10,178
fold3_room6_mix004.csv,2332,1,2,-6,-10,178
fold3_room6_mix004.csv,2333,1,2,-6,-10,178
fold3_room6_mix004.csv,2334,1,2,-6,-10,178
fold3_room6_mix004.csv,2370,1,2,-6,-10,181
fold3_room6_mix004.csv,2371,1,2,-6,-10,182
fold3_room6_mix004.csv,2372,1,2,-6,-10,182
fold3_room6_mix004.csv,2373,1,2,-6,-10,181
fold3_room6_mix004.csv,2374,1,2,-6,-10,181
fold3_room6_mix004.csv,2375,1,2,-6,-10,181
fold3_room6_mix004.csv,2376,1,2,-7,-10,181
fold3_room6_mix004.csv,2377,1,2,-6,-10,181
fold3_room6_mix004.csv,2378,1,2,-6,-10,181
fold3_room6_mix004.csv,2379,1,2,-6,-10,181
fold3_room6_mix004.csv,2495,1,2,-9,-10,166
fold3_room6_mix004.csv,2496,1,2,-9,-11,161
fold3_room6_mix004.csv,2497,1,2,-9,-13,155
fold3_room6_mix004.csv,2498,1,2,-10,-15,147
fold3_room6_mix004.csv,2499,1,2,-11,-17,141
fold3_room6_mix004.csv,2500,1,2,-12,-19,135
fold3_room6_mix004.csv,2501,1,2,-13,-19,130
fold3_room6_mix004.csv,2502,1,2,-15,-17,127
fold3_room6_mix004.csv,2503,1,2,-16,-13,125
fold3_room6_mix004.csv,2504,1,2,-15,-7,125
fold3_room6_mix004.csv,2505,1,2,-14,-3,127
fold3_room6_mix004.csv,2506,1,2,-12,0,130
fold3_room6_mix004.csv,2507,1,2,-10,2,132
fold3_room6_mix004.csv,2508,1,2,-7,2,134
fold3_room6_mix004.csv,2509,1,2,-3,2,135
fold3_room6_mix004.csv,2555,1,2,112,2,206
fold3_room6_mix004.csv,2556,1,2,112,2,201
fold3_room6_mix004.csv,2557,1,2,112,2,195
fold3_room6_mix004.csv,2558,1,2,113,2,188
fold3_room6_mix004.csv,2559,1,2,114,3,182
fold3_room6_mix004.csv,2560,1,2,115,3,176
fold3_room6_mix004.csv,2561,1,2,116,3,171
fold3_room6_mix004.csv,2562,1,2,117,3,166
fold3_room6_mix004.csv,2563,1,2,118,2,161
fold3_room6_mix004.csv,2564,1,2,119,2,157
fold3_room6_mix004.csv,2565,1,2,121,2,153
fold3_room6_mix004.csv,2566,1,2,123,3,150
fold3_room6_mix004.csv,2567,1,2,124,3,146
fold3_room6_mix004.csv,2568,1,2,125,3,142
fold3_room6_mix004.csv,2569,1,2,125,3,138
fold3_room6_mix004.csv,2570,1,2,125,3,133
fold3_room6_mix004.csv,2571,1,2,124,3,129
fold3_room6_mix004.csv,2572,1,2,122,3,124
fold3_room6_mix004.csv,2573,1,2,120,3,118
fold3_room6_mix004.csv,2574,1,2,118,3,113
fold3_room6_mix004.csv,2575,1,2,115,4,108
fold3_room6_mix004.csv,2576,1,2,113,4,103
fold3_room6_mix004.csv,2577,1,2,111,4,98
fold3_room6_mix004.csv,2578,1,2,110,5,93
fold3_room6_mix004.csv,2579,1,2,108,5,88
fold3_room6_mix004.csv,2580,1,2,107,4,82
fold3_room6_mix004.csv,2581,1,2,106,5,76
fold3_room6_mix004.csv,2582,1,2,105,6,68
fold3_room6_mix004.csv,2583,1,2,102,7,63
fold3_room6_mix004.csv,2584,1,2,99,7,58
fold3_room6_mix004.csv,2600,1,2,0,9,47
fold3_room6_mix004.csv,2601,1,2,-6,8,50
fold3_room6_mix004.csv,2602,1,2,-11,7,52
fold3_room6_mix004.csv,2603,1,2,-15,6,56
fold3_room6_mix004.csv,2604,1,2,-17,5,60
fold3_room6_mix004.csv,2605,1,2,-19,4,66
fold3_room6_mix004.csv,2606,1,2,-20,4,73
fold3_room6_mix004.csv,2607,1,2,-22,4,81
fold3_room6_mix004.csv,2608,1,2,-23,4,89
fold3_room6_mix004.csv,2609,1,2,-25,3,96
fold3_room6_mix004.csv,2610,1,2,-27,2,101
fold3_room6_mix004.csv,2611,1,2,-29,2,106
fold3_room6_mix004.csv,2612,1,2,-30,1,112
fold3_room6_mix004.csv,2613,1,2,-31,1,117
fold3_room6_mix004.csv,2614,1,2,-32,1,123
fold3_room6_mix004.csv,2615,1,2,-33,1,128
fold3_room6_mix004.csv,2616,1,2,-33,1,133
fold3_room6_mix004.csv,2617,1,2,-32,1,138
fold3_room6_mix004.csv,2618,1,2,-31,1,141
fold3_room6_mix004.csv,2619,1,2,-30,1,144
fold3_room6_mix004.csv,2620,1,2,-29,0,148
fold3_room6_mix004.csv,2621,1,2,-28,0,152
fold3_room6_mix004.csv,2622,1,2,-27,0,158
fold3_room6_mix004.csv,2623,1,2,-26,0,163
fold3_room6_mix004.csv,2624,1,2,-26,0,166
fold3_room6_mix004.csv,2655,1,2,-10,-9,182
fold3_room6_mix004.csv,2656,1,2,-10,-9,182
fold3_room6_mix004.csv,2657,1,2,-11,-9,181
fold3_room6_mix004.csv,2658,1,2,-11,-9,180
fold3_room6_mix004.csv,2659,1,2,-11,-9,178
fold3_room6_mix004.csv,2660,1,2,-11,-9,176
fold3_room6_mix004.csv,2661,1,2,-11,-9,174
fold3_room6_mix004.csv,2662,1,2,-11,-10,173
fold3_room6_mix004.csv,2663,1,2,-11,-10,172
fold3_room6_mix004.csv,2664,1,2,-11,-10,172
fold3_room6_mix004.csv,2665,1,2,-11,-9,173
fold3_room6_mix004.csv,2666,1,2,-10,-10,173
fold3_room6_mix004.csv,2667,1,2,-10,-10,173
fold3_room6_mix004.csv,2668,1,2,-9,-9,173
fold3_room6_mix004.csv,2669,1,2,-8,-9,174
fold3_room6_mix004.csv,2670,1,2,-6,-10,174
fold3_room6_mix004.csv,2671,1,2,-5,-10,174
fold3_room6_mix004.csv,2672,1,2,-5,-10,173
fold3_room6_mix004.csv,2673,1,2,-5,-10,173
fold3_room6_mix004.csv,2674,1,2,-5,-10,174
fold3_room6_mix004.csv,2675,1,2,-6,-9,174
fold3_room6_mix004.csv,2676,1,2,-7,-9,174
fold3_room6_mix004.csv,2677,1,2,-7,-9,174
fold3_room6_mix004.csv,2678,1,2,-8,-9,173
fold3_room6_mix004.csv,2679,1,2,-8,-9,173
fold3_room6_mix004.csv,2680,1,2,-8,-9,173
fold3_room6_mix004.csv,2681,1,2,-7,-9,173
fold3_room6_mix004.csv,2682,1,2,-7,-9,173
fold3_room6_mix004.csv,2683,1,2,-7,-9,173
fold3_room6_mix004.csv,2684,1,2,-7,-9,172
fold3_room6_mix004.csv,2685,1,2,-6,-9,171
fold3_room6_mix004.csv,2686,1,2,-6,-9,171
fold3_room6_mix004.csv,2687,1,2,-6,-9,171
fold3_room6_mix004.csv,2688,1,2,-7,-9,174
fold3_room6_mix004.csv,2689,1,2,-9,-8,181
fold3_room6_mix004.csv,2690,1,2,-11,-8,185
fold3_room6_mix004.csv,2691,1,2,-11,-8,186
fold3_room6_mix004.csv,2692,1,2,-11,-8,188
fold3_room6_mix004.csv,2693,1,2,-11,-8,191
fold3_room6_mix004.csv,2694,1,2,-12,-8,196
fold3_room6_mix004.csv,2695,1,2,-12,-7,200
fold3_room6_mix004.csv,2696,1,2,-12,-7,204
fold3_room6_mix004.csv,2697,1,2,-12,-7,207
fold3_room6_mix004.csv,2698,1,2,-12,-8,208
fold3_room6_mix004.csv,2699,1,2,-13,-8,208
fold3_room6_mix004.csv,2700,1,2,-13,-8,208
fold3_room6_mix004.csv,2701,1,2,-14,-8,208
fold3_room6_mix004.csv,2702,1,2,-14,-8,207
fold3_room6_mix004.csv,2703,1,2,-14,-8,207
fold3_room6_mix004.csv,2704,1,2,-14,-8,205
fold3_room6_mix004.csv,2705,1,2,-14,-8,203
fold3_room6_mix004.csv,2706,1,2,-14,-8,202
fold3_room6_mix004.csv,2707,1,2,-14,-8,201
fold3_room6_mix004.csv,2708,1,2,-14,-8,200
fold3_room6_mix004.csv,2709,1,2,-14,-8,200
fold3_room6_mix004.csv,2710,1,2,-13,-8,200
fold3_room6_mix004.csv,2711,1,2,-13,-8,200
fold3_room6_mix004.csv,2712,1,2,-13,-8,199
fold3_room6_mix004.csv,2713,1,2,-13,-8,198
fold3_room6_mix004.csv,2714,1,2,-13,-8,198
fold3_room6_mix004.csv,2715,1,2,-13,-8,198
fold3_room6_mix004.csv,2716,1,2,-13,-8,197
fold3_room6_mix004.csv,2717,1,2,-13,-8,197
fold3_room6_mix004.csv,2718,1,2,-13,-8,196
fold3_room6_mix004.csv,2719,1,2,-13,-8,195
fold3_room6_mix004.csv,2780,1,2,-12,-9,192
fold3_room6_mix004.csv,2781,1,2,-12,-9,192
fold3_room6_mix004.csv,2782,1,2,-12,-9,192
fold3_room6_mix004.csv,2783,1,2,-12,-9,192
fold3_room6_mix004.csv,2784,1,2,-12,-9,193
fold3_room6_mix004.csv,2785,1,2,-12,-9,193
fold3_room6_mix004.csv,2786,1,2,-12,-9,193
fold3_room6_mix004.csv,2787,1,2,-12,-9,193
fold3_room6_mix004.csv,2788,1,2,-12,-9,193
fold3_room6_mix004.csv,2789,1,2,-12,-9,193
fold3_room6_mix004.csv,2790,1,2,-12,-9,193
fold3_room6_mix004.csv,2791,1,2,-13,-9,193
fold3_room6_mix004.csv,2792,1,2,-13,-9,193
fold3_room6_mix004.csv,2793,1,2,-13,-9,193
fold3_room6_mix004.csv,2794,1,2,-13,-9,193
fold3_room6_mix004.csv,2820,1,2,-14,-8,200
fold3_room6_mix004.csv,2821,1,2,-14,-8,199
fold3_room6_mix004.csv,2822,1,2,-14,-9,199
fold3_room6_mix004.csv,2823,1,2,-14,-9,199
fold3_room6_mix004.csv,2824,1,2,-14,-9,198
fold3_room6_mix004.csv,2825,1,2,-14,-9,197
fold3_room6_mix004.csv,2826,1,2,-14,-9,197
fold3_room6_mix004.csv,2827,1,2,-14,-9,197
fold3_room6_mix004.csv,2828,1,2,-14,-9,197
fold3_room6_mix004.csv,2829,1,2,-14,-9,197
fold3_room6_mix004.csv,2830,1,2,-14,-9,197
fold3_room6_mix004.csv,2831,1,2,-14,-9,197
fold3_room6_mix004.csv,2832,1,2,-14,-9,197
fold3_room6_mix004.csv,2833,1,2,-14,-9,197
fold3_room6_mix004.csv,2834,1,2,-14,-9,196
fold3_room6_mix004.csv,2835,1,2,-14,-9,196
fold3_room6_mix004.csv,2836,1,2,-14,-9,196
fold3_room6_mix004.csv,2837,1,2,-14,-9,196
fold3_room6_mix004.csv,2838,1,2,-14,-9,196
fold3_room6_mix004.csv,2839,1,2,-14,-9,196
fold3_room6_mix004.csv,2840,1,2,-14,-9,196
fold3_room6_mix004.csv,2841,1,2,-14,-9,196
fold3_room6_mix004.csv,2842,1,2,-14,-9,196
fold3_room6_mix004.csv,2843,1,2,-14,-9,196
fold3_room6_mix004.csv,2844,1,2,-14,-9,196
fold3_room6_mix004.csv,2865,1,2,-14,-9,196
fold3_room6_mix004.csv,2866,1,2,-14,-9,196
fold3_room6_mix004.csv,2867,1,2,-14,-9,196
fold3_room6_mix004.csv,2868,1,2,-14,-9,196
fold3_room6_mix004.csv,2869,1,2,-14,-9,196
fold3_room6_mix005.csv,65,1,1,-111,-6,250
fold3_room6_mix005.csv,66,1,1,-111,-6,251
fold3_room6_mix005.csv,67,1,1,-110,-6,252
fold3_room6_mix005.csv,68,1,1,-110,-6,253
fold3_room6_mix005.csv,69,1,1,-109,-6,255
fold3_room6_mix005.csv,70,1,1,-108,-7,257
fold3_room6_mix005.csv,71,1,1,-108,-7,258
fold3_room6_mix005.csv,72,1,1,-107,-7,259
fold3_room6_mix005.csv,73,1,1,-107,-7,259
fold3_room6_mix005.csv,74,1,1,-107,-7,259
fold3_room6_mix005.csv,75,1,1,-108,-7,257
fold3_room6_mix005.csv,76,1,1,-108,-6,255
fold3_room6_mix005.csv,77,1,1,-108,-6,252
fold3_room6_mix005.csv,78,1,1,-108,-6,250
fold3_room6_mix005.csv,79,1,1,-109,-6,247
fold3_room6_mix005.csv,80,1,1,-109,-7,244
fold3_room6_mix005.csv,81,1,1,-109,-7,240
fold3_room6_mix005.csv,82,1,1,-110,-7,237
fold3_room6_mix005.csv,83,1,1,-110,-7,236
fold3_room6_mix005.csv,84,1,1,-110,-7,235
fold3_room6_mix005.csv,85,1,1,-110,-7,235
fold3_room6_mix005.csv,86,1,1,-110,-7,236
fold3_room6_mix005.csv,87,1,1,-110,-7,236
fold3_room6_mix005.csv,88,1,1,-110,-7,236
fold3_room6_mix005.csv,89,1,1,-110,-7,236
fold3_room6_mix005.csv,90,1,1,-110,-7,236
fold3_room6_mix005.csv,91,1,1,-110,-7,235
fold3_room6_mix005.csv,92,1,1,-110,-7,235
fold3_room6_mix005.csv,93,1,1,-110,-7,235
fold3_room6_mix005.csv,94,1,1,-110,-7,234
fold3_room6_mix005.csv,95,1,1,-110,-7,233
fold3_room6_mix005.csv,96,1,1,-110,-7,234
fold3_room6_mix005.csv,97,1,1,-110,-7,234
fold3_room6_mix005.csv,98,1,1,-110,-7,233
fold3_room6_mix005.csv,99,1,1,-110,-7,233
fold3_room6_mix005.csv,100,1,1,-110,-7,233
fold3_room6_mix005.csv,101,1,1,-110,-7,233
fold3_room6_mix005.csv,102,1,1,-110,-7,233
fold3_room6_mix005.csv,103,1,1,-110,-7,233
fold3_room6_mix005.csv,104,1,1,-110,-7,233
fold3_room6_mix005.csv,105,1,1,-110,-7,233
fold3_room6_mix005.csv,106,1,1,-111,-7,233
fold3_room6_mix005.csv,107,1,1,-111,-7,233
fold3_room6_mix005.csv,108,1,1,-110,-7,232
fold3_room6_mix005.csv,109,1,1,-110,-7,232
fold3_room6_mix005.csv,110,1,1,-110,-7,232
fold3_room6_mix005.csv,111,1,1,-110,-7,232
fold3_room6_mix005.csv,112,1,1,-110,-7,232
fold3_room6_mix005.csv,113,1,1,-110,-7,232
fold3_room6_mix005.csv,114,1,1,-110,-7,231
fold3_room6_mix005.csv,115,1,1,-110,-7,231
fold3_room6_mix005.csv,116,1,1,-110,-7,231
fold3_room6_mix005.csv,117,1,1,-110,-7,231
fold3_room6_mix005.csv,118,1,1,-110,-7,231
fold3_room6_mix005.csv,119,1,1,-110,-7,231
fold3_room6_mix005.csv,120,1,1,-110,-7,231
fold3_room6_mix005.csv,121,1,1,-110,-7,231
fold3_room6_mix005.csv,122,1,1,-110,-7,232
fold3_room6_mix005.csv,123,1,1,-110,-7,232
fold3_room6_mix005.csv,124,1,1,-110,-7,233
fold3_room6_mix005.csv,125,1,1,-110,-7,234
fold3_room6_mix005.csv,126,1,1,-110,-7,235
fold3_room6_mix005.csv,127,1,1,-110,-7,236
fold3_room6_mix005.csv,128,1,1,-110,-7,237
fold3_room6_mix005.csv,129,1,1,-110,-7,237
fold3_room6_mix005.csv,130,1,1,-111,-7,238
fold3_room6_mix005.csv,131,1,1,-111,-7,239
fold3_room6_mix005.csv,132,1,1,-111,-7,240
fold3_room6_mix005.csv,133,1,1,-111,-6,241
fold3_room6_mix005.csv,134,1,1,-110,-6,241
fold3_room6_mix005.csv,135,1,1,-110,-6,242
fold3_room6_mix005.csv,136,1,1,-110,-6,242
fold3_room6_mix005.csv,137,1,1,-110,-7,243
fold3_room6_mix005.csv,138,1,1,-110,-7,242
fold3_room6_mix005.csv,139,1,1,-110,-7,242
fold3_room6_mix005.csv,140,1,1,-111,-7,241
fold3_room6_mix005.csv,141,1,1,-111,-7,240
fold3_room6_mix005.csv,142,1,1,-112,-7,240
fold3_room6_mix005.csv,143,1,1,-112,-7,239
fold3_room6_mix005.csv,144,1,1,-111,-7,239
fold3_room6_mix005.csv,145,1,1,-111,-7,238
fold3_room6_mix005.csv,146,1,1,-111,-7,238
fold3_room6_mix005.csv,147,1,1,-111,-7,239
fold3_room6_mix005.csv,148,1,1,-111,-7,239
fold3_room6_mix005.csv,149,1,1,-111,-7,239
fold3_room6_mix005.csv,150,1,1,-111,-7,239
fold3_room6_mix005.csv,151,1,1,-111,-7,239
fold3_room6_mix005.csv,152,1,1,-111,-7,239
fold3_room6_mix005.csv,153,1,1,-111,-7,239
fold3_room6_mix005.csv,154,1,1,-111,-7,239
fold3_room6_mix005.csv,155,1,1,-111,-7,239
fold3_room6_mix005.csv,156,1,1,-111,-7,239
fold3_room6_mix005.csv,157,1,1,-111,-7,239
fold3_room6_mix005.csv,158,1,1,-111,-7,239
fold3_room6_mix005.csv,159,1,1,-111,-7,239
fold3_room6_mix005.csv,160,1,1,-111,-7,239
fold3_room6_mix005.csv,161,1,1,-111,-7,239
fold3_room6_mix005.csv,162,1,1,-111,-7,239
fold3_room6_mix005.csv,163,1,1,-110,-7,238
fold3_room6_mix005.csv,164,1,1,-110,-7,238
fold3_room6_mix005.csv,165,1,1,-110,-7,237
fold3_room6_mix005.csv,166,1,1,-110,-7,236
fold3_room6_mix005.csv,167,1,1,-109,-7,235
fold3_room6_mix005.csv,168,1,1,-109,-7,235
fold3_room6_mix005.csv,169,1,1,-109,-7,235
fold3_room6_mix005.csv,170,1,1,-109,-7,235
fold3_room6_mix005.csv,171,1,1,-109,-7,235
fold3_room6_mix005.csv,172,1,1,-109,-7,236
fold3_room6_mix005.csv,173,1,1,-109,-7,236
fold3_room6_mix005.csv,174,1,1,-109,-7,236
fold3_room6_mix005.csv,175,1,1,-109,-7,236
fold3_room6_mix005.csv,176,1,1,-109,-7,236
fold3_room6_mix005.csv,177,1,1,-109,-7,236
fold3_room6_mix005.csv,178,1,1,-110,-7,236
fold3_room6_mix005.csv,179,1,1,-110,-7,237
fold3_room6_mix005.csv,180,1,1,-110,-7,237
fold3_room6_mix005.csv,181,1,1,-110,-7,237
fold3_room6_mix005.csv,182,1,1,-111,-7,236
fold3_room6_mix005.csv,183,1,1,-111,-7,235
fold3_room6_mix005.csv,184,1,1,-111,-7,234
fold3_room6_mix005.csv,185,1,1,-111,-7,233
fold3_room6_mix005.csv,186,1,1,-111,-7,232
fold3_room6_mix005.csv,187,1,1,-111,-7,232
fold3_room6_mix005.csv,188,1,1,-111,-7,232
fold3_room6_mix005.csv,189,1,1,-111,-7,232
fold3_room6_mix005.csv,245,1,1,-111,-7,238
fold3_room6_mix005.csv,246,1,1,-111,-7,238
fold3_room6_mix005.csv,247,1,1,-111,-7,238
fold3_room6_mix005.csv,248,1,1,-111,-7,238
fold3_room6_mix005.csv,249,1,1,-111,-7,238
fold3_room6_mix005.csv,250,1,1,-111,-7,238
fold3_room6_mix005.csv,251,1,1,-111,-7,238
fold3_room6_mix005.csv,252,1,1,-111,-7,237
fold3_room6_mix005.csv,253,1,1,-111,-7,237
fold3_room6_mix005.csv,254,1,1,-111,-7,236
fold3_room6_mix005.csv,255,1,1,-111,-7,236
fold3_room6_mix005.csv,256,1,1,-111,-7,237
fold3_room6_mix005.csv,257,1,1,-111,-7,237
fold3_room6_mix005.csv,258,1,1,-111,-7,237
fold3_room6_mix005.csv,259,1,1,-111,-7,237
fold3_room6_mix005.csv,260,1,1,-111,-7,236
fold3_room6_mix005.csv,261,1,1,-111,-7,236
fold3_room6_mix005.csv,262,1,1,-111,-7,236
fold3_room6_mix005.csv,263,1,1,-111,-7,236
fold3_room6_mix005.csv,264,1,1,-111,-7,236
fold3_room6_mix005.csv,265,1,1,-111,-7,236
fold3_room6_mix005.csv,266,1,1,-111,-7,237
fold3_room6_mix005.csv,267,1,1,-111,-7,237
fold3_room6_mix005.csv,268,1,1,-111,-7,237
fold3_room6_mix005.csv,269,1,1,-111,-7,237
fold3_room6_mix005.csv,270,1,1,-110,-7,237
fold3_room6_mix005.csv,271,1,1,-111,-7,237
fold3_room6_mix005.csv,272,1,1,-111,-7,236
fold3_room6_mix005.csv,273,1,1,-111,-7,235
fold3_room6_mix005.csv,274,1,1,-111,-7,235
fold3_room6_mix005.csv,275,1,1,-111,-7,234
fold3_room6_mix005.csv,276,1,1,-111,-7,234
fold3_room6_mix005.csv,277,1,1,-111,-7,233
fold3_room6_mix005.csv,278,1,1,-111,-7,233
fold3_room6_mix005.csv,279,1,1,-111,-7,234
fold3_room6_mix005.csv,280,1,1,-111,-7,234
fold3_room6_mix005.csv,281,1,1,-111,-7,235
fold3_room6_mix005.csv,282,1,1,-111,-7,235
fold3_room6_mix005.csv,283,1,1,-111,-7,234
fold3_room6_mix005.csv,284,1,1,-111,-7,234
fold3_room6_mix005.csv,285,1,1,-111,-7,235
fold3_room6_mix005.csv,286,1,1,-111,-7,235
fold3_room6_mix005.csv,287,1,1,-111,-7,235
fold3_room6_mix005.csv,288,1,1,-111,-7,236
fold3_room6_mix005.csv,289,1,1,-111,-7,236
fold3_room6_mix005.csv,290,1,1,-111,-7,237
fold3_room6_mix005.csv,291,1,1,-111,-7,237
fold3_room6_mix005.csv,292,1,1,-111,-7,238
fold3_room6_mix005.csv,293,1,1,-111,-7,238
fold3_room6_mix005.csv,294,1,1,-111,-7,238
fold3_room6_mix005.csv,295,1,1,-111,-7,238
fold3_room6_mix005.csv,296,1,1,-111,-7,238
fold3_room6_mix005.csv,297,1,1,-111,-7,238
fold3_room6_mix005.csv,298,1,1,-111,-7,238
fold3_room6_mix005.csv,299,1,1,-111,-7,238
fold3_room6_mix005.csv,300,1,1,-111,-7,238
fold3_room6_mix005.csv,301,1,1,-111,-7,237
fold3_room6_mix005.csv,302,1,1,-111,-7,237
fold3_room6_mix005.csv,303,1,1,-110,-7,237
fold3_room6_mix005.csv,304,1,1,-110,-7,237
fold3_room6_mix005.csv,305,1,1,-110,-7,237
fold3_room6_mix005.csv,306,1,1,-110,-7,236
fold3_room6_mix005.csv,307,1,1,-110,-7,236
fold3_room6_mix005.csv,308,1,1,-110,-7,236
fold3_room6_mix005.csv,309,1,1,-110,-7,236
fold3_room6_mix005.csv,310,1,1,-110,-7,236
fold3_room6_mix005.csv,311,1,1,-110,-7,236
fold3_room6_mix005.csv,312,1,1,-110,-7,236
fold3_room6_mix005.csv,313,1,1,-110,-7,236
fold3_room6_mix005.csv,314,1,1,-110,-7,236
fold3_room6_mix005.csv,315,1,1,-110,-7,236
fold3_room6_mix005.csv,316,1,1,-110,-7,236
fold3_room6_mix005.csv,317,1,1,-110,-7,236
fold3_room6_mix005.csv,318,1,1,-110,-7,236
fold3_room6_mix005.csv,319,1,1,-110,-7,235
fold3_room6_mix005.csv,320,1,1,-110,-7,234
fold3_room6_mix005.csv,321,1,1,-110,-7,234
fold3_room6_mix005.csv,322,1,1,-110,-7,234
fold3_room6_mix005.csv,323,1,1,-110,-7,234
fold3_room6_mix005.csv,324,1,1,-110,-7,234
fold3_room6_mix005.csv,335,1,1,-110,-8,230
fold3_room6_mix005.csv,336,1,1,-110,-8,230
fold3_room6_mix005.csv,337,1,1,-110,-8,230
fold3_room6_mix005.csv,338,1,1,-110,-8,230
fold3_room6_mix005.csv,339,1,1,-110,-8,230
fold3_room6_mix005.csv,340,1,1,-110,-8,231
fold3_room6_mix005.csv,341,1,1,-110,-7,231
fold3_room6_mix005.csv,342,1,1,-110,-7,232
fold3_room6_mix005.csv,343,1,1,-110,-7,232
fold3_room6_mix005.csv,344,1,1,-110,-7,233
fold3_room6_mix005.csv,345,1,1,-110,-7,234
fold3_room6_mix005.csv,346,1,1,-110,-7,234
fold3_room6_mix005.csv,347,1,1,-110,-7,235
fold3_room6_mix005.csv,348,1,1,-110,-7,235
fold3_room6_mix005.csv,349,1,1,-110,-7,236
fold3_room6_mix005.csv,350,1,1,-110,-7,236
fold3_room6_mix005.csv,351,1,1,-110,-7,237
fold3_room6_mix005.csv,352,1,1,-110,-7,237
fold3_room6_mix005.csv,353,1,1,-110,-7,237
fold3_room6_mix005.csv,354,1,1,-110,-7,237
fold3_room6_mix005.csv,475,1,1,-110,-7,239
fold3_room6_mix005.csv,476,1,1,-110,-7,239
fold3_room6_mix005.csv,477,1,1,-110,-7,238
fold3_room6_mix005.csv,478,1,1,-110,-7,237
fold3_room6_mix005.csv,479,1,1,-110,-7,237
fold3_room6_mix005.csv,480,1,1,-110,-7,237
fold3_room6_mix005.csv,481,1,1,-110,-7,237
fold3_room6_mix005.csv,482,1,1,-110,-7,237
fold3_room6_mix005.csv,483,1,1,-110,-7,237
fold3_room6_mix005.csv,484,1,1,-110,-7,237
fold3_room6_mix005.csv,485,1,1,-110,-7,237
fold3_room6_mix005.csv,486,1,1,-110,-7,237
fold3_room6_mix005.csv,487,1,1,-110,-7,237
fold3_room6_mix005.csv,488,1,1,-110,-7,237
fold3_room6_mix005.csv,489,1,1,-110,-7,237
fold3_room6_mix005.csv,490,1,1,-110,-7,238
fold3_room6_mix005.csv,491,1,1,-110,-7,237
fold3_room6_mix005.csv,492,1,1,-110,-7,237
fold3_room6_mix005.csv,493,1,1,-110,-7,237
fold3_room6_mix005.csv,494,1,1,-110,-7,237
fold3_room6_mix005.csv,495,1,1,-110,-7,237
fold3_room6_mix005.csv,496,1,1,-110,-7,237
fold3_room6_mix005.csv,497,1,1,-110,-7,237
fold3_room6_mix005.csv,498,1,1,-110,-7,237
fold3_room6_mix005.csv,499,1,1,-110,-7,237
fold3_room6_mix005.csv,500,1,1,-110,-7,238
fold3_room6_mix005.csv,501,1,1,-110,-7,239
fold3_room6_mix005.csv,502,1,1,-110,-7,239
fold3_room6_mix005.csv,503,1,1,-110,-7,239
fold3_room6_mix005.csv,504,1,1,-110,-7,239
fold3_room6_mix005.csv,505,1,1,-110,-7,239
fold3_room6_mix005.csv,506,1,1,-110,-7,239
fold3_room6_mix005.csv,507,1,1,-110,-7,238
fold3_room6_mix005.csv,508,1,1,-110,-7,238
fold3_room6_mix005.csv,509,1,1,-110,-7,238
fold3_room6_mix005.csv,660,1,1,-110,-7,237
fold3_room6_mix005.csv,661,1,1,-110,-7,236
fold3_room6_mix005.csv,662,1,1,-110,-7,236
fold3_room6_mix005.csv,663,1,1,-110,-7,237
fold3_room6_mix005.csv,664,1,1,-110,-7,236
fold3_room6_mix005.csv,665,1,1,-111,-7,236
fold3_room6_mix005.csv,666,1,1,-111,-7,237
fold3_room6_mix005.csv,667,1,1,-111,-7,237
fold3_room6_mix005.csv,668,1,1,-111,-7,237
fold3_room6_mix005.csv,669,1,1,-111,-7,237
fold3_room6_mix005.csv,670,1,1,-111,-7,237
fold3_room6_mix005.csv,671,1,1,-111,-7,237
fold3_room6_mix005.csv,672,1,1,-111,-7,237
fold3_room6_mix005.csv,673,1,1,-111,-7,237
fold3_room6_mix005.csv,674,1,1,-111,-7,237
fold3_room6_mix005.csv,675,1,1,-111,-7,237
fold3_room6_mix005.csv,676,1,1,-111,-7,237
fold3_room6_mix005.csv,677,1,1,-111,-7,237
fold3_room6_mix005.csv,678,1,1,-111,-7,237
fold3_room6_mix005.csv,679,1,1,-111,-7,236
fold3_room6_mix005.csv,680,1,1,-110,-7,236
fold3_room6_mix005.csv,681,1,1,-110,-7,236
fold3_room6_mix005.csv,682,1,1,-110,-7,235
fold3_room6_mix005.csv,683,1,1,-110,-7,235
fold3_room6_mix005.csv,684,1,1,-110,-7,235
fold3_room6_mix005.csv,685,1,1,-110,-7,235
fold3_room6_mix005.csv,686,1,1,-110,-7,236
fold3_room6_mix005.csv,687,1,1,-110,-7,236
fold3_room6_mix005.csv,688,1,1,-110,-7,236
fold3_room6_mix005.csv,689,1,1,-110,-7,236
fold3_room6_mix005.csv,690,1,1,-110,-7,236
fold3_room6_mix005.csv,691,1,1,-110,-7,236
fold3_room6_mix005.csv,692,1,1,-110,-7,236
fold3_room6_mix005.csv,693,1,1,-110,-7,236
fold3_room6_mix005.csv,694,1,1,-110,-7,236
fold3_room6_mix005.csv,695,1,1,-110,-7,236
fold3_room6_mix005.csv,696,1,1,-110,-7,236
fold3_room6_mix005.csv,697,1,1,-110,-7,237
fold3_room6_mix005.csv,698,1,1,-110,-7,237
fold3_room6_mix005.csv,699,1,1,-110,-7,237
fold3_room6_mix005.csv,700,1,1,-110,-7,237
fold3_room6_mix005.csv,701,1,1,-110,-7,237
fold3_room6_mix005.csv,702,1,1,-110,-7,237
fold3_room6_mix005.csv,703,1,1,-110,-7,237
fold3_room6_mix005.csv,704,1,1,-110,-7,237
fold3_room6_mix005.csv,705,1,1,-110,-7,237
fold3_room6_mix005.csv,706,1,1,-110,-7,237
fold3_room6_mix005.csv,707,1,1,-110,-7,237
fold3_room6_mix005.csv,708,1,1,-110,-7,237
fold3_room6_mix005.csv,709,1,1,-110,-7,237
fold3_room6_mix005.csv,710,1,1,-110,-7,237
fold3_room6_mix005.csv,711,1,1,-110,-7,237
fold3_room6_mix005.csv,712,1,1,-110,-7,237
fold3_room6_mix005.csv,713,1,1,-110,-7,236
fold3_room6_mix005.csv,714,1,1,-110,-7,236
fold3_room6_mix005.csv,715,1,1,-110,-7,237
fold3_room6_mix005.csv,716,1,1,-110,-7,237
fold3_room6_mix005.csv,717,1,1,-110,-7,237
fold3_room6_mix005.csv,718,1,1,-110,-7,237
fold3_room6_mix005.csv,719,1,1,-110,-7,237
fold3_room6_mix005.csv,720,1,1,-110,-7,237
fold3_room6_mix005.csv,721,1,1,-110,-7,237
fold3_room6_mix005.csv,722,1,1,-110,-7,237
fold3_room6_mix005.csv,723,1,1,-110,-7,237
fold3_room6_mix005.csv,724,1,1,-110,-7,237
fold3_room6_mix005.csv,765,1,1,-110,-7,241
fold3_room6_mix005.csv,766,1,1,-110,-7,242
fold3_room6_mix005.csv,767,1,1,-110,-7,242
fold3_room6_mix005.csv,768,1,1,-110,-7,242
fold3_room6_mix005.csv,769,1,1,-110,-7,240
fold3_room6_mix005.csv,770,1,1,-110,-7,239
fold3_room6_mix005.csv,771,1,1,-110,-7,237
fold3_room6_mix005.csv,772,1,1,-110,-7,236
fold3_room6_mix005.csv,773,1,1,-110,-7,236
fold3_room6_mix005.csv,774,1,1,-110,-7,237
fold3_room6_mix005.csv,775,1,1,-110,-7,237
fold3_room6_mix005.csv,776,1,1,-110,-7,237
fold3_room6_mix005.csv,777,1,1,-110,-7,238
fold3_room6_mix005.csv,778,1,1,-110,-7,239
fold3_room6_mix005.csv,779,1,1,-110,-7,239
fold3_room6_mix005.csv,780,1,1,-110,-7,240
fold3_room6_mix005.csv,781,1,1,-110,-7,240
fold3_room6_mix005.csv,782,1,1,-110,-7,240
fold3_room6_mix005.csv,783,1,1,-110,-7,240
fold3_room6_mix005.csv,784,1,1,-110,-7,239
fold3_room6_mix005.csv,785,1,1,-110,-7,239
fold3_room6_mix005.csv,786,1,1,-110,-7,239
fold3_room6_mix005.csv,787,1,1,-110,-7,239
fold3_room6_mix005.csv,788,1,1,-110,-7,239
fold3_room6_mix005.csv,789,1,1,-110,-7,240
fold3_room6_mix005.csv,835,1,1,-110,-7,235
fold3_room6_mix005.csv,836,1,1,-110,-7,233
fold3_room6_mix005.csv,837,1,1,-110,-7,234
fold3_room6_mix005.csv,838,1,1,-110,-7,235
fold3_room6_mix005.csv,839,1,1,-111,-7,235
fold3_room6_mix005.csv,840,1,1,-111,-7,235
fold3_room6_mix005.csv,841,1,1,-111,-7,235
fold3_room6_mix005.csv,842,1,1,-111,-7,234
fold3_room6_mix005.csv,843,1,1,-111,-7,233
fold3_room6_mix005.csv,844,1,1,-111,-7,232
fold3_room6_mix005.csv,845,1,1,-111,-7,232
fold3_room6_mix005.csv,846,1,1,-111,-7,233
fold3_room6_mix005.csv,847,1,1,-111,-7,234
fold3_room6_mix005.csv,848,1,1,-111,-7,234
fold3_room6_mix005.csv,849,1,1,-111,-7,234
fold3_room6_mix005.csv,850,1,1,-111,-7,235
fold3_room6_mix005.csv,851,1,1,-110,-7,235
fold3_room6_mix005.csv,852,1,1,-110,-7,235
fold3_room6_mix005.csv,853,1,1,-110,-7,236
fold3_room6_mix005.csv,854,1,1,-110,-7,236
fold3_room6_mix005.csv,855,1,1,-110,-7,236
fold3_room6_mix005.csv,856,1,1,-110,-7,237
fold3_room6_mix005.csv,857,1,1,-111,-7,237
fold3_room6_mix005.csv,858,1,1,-111,-7,237
fold3_room6_mix005.csv,859,1,1,-111,-7,237
fold3_room6_mix005.csv,1565,1,1,-108,-8,230
fold3_room6_mix005.csv,1566,1,1,-108,-8,230
fold3_room6_mix005.csv,1567,1,1,-108,-8,229
fold3_room6_mix005.csv,1568,1,1,-109,-8,229
fold3_room6_mix005.csv,1569,1,1,-109,-8,227
fold3_room6_mix005.csv,1580,1,1,-113,-8,227
fold3_room6_mix005.csv,1581,1,1,-113,-8,228
fold3_room6_mix005.csv,1582,1,1,-113,-8,229
fold3_room6_mix005.csv,1583,1,1,-113,-8,229
fold3_room6_mix005.csv,1584,1,1,-113,-8,229
fold3_room6_mix005.csv,1585,1,1,-113,-8,229
fold3_room6_mix005.csv,1586,1,1,-112,-8,229
fold3_room6_mix005.csv,1587,1,1,-112,-8,229
fold3_room6_mix005.csv,1588,1,1,-112,-8,228
fold3_room6_mix005.csv,1589,1,1,-111,-8,227
fold3_room6_mix005.csv,1590,1,1,-111,-8,227
fold3_room6_mix005.csv,1591,1,1,-111,-8,226
fold3_room6_mix005.csv,1592,1,1,-111,-8,226
fold3_room6_mix005.csv,1593,1,1,-111,-8,225
fold3_room6_mix005.csv,1594,1,1,-111,-8,225
fold3_room6_mix005.csv,1595,1,1,-111,-8,225
fold3_room6_mix005.csv,1596,1,1,-111,-8,225
fold3_room6_mix005.csv,1597,1,1,-111,-9,225
fold3_room6_mix005.csv,1598,1,1,-111,-9,225
fold3_room6_mix005.csv,1599,1,1,-111,-9,225
fold3_room6_mix005.csv,1600,1,1,-111,-9,225
fold3_room6_mix005.csv,1601,1,1,-111,-9,225
fold3_room6_mix005.csv,1602,1,1,-111,-8,225
fold3_room6_mix005.csv,1603,1,1,-111,-8,225
fold3_room6_mix005.csv,1604,1,1,-112,-8,225
fold3_room6_mix005.csv,1605,1,1,-112,-8,225
fold3_room6_mix005.csv,1606,1,1,-112,-8,225
fold3_room6_mix005.csv,1607,1,1,-112,-8,226
fold3_room6_mix005.csv,1608,1,1,-112,-8,226
fold3_room6_mix005.csv,1609,1,1,-112,-8,226
fold3_room6_mix005.csv,1610,1,1,-112,-9,226
fold3_room6_mix005.csv,1611,1,1,-112,-8,226
fold3_room6_mix005.csv,1612,1,1,-112,-8,226
fold3_room6_mix005.csv,1613,1,1,-112,-9,226
fold3_room6_mix005.csv,1614,1,1,-112,-9,226
fold3_room6_mix005.csv,1615,1,1,-112,-9,225
fold3_room6_mix005.csv,1616,1,1,-112,-9,225
fold3_room6_mix005.csv,1617,1,1,-112,-9,224
fold3_room6_mix005.csv,1618,1,1,-112,-9,224
fold3_room6_mix005.csv,1619,1,1,-112,-9,224
fold3_room6_mix005.csv,1620,1,1,-112,-9,224
fold3_room6_mix005.csv,1621,1,1,-112,-9,224
fold3_room6_mix005.csv,1622,1,1,-112,-9,224
fold3_room6_mix005.csv,1623,1,1,-111,-9,224
fold3_room6_mix005.csv,1624,1,1,-111,-9,224
fold3_room6_mix005.csv,1625,1,1,-112,-9,224
fold3_room6_mix005.csv,1626,1,1,-112,-9,223
fold3_room6_mix005.csv,1627,1,1,-112,-9,223
fold3_room6_mix005.csv,1628,1,1,-112,-9,223
fold3_room6_mix005.csv,1629,1,1,-112,-9,223
fold3_room6_mix005.csv,1630,1,1,-113,-9,223
fold3_room6_mix005.csv,1631,1,1,-113,-9,223
fold3_room6_mix005.csv,1632,1,1,-113,-9,223
fold3_room6_mix005.csv,1633,1,1,-113,-9,223
fold3_room6_mix005.csv,1634,1,1,-113,-9,223
fold3_room6_mix005.csv,1635,1,1,-113,-9,224
fold3_room6_mix005.csv,1636,1,1,-113,-9,224
fold3_room6_mix005.csv,1637,1,1,-113,-9,224
fold3_room6_mix005.csv,1638,1,1,-113,-9,224
fold3_room6_mix005.csv,1639,1,1,-113,-9,224
fold3_room6_mix005.csv,1640,1,1,-112,-9,225
fold3_room6_mix005.csv,1641,1,1,-112,-9,225
fold3_room6_mix005.csv,1642,1,1,-112,-9,225
fold3_room6_mix005.csv,1643,1,1,-112,-8,226
fold3_room6_mix005.csv,1644,1,1,-112,-8,227
fold3_room6_mix005.csv,1645,1,1,-112,-8,227
fold3_room6_mix005.csv,1646,1,1,-113,-8,228
fold3_room6_mix005.csv,1647,1,1,-113,-8,228
fold3_room6_mix005.csv,1648,1,1,-114,-8,229
fold3_room6_mix005.csv,1649,1,1,-114,-8,229
fold3_room6_mix005.csv,1650,1,1,-114,-9,230
fold3_room6_mix005.csv,1651,1,1,-115,-9,230
fold3_room6_mix005.csv,1652,1,1,-115,-8,230
fold3_room6_mix005.csv,1653,1,1,-115,-8,231
fold3_room6_mix005.csv,1654,1,1,-115,-8,232
fold3_room6_mix005.csv,1655,1,1,-115,-8,233
fold3_room6_mix005.csv,1656,1,1,-115,-8,233
fold3_room6_mix005.csv,1657,1,1,-114,-8,233
fold3_room6_mix005.csv,1658,1,1,-114,-8,232
fold3_room6_mix005.csv,1659,1,1,-113,-8,231
fold3_room6_mix005.csv,2125,1,1,-110,-7,234
fold3_room6_mix005.csv,2126,1,1,-110,-8,231
fold3_room6_mix005.csv,2127,1,1,-110,-8,230
fold3_room6_mix005.csv,2128,1,1,-110,-8,229
fold3_room6_mix005.csv,2129,1,1,-111,-8,228
fold3_room6_mix005.csv,2130,1,1,-111,-8,228
fold3_room6_mix005.csv,2131,1,1,-111,-8,228
fold3_room6_mix005.csv,2132,1,1,-111,-8,228
fold3_room6_mix005.csv,2133,1,1,-111,-8,228
fold3_room6_mix005.csv,2134,1,1,-111,-8,229
fold3_room6_mix005.csv,2135,1,1,-111,-8,229
fold3_room6_mix005.csv,2136,1,1,-112,-8,229
fold3_room6_mix005.csv,2137,1,1,-112,-8,229
fold3_room6_mix005.csv,2138,1,1,-113,-8,230
fold3_room6_mix005.csv,2139,1,1,-114,-8,231
fold3_room6_mix005.csv,2655,1,1,-111,-7,232
fold3_room6_mix005.csv,2656,1,1,-111,-7,233
fold3_room6_mix005.csv,2657,1,1,-111,-7,232
fold3_room6_mix005.csv,2658,1,1,-111,-8,232
fold3_room6_mix005.csv,2659,1,1,-111,-7,233
fold3_room6_mix005.csv,2660,1,1,-111,-7,233
fold3_room6_mix005.csv,2661,1,1,-112,-7,234
fold3_room6_mix005.csv,2662,1,1,-112,-7,234
fold3_room6_mix005.csv,2663,1,1,-112,-7,233
fold3_room6_mix005.csv,2664,1,1,-112,-7,233
fold3_room6_mix005.csv,2665,1,1,-112,-7,233
fold3_room6_mix005.csv,2666,1,1,-112,-7,233
fold3_room6_mix005.csv,2667,1,1,-112,-7,232
fold3_room6_mix005.csv,2668,1,1,-112,-7,233
fold3_room6_mix005.csv,2669,1,1,-112,-7,233
fold3_room6_mix005.csv,2670,1,1,-112,-7,233
fold3_room6_mix005.csv,2671,1,1,-112,-7,233
fold3_room6_mix005.csv,2672,1,1,-112,-7,232
fold3_room6_mix005.csv,2673,1,1,-112,-7,232
fold3_room6_mix005.csv,2674,1,1,-112,-7,232
fold3_room6_mix005.csv,2675,1,1,-111,-7,232
fold3_room6_mix005.csv,2676,1,1,-111,-7,232
fold3_room6_mix005.csv,2677,1,1,-110,-7,232
fold3_room6_mix005.csv,2678,1,1,-110,-8,233
fold3_room6_mix005.csv,2679,1,1,-110,-7,233
fold3_room6_mix006.csv,40,1,2,-116,-8,254
fold3_room6_mix006.csv,41,1,2,-116,-8,254
fold3_room6_mix006.csv,42,1,2,-116,-8,254
fold3_room6_mix006.csv,43,1,2,-116,-8,254
fold3_room6_mix006.csv,44,1,2,-116,-8,255
fold3_room6_mix006.csv,45,1,2,-116,-8,255
fold3_room6_mix006.csv,46,1,2,-116,-8,255
fold3_room6_mix006.csv,47,1,2,-116,-8,254
fold3_room6_mix006.csv,48,1,2,-115,-8,253
fold3_room6_mix006.csv,49,1,2,-115,-8,251
fold3_room6_mix006.csv,50,1,2,-114,-7,249
fold3_room6_mix006.csv,51,1,2,-113,-7,246
fold3_room6_mix006.csv,52,1,2,-112,-7,243
fold3_room6_mix006.csv,53,1,2,-112,-7,239
fold3_room6_mix006.csv,54,1,2,-111,-7,236
fold3_room6_mix006.csv,55,1,2,-110,-8,232
fold3_room6_mix006.csv,56,1,2,-110,-8,227
fold3_room6_mix006.csv,57,1,2,-111,-8,223
fold3_room6_mix006.csv,58,1,2,-112,-8,221
fold3_room6_mix006.csv,59,1,2,-113,-8,218
fold3_room6_mix006.csv,60,1,2,-114,-9,214
fold3_room6_mix006.csv,61,1,2,-114,-9,211
fold3_room6_mix006.csv,62,1,2,-115,-9,209
fold3_room6_mix006.csv,63,1,2,-115,-9,209
fold3_room6_mix006.csv,64,1,2,-115,-9,209
fold3_room6_mix006.csv,120,1,2,-106,-8,243
fold3_room6_mix006.csv,121,1,2,-106,-8,244
fold3_room6_mix006.csv,122,1,2,-106,-8,245
fold3_room6_mix006.csv,123,1,2,-105,-8,245
fold3_room6_mix006.csv,124,1,2,-105,-8,245
fold3_room6_mix006.csv,125,1,2,-105,-8,245
fold3_room6_mix006.csv,126,1,2,-105,-8,244
fold3_room6_mix006.csv,127,1,2,-105,-8,244
fold3_room6_mix006.csv,128,1,2,-105,-8,243
fold3_room6_mix006.csv,129,1,2,-105,-8,242
fold3_room6_mix006.csv,130,1,2,-105,-8,241
fold3_room6_mix006.csv,131,1,2,-105,-8,240
fold3_room6_mix006.csv,132,1,2,-105,-8,239
fold3_room6_mix006.csv,133,1,2,-105,-8,237
fold3_room6_mix006.csv,134,1,2,-105,-8,237
fold3_room6_mix006.csv,135,1,2,-105,-8,236
fold3_room6_mix006.csv,136,1,2,-105,-8,236
fold3_room6_mix006.csv,137,1,2,-105,-8,235
fold3_room6_mix006.csv,138,1,2,-104,-8,235
fold3_room6_mix006.csv,139,1,2,-104,-8,234
fold3_room6_mix006.csv,140,1,2,-104,-8,233
fold3_room6_mix006.csv,141,1,2,-104,-8,231
fold3_room6_mix006.csv,142,1,2,-104,-9,229
fold3_room6_mix006.csv,143,1,2,-103,-9,228
fold3_room6_mix006.csv,144,1,2,-103,-9,227
fold3_room6_mix006.csv,145,1,2,-103,-9,226
fold3_room6_mix006.csv,146,1,2,-103,-9,226
fold3_room6_mix006.csv,147,1,2,-103,-9,226
fold3_room6_mix006.csv,148,1,2,-103,-9,226
fold3_room6_mix006.csv,149,1,2,-103,-9,226
fold3_room6_mix006.csv,150,1,2,-103,-9,227
fold3_room6_mix006.csv,151,1,2,-103,-9,227
fold3_room6_mix006.csv,152,1,2,-103,-9,227
fold3_room6_mix006.csv,153,1,2,-103,-9,227
fold3_room6_mix006.csv,154,1,2,-103,-9,227
fold3_room6_mix006.csv,155,1,2,-104,-9,226
fold3_room6_mix006.csv,156,1,2,-104,-9,226
fold3_room6_mix006.csv,157,1,2,-105,-8,227
fold3_room6_mix006.csv,158,1,2,-106,-8,228
fold3_room6_mix006.csv,159,1,2,-106,-8,230
fold3_room6_mix006.csv,160,1,2,-106,-8,231
fold3_room6_mix006.csv,161,1,2,-106,-8,233
fold3_room6_mix006.csv,162,1,2,-107,-8,234
fold3_room6_mix006.csv,163,1,2,-106,-8,235
fold3_room6_mix006.csv,164,1,2,-106,-8,236
fold3_room6_mix006.csv,165,1,2,-106,-8,236
fold3_room6_mix006.csv,166,1,2,-106,-8,236
fold3_room6_mix006.csv,167,1,2,-106,-8,235
fold3_room6_mix006.csv,168,1,2,-106,-8,235
fold3_room6_mix006.csv,169,1,2,-106,-8,235
fold3_room6_mix006.csv,170,1,2,-106,-8,234
fold3_room6_mix006.csv,171,1,2,-107,-8,234
fold3_room6_mix006.csv,172,1,2,-107,-8,234
fold3_room6_mix006.csv,173,1,2,-107,-8,234
fold3_room6_mix006.csv,174,1,2,-107,-8,234
fold3_room6_mix006.csv,175,1,2,-107,-8,234
fold3_room6_mix006.csv,176,1,2,-107,-8,234
fold3_room6_mix006.csv,177,1,2,-107,-8,233
fold3_room6_mix006.csv,178,1,2,-107,-8,232
fold3_room6_mix006.csv,179,1,2,-107,-8,231
fold3_room6_mix006.csv,205,1,2,-106,-8,234
fold3_room6_mix006.csv,206,1,2,-105,-8,234
fold3_room6_mix006.csv,207,1,2,-105,-8,234
fold3_room6_mix006.csv,208,1,2,-105,-8,234
fold3_room6_mix006.csv,209,1,2,-105,-8,234
fold3_room6_mix006.csv,210,1,2,-105,-8,234
fold3_room6_mix006.csv,211,1,2,-105,-8,234
fold3_room6_mix006.csv,212,1,2,-105,-8,234
fold3_room6_mix006.csv,213,1,2,-105,-8,234
fold3_room6_mix006.csv,214,1,2,-105,-8,234
fold3_room6_mix006.csv,215,1,2,-104,-8,233
fold3_room6_mix006.csv,216,1,2,-104,-8,233
fold3_room6_mix006.csv,217,1,2,-104,-8,233
fold3_room6_mix006.csv,218,1,2,-104,-8,233
fold3_room6_mix006.csv,219,1,2,-104,-8,235
fold3_room6_mix006.csv,220,1,2,-104,-8,235
fold3_room6_mix006.csv,221,1,2,-104,-8,234
fold3_room6_mix006.csv,222,1,2,-104,-8,234
fold3_room6_mix006.csv,223,1,2,-104,-8,233
fold3_room6_mix006.csv,224,1,2,-104,-8,232
fold3_room6_mix006.csv,255,1,2,-104,-8,230
fold3_room6_mix006.csv,256,1,2,-104,-8,229
fold3_room6_mix006.csv,257,1,2,-104,-8,229
fold3_room6_mix006.csv,258,1,2,-104,-9,228
fold3_room6_mix006.csv,259,1,2,-104,-9,227
fold3_room6_mix006.csv,260,1,2,-104,-9,226
fold3_room6_mix006.csv,261,1,2,-104,-9,225
fold3_room6_mix006.csv,262,1,2,-104,-9,224
fold3_room6_mix006.csv,263,1,2,-104,-9,224
fold3_room6_mix006.csv,264,1,2,-104,-9,224
fold3_room6_mix006.csv,265,1,2,-105,-9,225
fold3_room6_mix006.csv,266,1,2,-105,-9,226
fold3_room6_mix006.csv,267,1,2,-105,-8,228
fold3_room6_mix006.csv,268,1,2,-106,-8,230
fold3_room6_mix006.csv,269,1,2,-106,-8,231
fold3_room6_mix006.csv,280,1,2,-106,-8,235
fold3_room6_mix006.csv,281,1,2,-106,-8,235
fold3_room6_mix006.csv,282,1,2,-106,-8,235
fold3_room6_mix006.csv,283,1,2,-106,-8,235
fold3_room6_mix006.csv,284,1,2,-106,-8,235
fold3_room6_mix006.csv,285,1,2,-106,-8,235
fold3_room6_mix006.csv,286,1,2,-106,-8,234
fold3_room6_mix006.csv,287,1,2,-106,-8,234
fold3_room6_mix006.csv,288,1,2,-106,-8,234
fold3_room6_mix006.csv,289,1,2,-106,-8,233
fold3_room6_mix006.csv,290,1,2,-106,-8,233
fold3_room6_mix006.csv,291,1,2,-106,-8,233
fold3_room6_mix006.csv,292,1,2,-106,-8,232
fold3_room6_mix006.csv,293,1,2,-106,-8,232
fold3_room6_mix006.csv,294,1,2,-106,-8,232
fold3_room6_mix006.csv,365,1,2,-106,-8,231
fold3_room6_mix006.csv,366,1,2,-106,-8,231
fold3_room6_mix006.csv,367,1,2,-106,-8,231
fold3_room6_mix006.csv,368,1,2,-107,-8,231
fold3_room6_mix006.csv,369,1,2,-107,-8,231
fold3_room6_mix006.csv,370,1,2,-107,-8,231
fold3_room6_mix006.csv,371,1,2,-106,-8,231
fold3_room6_mix006.csv,372,1,2,-106,-8,231
fold3_room6_mix006.csv,373,1,2,-106,-8,231
fold3_room6_mix006.csv,374,1,2,-106,-8,231
fold3_room6_mix006.csv,385,1,2,-106,-8,232
fold3_room6_mix006.csv,386,1,2,-106,-8,232
fold3_room6_mix006.csv,387,1,2,-106,-8,232
fold3_room6_mix006.csv,388,1,2,-106,-8,232
fold3_room6_mix006.csv,389,1,2,-106,-8,232
fold3_room6_mix006.csv,390,1,2,-106,-8,232
fold3_room6_mix006.csv,391,1,2,-106,-8,232
fold3_room6_mix006.csv,392,1,2,-106,-8,232
fold3_room6_mix006.csv,393,1,2,-106,-8,231
fold3_room6_mix006.csv,394,1,2,-106,-8,231
fold3_room6_mix006.csv,395,1,2,-106,-8,231
fold3_room6_mix006.csv,396,1,2,-106,-8,231
fold3_room6_mix006.csv,397,1,2,-106,-8,231
fold3_room6_mix006.csv,398,1,2,-106,-8,231
fold3_room6_mix006.csv,399,1,2,-106,-8,231
fold3_room6_mix006.csv,400,1,2,-106,-8,231
fold3_room6_mix006.csv,401,1,2,-106,-8,231
fold3_room6_mix006.csv,402,1,2,-106,-8,231
fold3_room6_mix006.csv,403,1,2,-106,-8,230
fold3_room6_mix006.csv,404,1,2,-106,-8,230
fold3_room6_mix006.csv,415,1,2,-105,-8,228
fold3_room6_mix006.csv,416,1,2,-105,-8,228
fold3_room6_mix006.csv,417,1,2,-105,-8,229
fold3_room6_mix006.csv,418,1,2,-105,-8,229
fold3_room6_mix006.csv,419,1,2,-106,-8,229
fold3_room6_mix006.csv,420,1,2,-105,-8,229
fold3_room6_mix006.csv,421,1,2,-105,-8,229
fold3_room6_mix006.csv,422,1,2,-105,-8,229
fold3_room6_mix006.csv,423,1,2,-105,-8,229
fold3_room6_mix006.csv,424,1,2,-105,-8,230
fold3_room6_mix006.csv,425,1,2,-105,-8,230
fold3_room6_mix006.csv,426,1,2,-105,-8,231
fold3_room6_mix006.csv,427,1,2,-105,-8,232
fold3_room6_mix006.csv,428,1,2,-105,-8,233
fold3_room6_mix006.csv,429,1,2,-105,-8,233
fold3_room6_mix006.csv,430,1,2,-105,-8,233
fold3_room6_mix006.csv,431,1,2,-105,-8,234
fold3_room6_mix006.csv,432,1,2,-105,-8,234
fold3_room6_mix006.csv,433,1,2,-104,-8,234
fold3_room6_mix006.csv,434,1,2,-104,-8,234
fold3_room6_mix006.csv,435,1,2,-104,-8,234
fold3_room6_mix006.csv,436,1,2,-104,-8,235
fold3_room6_mix006.csv,437,1,2,-104,-8,235
fold3_room6_mix006.csv,438,1,2,-104,-8,235
fold3_room6_mix006.csv,439,1,2,-104,-8,234
fold3_room6_mix006.csv,580,1,2,-106,-8,232
fold3_room6_mix006.csv,581,1,2,-106,-8,232
fold3_room6_mix006.csv,582,1,2,-105,-8,233
fold3_room6_mix006.csv,583,1,2,-105,-8,233
fold3_room6_mix006.csv,584,1,2,-105,-8,233
fold3_room6_mix006.csv,585,1,2,-105,-8,233
fold3_room6_mix006.csv,586,1,2,-105,-8,234
fold3_room6_mix006.csv,587,1,2,-105,-8,234
fold3_room6_mix006.csv,588,1,2,-105,-8,234
fold3_room6_mix006.csv,589,1,2,-105,-8,234
fold3_room6_mix006.csv,590,1,2,-105,-8,234
fold3_room6_mix006.csv,591,1,2,-105,-8,235
fold3_room6_mix006.csv,592,1,2,-105,-8,235
fold3_room6_mix006.csv,593,1,2,-105,-8,236
fold3_room6_mix006.csv,594,1,2,-105,-8,236
fold3_room6_mix006.csv,595,1,2,-105,-8,237
fold3_room6_mix006.csv,596,1,2,-105,-8,238
fold3_room6_mix006.csv,597,1,2,-105,-8,238
fold3_room6_mix006.csv,598,1,2,-104,-8,239
fold3_room6_mix006.csv,599,1,2,-104,-8,239
fold3_room6_mix006.csv,600,1,2,-104,-8,238
fold3_room6_mix006.csv,601,1,2,-104,-8,237
fold3_room6_mix006.csv,602,1,2,-104,-8,236
fold3_room6_mix006.csv,603,1,2,-104,-8,235
fold3_room6_mix006.csv,604,1,2,-105,-8,234
fold3_room6_mix006.csv,605,1,2,-105,-8,233
fold3_room6_mix006.csv,606,1,2,-105,-8,232
fold3_room6_mix006.csv,607,1,2,-105,-8,232
fold3_room6_mix006.csv,608,1,2,-104,-8,232
fold3_room6_mix006.csv,609,1,2,-104,-8,232
fold3_room6_mix006.csv,610,1,2,-104,-8,232
fold3_room6_mix006.csv,611,1,2,-104,-8,232
fold3_room6_mix006.csv,612,1,2,-105,-8,233
fold3_room6_mix006.csv,613,1,2,-105,-8,233
fold3_room6_mix006.csv,614,1,2,-105,-8,233
fold3_room6_mix006.csv,615,1,2,-105,-8,233
fold3_room6_mix006.csv,616,1,2,-105,-8,233
fold3_room6_mix006.csv,617,1,2,-105,-8,232
fold3_room6_mix006.csv,618,1,2,-105,-8,232
fold3_room6_mix006.csv,619,1,2,-105,-8,232
fold3_room6_mix006.csv,620,1,2,-105,-8,232
fold3_room6_mix006.csv,621,1,2,-105,-8,231
fold3_room6_mix006.csv,622,1,2,-105,-8,231
fold3_room6_mix006.csv,623,1,2,-105,-8,231
fold3_room6_mix006.csv,624,1,2,-105,-8,231
fold3_room6_mix006.csv,625,1,2,-105,-8,231
fold3_room6_mix006.csv,626,1,2,-105,-8,231
fold3_room6_mix006.csv,627,1,2,-105,-8,232
fold3_room6_mix006.csv,628,1,2,-105,-8,232
fold3_room6_mix006.csv,629,1,2,-104,-8,231
fold3_room6_mix006.csv,630,1,2,-104,-8,232
fold3_room6_mix006.csv,631,1,2,-105,-8,231
fold3_room6_mix006.csv,632,1,2,-105,-8,231
fold3_room6_mix006.csv,633,1,2,-105,-8,231
fold3_room6_mix006.csv,634,1,2,-105,-8,231
fold3_room6_mix006.csv,635,1,2,-105,-8,231
fold3_room6_mix006.csv,636,1,2,-105,-8,232
fold3_room6_mix006.csv,637,1,2,-104,-8,233
fold3_room6_mix006.csv,638,1,2,-104,-8,233
fold3_room6_mix006.csv,639,1,2,-104,-8,233
fold3_room6_mix006.csv,640,1,2,-104,-8,233
fold3_room6_mix006.csv,641,1,2,-104,-8,233
fold3_room6_mix006.csv,642,1,2,-105,-8,232
fold3_room6_mix006.csv,643,1,2,-105,-8,231
fold3_room6_mix006.csv,644,1,2,-105,-8,232
fold3_room6_mix006.csv,655,1,2,-104,-8,235
fold3_room6_mix006.csv,656,1,2,-104,-8,235
fold3_room6_mix006.csv,657,1,2,-104,-8,235
fold3_room6_mix006.csv,658,1,2,-104,-8,234
fold3_room6_mix006.csv,659,1,2,-104,-8,234
fold3_room6_mix006.csv,660,1,2,-104,-8,234
fold3_room6_mix006.csv,661,1,2,-104,-8,234
fold3_room6_mix006.csv,662,1,2,-104,-8,234
fold3_room6_mix006.csv,663,1,2,-104,-8,233
fold3_room6_mix006.csv,664,1,2,-104,-8,234
fold3_room6_mix006.csv,680,1,2,-106,-8,232
fold3_room6_mix006.csv,681,1,2,-106,-8,232
fold3_room6_mix006.csv,682,1,2,-106,-8,233
fold3_room6_mix006.csv,683,1,2,-106,-8,234
fold3_room6_mix006.csv,684,1,2,-107,-8,236
fold3_room6_mix006.csv,685,1,2,-107,-8,237
fold3_room6_mix006.csv,686,1,2,-107,-8,238
fold3_room6_mix006.csv,687,1,2,-107,-8,238
fold3_room6_mix006.csv,688,1,2,-107,-8,238
fold3_room6_mix006.csv,689,1,2,-107,-8,238
fold3_room6_mix006.csv,690,1,2,-107,-8,238
fold3_room6_mix006.csv,691,1,2,-106,-8,238
fold3_room6_mix006.csv,692,1,2,-106,-8,238
fold3_room6_mix006.csv,693,1,2,-106,-8,237
fold3_room6_mix006.csv,694,1,2,-106,-8,237
fold3_room6_mix006.csv,695,1,2,-106,-8,237
fold3_room6_mix006.csv,696,1,2,-106,-8,237
fold3_room6_mix006.csv,697,1,2,-106,-8,236
fold3_room6_mix006.csv,698,1,2,-106,-8,235
fold3_room6_mix006.csv,699,1,2,-105,-8,235
fold3_room6_mix006.csv,700,1,2,-105,-8,234
fold3_room6_mix006.csv,701,1,2,-105,-8,233
fold3_room6_mix006.csv,702,1,2,-105,-8,233
fold3_room6_mix006.csv,703,1,2,-105,-8,233
fold3_room6_mix006.csv,704,1,2,-105,-8,233
fold3_room6_mix006.csv,705,1,2,-105,-8,233
fold3_room6_mix006.csv,706,1,2,-105,-8,233
fold3_room6_mix006.csv,707,1,2,-105,-8,233
fold3_room6_mix006.csv,708,1,2,-105,-8,233
fold3_room6_mix006.csv,709,1,2,-105,-8,234
fold3_room6_mix006.csv,710,1,2,-105,-8,235
fold3_room6_mix006.csv,711,1,2,-105,-8,235
fold3_room6_mix006.csv,712,1,2,-105,-8,236
fold3_room6_mix006.csv,713,1,2,-105,-8,235
fold3_room6_mix006.csv,714,1,2,-105,-8,235
fold3_room6_mix006.csv,725,1,2,-105,-8,233
fold3_room6_mix006.csv,726,1,2,-106,-8,232
fold3_room6_mix006.csv,727,1,2,-106,-8,232
fold3_room6_mix006.csv,728,1,2,-106,-8,232
fold3_room6_mix006.csv,729,1,2,-106,-8,232
fold3_room6_mix006.csv,730,1,2,-106,-8,232
fold3_room6_mix006.csv,731,1,2,-106,-8,231
fold3_room6_mix006.csv,732,1,2,-105,-8,230
fold3_room6_mix006.csv,733,1,2,-105,-8,230
fold3_room6_mix006.csv,734,1,2,-105,-8,230
fold3_room6_mix006.csv,735,1,2,-105,-8,230
fold3_room6_mix006.csv,736,1,2,-105,-8,230
fold3_room6_mix006.csv,737,1,2,-105,-8,231
fold3_room6_mix006.csv,738,1,2,-105,-8,231
fold3_room6_mix006.csv,739,1,2,-105,-8,231
fold3_room6_mix006.csv,740,1,2,-105,-8,232
fold3_room6_mix006.csv,741,1,2,-105,-8,232
fold3_room6_mix006.csv,742,1,2,-105,-8,232
fold3_room6_mix006.csv,743,1,2,-105,-8,232
fold3_room6_mix006.csv,744,1,2,-105,-8,232
fold3_room6_mix006.csv,745,1,2,-105,-8,232
fold3_room6_mix006.csv,746,1,2,-105,-8,232
fold3_room6_mix006.csv,747,1,2,-105,-8,232
fold3_room6_mix006.csv,748,1,2,-105,-8,232
fold3_room6_mix006.csv,749,1,2,-105,-8,232
fold3_room6_mix006.csv,750,1,2,-105,-8,232
fold3_room6_mix006.csv,751,1,2,-105,-8,232
fold3_room6_mix006.csv,752,1,2,-105,-8,232
fold3_room6_mix006.csv,753,1,2,-105,-8,232
fold3_room6_mix006.csv,754,1,2,-105,-8,233
fold3_room6_mix006.csv,755,1,2,-105,-8,233
fold3_room6_mix006.csv,756,1,2,-105,-8,233
fold3_room6_mix006.csv,757,1,2,-105,-8,233
fold3_room6_mix006.csv,758,1,2,-105,-8,234
fold3_room6_mix006.csv,759,1,2,-105,-8,236
fold3_room6_mix006.csv,760,1,2,-105,-8,236
fold3_room6_mix006.csv,761,1,2,-105,-8,236
fold3_room6_mix006.csv,762,1,2,-105,-8,236
fold3_room6_mix006.csv,763,1,2,-105,-8,236
fold3_room6_mix006.csv,764,1,2,-105,-8,236
fold3_room6_mix006.csv,765,1,2,-105,-8,236
fold3_room6_mix006.csv,766,1,2,-105,-8,235
fold3_room6_mix006.csv,767,1,2,-105,-8,235
fold3_room6_mix006.csv,768,1,2,-105,-8,234
fold3_room6_mix006.csv,769,1,2,-105,-8,234
fold3_room6_mix006.csv,770,1,2,-105,-8,233
fold3_room6_mix006.csv,771,1,2,-105,-8,233
fold3_room6_mix006.csv,772,1,2,-105,-8,232
fold3_room6_mix006.csv,773,1,2,-106,-8,232
fold3_room6_mix006.csv,774,1,2,-106,-8,232
fold3_room6_mix006.csv,775,1,2,-106,-8,233
fold3_room6_mix006.csv,776,1,2,-106,-8,233
fold3_room6_mix006.csv,777,1,2,-106,-8,233
fold3_room6_mix006.csv,778,1,2,-106,-8,233
fold3_room6_mix006.csv,779,1,2,-106,-8,233
fold3_room6_mix006.csv,780,1,2,-105,-8,233
fold3_room6_mix006.csv,781,1,2,-105,-8,233
fold3_room6_mix006.csv,782,1,2,-105,-8,232
fold3_room6_mix006.csv,783,1,2,-105,-8,232
fold3_room6_mix006.csv,784,1,2,-105,-8,232
fold3_room6_mix006.csv,785,1,2,-105,-8,232
fold3_room6_mix006.csv,786,1,2,-105,-8,231
fold3_room6_mix006.csv,787,1,2,-105,-8,231
fold3_room6_mix006.csv,788,1,2,-105,-8,231
fold3_room6_mix006.csv,789,1,2,-105,-8,230
fold3_room6_mix006.csv,800,1,2,-106,-8,230
fold3_room6_mix006.csv,801,1,2,-106,-8,230
fold3_room6_mix006.csv,802,1,2,-106,-8,230
fold3_room6_mix006.csv,803,1,2,-107,-8,230
fold3_room6_mix006.csv,804,1,2,-107,-8,230
fold3_room6_mix006.csv,805,1,2,-107,-8,230
fold3_room6_mix006.csv,806,1,2,-107,-8,231
fold3_room6_mix006.csv,807,1,2,-107,-8,231
fold3_room6_mix006.csv,808,1,2,-107,-8,231
fold3_room6_mix006.csv,809,1,2,-107,-8,231
fold3_room6_mix006.csv,810,1,2,-106,-8,231
fold3_room6_mix006.csv,811,1,2,-106,-8,231
fold3_room6_mix006.csv,812,1,2,-106,-8,231
fold3_room6_mix006.csv,813,1,2,-106,-8,232
fold3_room6_mix006.csv,814,1,2,-106,-8,231
fold3_room6_mix006.csv,815,1,2,-106,-8,231
fold3_room6_mix006.csv,816,1,2,-106,-8,231
fold3_room6_mix006.csv,817,1,2,-106,-8,231
fold3_room6_mix006.csv,818,1,2,-106,-8,231
fold3_room6_mix006.csv,819,1,2,-106,-8,231
fold3_room6_mix006.csv,820,1,2,-106,-8,231
fold3_room6_mix006.csv,821,1,2,-106,-8,231
fold3_room6_mix006.csv,822,1,2,-106,-8,231
fold3_room6_mix006.csv,823,1,2,-106,-8,231
fold3_room6_mix006.csv,824,1,2,-106,-8,231
fold3_room6_mix006.csv,825,1,2,-106,-8,231
fold3_room6_mix006.csv,826,1,2,-106,-8,231
fold3_room6_mix006.csv,827,1,2,-106,-8,231
fold3_room6_mix006.csv,828,1,2,-106,-8,232
fold3_room6_mix006.csv,829,1,2,-107,-8,232
fold3_room6_mix006.csv,830,1,2,-107,-8,233
fold3_room6_mix006.csv,831,1,2,-107,-8,233
fold3_room6_mix006.csv,832,1,2,-107,-8,233
fold3_room6_mix006.csv,833,1,2,-107,-8,233
fold3_room6_mix006.csv,834,1,2,-107,-8,232
fold3_room6_mix006.csv,835,1,2,-107,-8,232
fold3_room6_mix006.csv,836,1,2,-106,-8,232
fold3_room6_mix006.csv,837,1,2,-105,-8,232
fold3_room6_mix006.csv,838,1,2,-105,-8,232
fold3_room6_mix006.csv,839,1,2,-104,-8,231
fold3_room6_mix006.csv,840,1,2,-104,-9,230
fold3_room6_mix006.csv,841,1,2,-104,-9,228
fold3_room6_mix006.csv,842,1,2,-104,-9,227
fold3_room6_mix006.csv,843,1,2,-104,-9,227
fold3_room6_mix006.csv,844,1,2,-104,-9,228
fold3_room6_mix006.csv,855,1,2,-107,-7,232
fold3_room6_mix006.csv,856,1,2,-108,-7,231
fold3_room6_mix006.csv,857,1,2,-109,-7,230
fold3_room6_mix006.csv,858,1,2,-110,-8,228
fold3_room6_mix006.csv,859,1,2,-111,-8,226
fold3_room6_mix006.csv,860,1,2,-111,-8,222
fold3_room6_mix006.csv,861,1,2,-112,-9,216
fold3_room6_mix006.csv,862,1,2,-113,-10,208
fold3_room6_mix006.csv,863,1,2,-114,-12,200
fold3_room6_mix006.csv,864,1,2,-115,-13,191
fold3_room6_mix007.csv,65,1,1,166,-9,199
fold3_room6_mix007.csv,66,1,1,166,-9,199
fold3_room6_mix007.csv,67,1,1,166,-9,199
fold3_room6_mix007.csv,68,1,1,166,-9,199
fold3_room6_mix007.csv,69,1,1,166,-9,199
fold3_room6_mix007.csv,95,1,1,166,-9,200
fold3_room6_mix007.csv,96,1,1,166,-9,200
fold3_room6_mix007.csv,97,1,1,166,-9,199
fold3_room6_mix007.csv,98,1,1,166,-9,199
fold3_room6_mix007.csv,99,1,1,166,-9,199
fold3_room6_mix007.csv,115,1,1,165,-9,199
fold3_room6_mix007.csv,116,1,1,165,-9,199
fold3_room6_mix007.csv,117,1,1,165,-9,199
fold3_room6_mix007.csv,118,1,1,165,-9,200
fold3_room6_mix007.csv,119,1,1,165,-9,199
fold3_room6_mix007.csv,120,1,1,165,-9,199
fold3_room6_mix007.csv,121,1,1,165,-9,199
fold3_room6_mix007.csv,122,1,1,165,-9,199
fold3_room6_mix007.csv,123,1,1,165,-9,199
fold3_room6_mix007.csv,124,1,1,165,-9,199
fold3_room6_mix007.csv,125,1,1,165,-9,199
fold3_room6_mix007.csv,126,1,1,165,-9,199
fold3_room6_mix007.csv,127,1,1,165,-9,199
fold3_room6_mix007.csv,128,1,1,165,-9,199
fold3_room6_mix007.csv,129,1,1,165,-9,199
fold3_room6_mix007.csv,130,1,1,165,-9,199
fold3_room6_mix007.csv,131,1,1,165,-9,199
fold3_room6_mix007.csv,132,1,1,165,-9,199
fold3_room6_mix007.csv,133,1,1,166,-9,200
fold3_room6_mix007.csv,134,1,1,166,-9,200
fold3_room6_mix007.csv,175,1,1,166,-9,200
fold3_room6_mix007.csv,176,1,1,166,-9,200
fold3_room6_mix007.csv,177,1,1,166,-9,200
fold3_room6_mix007.csv,178,1,1,166,-9,200
fold3_room6_mix007.csv,179,1,1,166,-9,200
fold3_room6_mix007.csv,180,1,1,166,-9,200
fold3_room6_mix007.csv,181,1,1,166,-9,200
fold3_room6_mix007.csv,182,1,1,166,-9,200
fold3_room6_mix007.csv,183,1,1,166,-9,200
fold3_room6_mix007.csv,184,1,1,166,-9,200
fold3_room6_mix007.csv,185,1,1,166,-9,200
fold3_room6_mix007.csv,186,1,1,166,-9,200
fold3_room6_mix007.csv,187,1,1,166,-9,200
fold3_room6_mix007.csv,188,1,1,166,-9,200
fold3_room6_mix007.csv,189,1,1,166,-9,200
fold3_room6_mix007.csv,230,1,1,165,-9,199
fold3_room6_mix007.csv,231,1,1,165,-9,199
fold3_room6_mix007.csv,232,1,1,165,-9,199
fold3_room6_mix007.csv,233,1,1,165,-9,199
fold3_room6_mix007.csv,234,1,1,165,-9,199
fold3_room6_mix007.csv,235,1,1,165,-9,199
fold3_room6_mix007.csv,236,1,1,165,-9,199
fold3_room6_mix007.csv,237,1,1,165,-9,199
fold3_room6_mix007.csv,238,1,1,165,-9,199
fold3_room6_mix007.csv,239,1,1,165,-9,199
fold3_room6_mix007.csv,285,1,1,165,-9,199
fold3_room6_mix007.csv,286,1,1,166,-9,199
fold3_room6_mix007.csv,287,1,1,166,-9,199
fold3_room6_mix007.csv,288,1,1,165,-9,199
fold3_room6_mix007.csv,289,1,1,166,-9,199
fold3_room6_mix007.csv,290,1,1,166,-9,199
fold3_room6_mix007.csv,291,1,1,166,-9,199
fold3_room6_mix007.csv,292,1,1,166,-9,199
fold3_room6_mix007.csv,293,1,1,166,-9,199
fold3_room6_mix007.csv,294,1,1,165,-9,199
fold3_room6_mix007.csv,295,1,1,165,-9,199
fold3_room6_mix007.csv,296,1,1,165,-9,199
fold3_room6_mix007.csv,297,1,1,165,-9,199
fold3_room6_mix007.csv,298,1,1,165,-9,199
fold3_room6_mix007.csv,299,1,1,165,-9,199
fold3_room6_mix007.csv,350,1,1,165,-9,199
fold3_room6_mix007.csv,351,1,1,165,-9,199
fold3_room6_mix007.csv,352,1,1,165,-9,199
fold3_room6_mix007.csv,353,1,1,166,-9,199
fold3_room6_mix007.csv,354,1,1,166,-9,199
fold3_room6_mix007.csv,355,1,1,166,-9,200
fold3_room6_mix007.csv,356,1,1,166,-9,201
fold3_room6_mix007.csv,357,1,1,166,-9,201
fold3_room6_mix007.csv,358,1,1,166,-9,202
fold3_room6_mix007.csv,359,1,1,166,-9,202
fold3_room6_mix007.csv,405,1,1,166,-9,199
fold3_room6_mix007.csv,406,1,1,166,-9,199
fold3_room6_mix007.csv,407,1,1,166,-9,199
fold3_room6_mix007.csv,408,1,1,166,-9,199
fold3_room6_mix007.csv,409,1,1,166,-9,199
fold3_room6_mix007.csv,410,1,1,166,-9,199
fold3_room6_mix007.csv,411,1,1,166,-9,199
fold3_room6_mix007.csv,412,1,1,166,-9,199
fold3_room6_mix007.csv,413,1,1,166,-9,199
fold3_room6_mix007.csv,414,1,1,166,-9,199
fold3_room6_mix007.csv,435,1,1,165,-9,197
fold3_room6_mix007.csv,436,1,1,165,-9,197
fold3_room6_mix007.csv,437,1,1,165,-9,197
fold3_room6_mix007.csv,438,1,1,165,-9,197
fold3_room6_mix007.csv,439,1,1,165,-9,197
fold3_room6_mix007.csv,470,1,1,166,-10,195
fold3_room6_mix007.csv,471,1,1,166,-10,194
fold3_room6_mix007.csv,472,1,1,166,-10,194
fold3_room6_mix007.csv,473,1,1,166,-10,194
fold3_room6_mix007.csv,474,1,1,166,-10,194
fold3_room6_mix007.csv,475,1,1,166,-10,194
fold3_room6_mix007.csv,476,1,1,166,-10,194
fold3_room6_mix007.csv,477,1,1,166,-10,194
fold3_room6_mix007.csv,478,1,1,166,-10,194
fold3_room6_mix007.csv,479,1,1,166,-10,194
fold3_room6_mix007.csv,515,1,1,165,-10,194
fold3_room6_mix007.csv,516,1,1,165,-10,194
fold3_room6_mix007.csv,517,1,1,165,-10,194
fold3_room6_mix007.csv,518,1,1,165,-10,194
fold3_room6_mix007.csv,519,1,1,165,-10,194
fold3_room6_mix007.csv,520,1,1,165,-10,194
fold3_room6_mix007.csv,521,1,1,165,-10,194
fold3_room6_mix007.csv,522,1,1,165,-10,194
fold3_room6_mix007.csv,523,1,1,165,-10,194
fold3_room6_mix007.csv,524,1,1,165,-10,194
fold3_room6_mix007.csv,1660,1,1,170,-10,192
fold3_room6_mix007.csv,1661,1,1,170,-10,192
fold3_room6_mix007.csv,1662,1,1,170,-10,191
fold3_room6_mix007.csv,1663,1,1,170,-10,191
fold3_room6_mix007.csv,1664,1,1,170,-10,191
fold3_room6_mix007.csv,1685,1,1,170,-10,193
fold3_room6_mix007.csv,1686,1,1,170,-10,194
fold3_room6_mix007.csv,1687,1,1,170,-10,193
fold3_room6_mix007.csv,1688,1,1,170,-10,193
fold3_room6_mix007.csv,1689,1,1,170,-10,193
fold3_room6_mix007.csv,1690,1,1,170,-10,194
fold3_room6_mix007.csv,1691,1,1,170,-10,194
fold3_room6_mix007.csv,1692,1,1,170,-10,194
fold3_room6_mix007.csv,1693,1,1,170,-10,194
fold3_room6_mix007.csv,1694,1,1,171,-10,195
fold3_room6_mix007.csv,1695,1,1,171,-10,195
fold3_room6_mix007.csv,1696,1,1,171,-10,194
fold3_room6_mix007.csv,1697,1,1,171,-10,193
fold3_room6_mix007.csv,1698,1,1,171,-10,192
fold3_room6_mix007.csv,1699,1,1,171,-11,192
fold3_room6_mix007.csv,1725,1,1,172,-10,193
fold3_room6_mix007.csv,1726,1,1,172,-10,192
fold3_room6_mix007.csv,1727,1,1,172,-10,192
fold3_room6_mix007.csv,1728,1,1,172,-10,192
fold3_room6_mix007.csv,1729,1,1,171,-10,192
fold3_room6_mix007.csv,1730,1,1,171,-10,192
fold3_room6_mix007.csv,1731,1,1,170,-10,191
fold3_room6_mix007.csv,1732,1,1,170,-11,191
fold3_room6_mix007.csv,1733,1,1,170,-10,191
fold3_room6_mix007.csv,1734,1,1,170,-10,191
fold3_room6_mix007.csv,1735,1,1,170,-10,191
fold3_room6_mix007.csv,1736,1,1,170,-10,191
fold3_room6_mix007.csv,1737,1,1,170,-10,191
fold3_room6_mix007.csv,1738,1,1,170,-11,190
fold3_room6_mix007.csv,1739,1,1,170,-11,190
fold3_room6_mix007.csv,1740,1,1,170,-11,190
fold3_room6_mix007.csv,1741,1,1,170,-11,190
fold3_room6_mix007.csv,1742,1,1,170,-11,190
fold3_room6_mix007.csv,1743,1,1,170,-11,190
fold3_room6_mix007.csv,1744,1,1,170,-11,190
fold3_room6_mix007.csv,1785,1,1,171,-11,190
fold3_room6_mix007.csv,1786,1,1,171,-11,191
fold3_room6_mix007.csv,1787,1,1,170,-10,191
fold3_room6_mix007.csv,1788,1,1,170,-10,191
fold3_room6_mix007.csv,1789,1,1,170,-10,192
fold3_room6_mix007.csv,1790,1,1,170,-10,193
fold3_room6_mix007.csv,1791,1,1,170,-10,193
fold3_room6_mix007.csv,1792,1,1,170,-10,193
fold3_room6_mix007.csv,1793,1,1,170,-10,193
fold3_room6_mix007.csv,1794,1,1,170,-10,193
fold3_room6_mix007.csv,1795,1,1,170,-10,192
fold3_room6_mix007.csv,1796,1,1,170,-10,192
fold3_room6_mix007.csv,1797,1,1,170,-10,191
fold3_room6_mix007.csv,1798,1,1,170,-10,191
fold3_room6_mix007.csv,1799,1,1,170,-10,190
fold3_room6_mix007.csv,1800,1,1,170,-10,191
fold3_room6_mix007.csv,1801,1,1,169,-10,191
fold3_room6_mix007.csv,1802,1,1,169,-10,191
fold3_room6_mix007.csv,1803,1,1,169,-10,191
fold3_room6_mix007.csv,1804,1,1,169,-10,191
fold3_room6_mix007.csv,1805,1,1,169,-10,191
fold3_room6_mix007.csv,1806,1,1,169,-10,191
fold3_room6_mix007.csv,1807,1,1,169,-10,191
fold3_room6_mix007.csv,1808,1,1,169,-10,191
fold3_room6_mix007.csv,1809,1,1,169,-10,191
fold3_room6_mix007.csv,1810,1,1,169,-10,191
fold3_room6_mix007.csv,1811,1,1,169,-10,191
fold3_room6_mix007.csv,1812,1,1,170,-10,191
fold3_room6_mix007.csv,1813,1,1,170,-10,191
fold3_room6_mix007.csv,1814,1,1,170,-10,191
fold3_room6_mix007.csv,1815,1,1,170,-10,191
fold3_room6_mix007.csv,1816,1,1,170,-10,191
fold3_room6_mix007.csv,1817,1,1,170,-10,192
fold3_room6_mix007.csv,1818,1,1,170,-10,192
fold3_room6_mix007.csv,1819,1,1,170,-10,191
fold3_room6_mix007.csv,1820,1,1,170,-10,191
fold3_room6_mix007.csv,1821,1,1,170,-10,191
fold3_room6_mix007.csv,1822,1,1,170,-10,191
fold3_room6_mix007.csv,1823,1,1,170,-10,190
fold3_room6_mix007.csv,1824,1,1,169,-10,191
fold3_room6_mix007.csv,1855,1,1,170,-10,193
fold3_room6_mix007.csv,1856,1,1,170,-10,192
fold3_room6_mix007.csv,1857,1,1,170,-11,190
fold3_room6_mix007.csv,1858,1,1,170,-10,190
fold3_room6_mix007.csv,1859,1,1,170,-10,191
fold3_room6_mix007.csv,1880,1,1,170,-11,190
fold3_room6_mix007.csv,1881,1,1,169,-11,190
fold3_room6_mix007.csv,1882,1,1,169,-10,190
fold3_room6_mix007.csv,1883,1,1,169,-10,190
fold3_room6_mix007.csv,1884,1,1,169,-11,190
fold3_room6_mix007.csv,1885,1,1,169,-10,190
fold3_room6_mix007.csv,1886,1,1,169,-10,191
fold3_room6_mix007.csv,1887,1,1,169,-10,190
fold3_room6_mix007.csv,1888,1,1,169,-10,190
fold3_room6_mix007.csv,1889,1,1,169,-10,191
fold3_room6_mix007.csv,1910,1,1,170,-11,190
fold3_room6_mix007.csv,1911,1,1,170,-11,190
fold3_room6_mix007.csv,1912,1,1,170,-10,191
fold3_room6_mix007.csv,1913,1,1,169,-11,190
fold3_room6_mix007.csv,1914,1,1,169,-11,190
fold3_room6_mix007.csv,1915,1,1,169,-10,191
fold3_room6_mix007.csv,1916,1,1,169,-10,191
fold3_room6_mix007.csv,1917,1,1,169,-10,191
fold3_room6_mix007.csv,1918,1,1,169,-10,191
fold3_room6_mix007.csv,1919,1,1,169,-10,191
fold3_room6_mix007.csv,1920,1,1,169,-10,191
fold3_room6_mix007.csv,1921,1,1,170,-10,191
fold3_room6_mix007.csv,1922,1,1,170,-10,191
fold3_room6_mix007.csv,1923,1,1,170,-10,191
fold3_room6_mix007.csv,1924,1,1,170,-10,191
fold3_room6_mix007.csv,1925,1,1,170,-10,192
fold3_room6_mix007.csv,1926,1,1,170,-10,192
fold3_room6_mix007.csv,1927,1,1,170,-10,192
fold3_room6_mix007.csv,1928,1,1,170,-10,192
fold3_room6_mix007.csv,1929,1,1,170,-10,192
fold3_room6_mix007.csv,1930,1,1,170,-10,192
fold3_room6_mix007.csv,1931,1,1,170,-10,192
fold3_room6_mix007.csv,1932,1,1,170,-10,193
fold3_room6_mix007.csv,1933,1,1,170,-10,193
fold3_room6_mix007.csv,1934,1,1,170,-10,193
fold3_room6_mix007.csv,1935,1,1,170,-10,192
fold3_room6_mix007.csv,1936,1,1,170,-10,193
fold3_room6_mix007.csv,1937,1,1,170,-10,193
fold3_room6_mix007.csv,1938,1,1,170,-10,193
fold3_room6_mix007.csv,1939,1,1,170,-10,193
fold3_room6_mix007.csv,1940,1,1,171,-10,194
fold3_room6_mix007.csv,1941,1,1,171,-10,194
fold3_room6_mix007.csv,1942,1,1,170,-10,194
fold3_room6_mix007.csv,1943,1,1,170,-10,193
fold3_room6_mix007.csv,1944,1,1,170,-10,193
fold3_room6_mix007.csv,1945,1,1,169,-10,192
fold3_room6_mix007.csv,1946,1,1,169,-10,191
fold3_room6_mix007.csv,1947,1,1,169,-10,191
fold3_room6_mix007.csv,1948,1,1,169,-10,190
fold3_room6_mix007.csv,1949,1,1,169,-10,190
fold3_room6_mix007.csv,1950,1,1,170,-10,190
fold3_room6_mix007.csv,1951,1,1,170,-10,191
fold3_room6_mix007.csv,1952,1,1,170,-10,191
fold3_room6_mix007.csv,1953,1,1,169,-10,190
fold3_room6_mix007.csv,1954,1,1,169,-10,190
fold3_room6_mix007.csv,1960,1,1,169,-10,191
fold3_room6_mix007.csv,1961,1,1,169,-10,191
fold3_room6_mix007.csv,1962,1,1,169,-10,191
fold3_room6_mix007.csv,1963,1,1,169,-10,191
fold3_room6_mix007.csv,1964,1,1,169,-10,192
fold3_room6_mix007.csv,1965,1,1,169,-10,192
fold3_room6_mix007.csv,1966,1,1,169,-10,192
fold3_room6_mix007.csv,1967,1,1,169,-10,191
fold3_room6_mix007.csv,1968,1,1,169,-10,191
fold3_room6_mix007.csv,1969,1,1,169,-10,191
fold3_room6_mix007.csv,1990,1,1,169,-10,191
fold3_room6_mix007.csv,1991,1,1,169,-10,191
fold3_room6_mix007.csv,1992,1,1,169,-11,190
fold3_room6_mix007.csv,1993,1,1,170,-10,191
fold3_room6_mix007.csv,1994,1,1,169,-10,191
fold3_room6_mix007.csv,1995,1,1,169,-10,191
fold3_room6_mix007.csv,1996,1,1,169,-10,190
fold3_room6_mix007.csv,1997,1,1,169,-10,190
fold3_room6_mix007.csv,1998,1,1,169,-10,190
fold3_room6_mix007.csv,1999,1,1,169,-11,190
fold3_room6_mix007.csv,2025,1,1,169,-11,190
fold3_room6_mix007.csv,2026,1,1,169,-10,191
fold3_room6_mix007.csv,2027,1,1,169,-10,191
fold3_room6_mix007.csv,2028,1,1,169,-11,190
fold3_room6_mix007.csv,2029,1,1,169,-11,190
fold3_room6_mix007.csv,2030,1,1,169,-10,190
fold3_room6_mix007.csv,2031,1,1,169,-10,190
fold3_room6_mix007.csv,2032,1,1,169,-10,191
fold3_room6_mix007.csv,2033,1,1,169,-10,191
fold3_room6_mix007.csv,2034,1,1,169,-10,191
fold3_room6_mix007.csv,2035,1,1,169,-10,191
fold3_room6_mix007.csv,2036,1,1,169,-10,192
fold3_room6_mix007.csv,2037,1,1,169,-10,192
fold3_room6_mix007.csv,2038,1,1,169,-10,192
fold3_room6_mix007.csv,2039,1,1,169,-10,192
fold3_room6_mix007.csv,2040,1,1,169,-10,192
fold3_room6_mix007.csv,2041,1,1,169,-10,193
fold3_room6_mix007.csv,2042,1,1,169,-10,192
fold3_room6_mix007.csv,2043,1,1,169,-10,192
fold3_room6_mix007.csv,2044,1,1,169,-10,192
fold3_room6_mix007.csv,2045,1,1,169,-10,192
fold3_room6_mix007.csv,2046,1,1,169,-10,192
fold3_room6_mix007.csv,2047,1,1,168,-10,191
fold3_room6_mix007.csv,2048,1,1,168,-10,191
fold3_room6_mix007.csv,2049,1,1,169,-10,191
fold3_room6_mix007.csv,2050,1,1,168,-10,190
fold3_room6_mix007.csv,2051,1,1,168,-11,189
fold3_room6_mix007.csv,2052,1,1,168,-11,189
fold3_room6_mix007.csv,2053,1,1,168,-11,189
fold3_room6_mix007.csv,2054,1,1,168,-11,189
fold3_room6_mix007.csv,2055,1,1,168,-11,189
fold3_room6_mix007.csv,2056,1,1,168,-11,189
fold3_room6_mix007.csv,2057,1,1,169,-11,189
fold3_room6_mix007.csv,2058,1,1,169,-11,189
fold3_room6_mix007.csv,2059,1,1,169,-11,189
fold3_room6_mix007.csv,2060,1,1,169,-11,189
fold3_room6_mix007.csv,2061,1,1,169,-11,189
fold3_room6_mix007.csv,2062,1,1,168,-11,189
fold3_room6_mix007.csv,2063,1,1,168,-11,189
fold3_room6_mix007.csv,2064,1,1,168,-11,189
fold3_room6_mix007.csv,2085,1,1,169,-11,189
fold3_room6_mix007.csv,2086,1,1,169,-11,190
fold3_room6_mix007.csv,2087,1,1,169,-10,191
fold3_room6_mix007.csv,2088,1,1,169,-10,191
fold3_room6_mix007.csv,2089,1,1,168,-10,191
fold3_room6_mix007.csv,2090,1,1,168,-10,191
fold3_room6_mix007.csv,2091,1,1,168,-10,192
fold3_room6_mix007.csv,2092,1,1,168,-10,191
fold3_room6_mix007.csv,2093,1,1,168,-10,191
fold3_room6_mix007.csv,2094,1,1,168,-10,191
fold3_room7_mix001.csv,45,1,2,-114,-7,259
fold3_room7_mix001.csv,46,1,2,-114,-7,258
fold3_room7_mix001.csv,47,1,2,-114,-7,258
fold3_room7_mix001.csv,48,1,2,-114,-7,258
fold3_room7_mix001.csv,49,1,2,-114,-7,258
fold3_room7_mix001.csv,55,1,1,-51,-11,223
fold3_room7_mix001.csv,56,1,1,-51,-11,223
fold3_room7_mix001.csv,57,1,1,-51,-11,223
fold3_room7_mix001.csv,58,1,1,-51,-11,224
fold3_room7_mix001.csv,59,1,1,-51,-11,225
fold3_room7_mix001.csv,60,1,1,-51,-11,225
fold3_room7_mix001.csv,61,1,1,-51,-11,225
fold3_room7_mix001.csv,62,1,1,-51,-11,224
fold3_room7_mix001.csv,63,1,1,-51,-11,224
fold3_room7_mix001.csv,64,1,1,-51,-11,225
fold3_room7_mix001.csv,65,1,1,-51,-11,225
fold3_room7_mix001.csv,66,1,1,-51,-11,225
fold3_room7_mix001.csv,67,1,1,-51,-11,225
fold3_room7_mix001.csv,68,1,1,-51,-11,225
fold3_room7_mix001.csv,69,1,1,-51,-11,225
fold3_room7_mix001.csv,70,1,2,-114,-7,259
fold3_room7_mix001.csv,71,1,2,-114,-7,259
fold3_room7_mix001.csv,72,1,2,-114,-7,259
fold3_room7_mix001.csv,73,1,2,-114,-7,259
fold3_room7_mix001.csv,74,1,2,-114,-7,259
fold3_room7_mix001.csv,75,1,2,-114,-7,259
fold3_room7_mix001.csv,76,1,2,-114,-7,259
fold3_room7_mix001.csv,77,1,2,-114,-7,259
fold3_room7_mix001.csv,78,1,2,-114,-7,259
fold3_room7_mix001.csv,79,1,2,-114,-7,259
fold3_room7_mix001.csv,80,1,2,-114,-7,259
fold3_room7_mix001.csv,81,1,2,-114,-7,259
fold3_room7_mix001.csv,82,1,2,-114,-7,259
fold3_room7_mix001.csv,83,1,2,-114,-7,258
fold3_room7_mix001.csv,84,1,2,-113,-7,257
fold3_room7_mix001.csv,85,1,2,-113,-7,256
fold3_room7_mix001.csv,86,1,2,-113,-7,256
fold3_room7_mix001.csv,87,1,2,-113,-7,256
fold3_room7_mix001.csv,88,1,2,-113,-7,256
fold3_room7_mix001.csv,89,1,2,-113,-7,256
fold3_room7_mix001.csv,90,1,2,-114,-7,257
fold3_room7_mix001.csv,91,1,2,-114,-7,257
fold3_room7_mix001.csv,92,1,2,-114,-7,257
fold3_room7_mix001.csv,93,1,2,-113,-7,256
fold3_room7_mix001.csv,94,1,2,-113,-7,256
fold3_room7_mix001.csv,100,1,1,-51,-11,225
fold3_room7_mix001.csv,101,1,1,-51,-11,226
fold3_room7_mix001.csv,102,1,1,-51,-11,226
fold3_room7_mix001.csv,103,1,1,-51,-11,225
fold3_room7_mix001.csv,104,1,1,-51,-11,223
fold3_room7_mix001.csv,105,1,1,-51,-11,222
fold3_room7_mix001.csv,106,1,1,-51,-11,223
fold3_room7_mix001.csv,107,1,1,-51,-11,225
fold3_room7_mix001.csv,108,1,1,-51,-11,227
fold3_room7_mix001.csv,109,1,1,-51,-11,227
fold3_room7_mix001.csv,110,1,1,-51,-11,225
fold3_room7_mix001.csv,111,1,1,-51,-11,225
fold3_room7_mix001.csv,112,1,1,-51,-11,225
fold3_room7_mix001.csv,113,1,1,-51,-11,225
fold3_room7_mix001.csv,114,1,1,-51,-11,226
fold3_room7_mix001.csv,115,1,1,-51,-11,226
fold3_room7_mix001.csv,116,1,1,-51,-11,225
fold3_room7_mix001.csv,117,1,1,-51,-11,225
fold3_room7_mix001.csv,118,1,1,-51,-11,225
fold3_room7_mix001.csv,119,1,1,-51,-11,225
fold3_room7_mix001.csv,120,1,1,-51,-11,225
fold3_room7_mix001.csv,121,1,1,-51,-11,225
fold3_room7_mix001.csv,122,1,1,-51,-11,225
fold3_room7_mix001.csv,123,1,1,-51,-11,225
fold3_room7_mix001.csv,124,1,1,-51,-11,225
fold3_room7_mix001.csv,125,1,1,-51,-11,225
fold3_room7_mix001.csv,126,1,1,-51,-11,225
fold3_room7_mix001.csv,127,1,1,-51,-11,225
fold3_room7_mix001.csv,128,1,1,-51,-11,225
fold3_room7_mix001.csv,129,1,1,-51,-11,225
fold3_room7_mix001.csv,130,1,1,-51,-11,225
fold3_room7_mix001.csv,131,1,1,-51,-11,225
fold3_room7_mix001.csv,132,1,1,-51,-11,225
fold3_room7_mix001.csv,133,1,1,-51,-11,225
fold3_room7_mix001.csv,134,1,1,-51,-11,225
fold3_room7_mix001.csv,135,1,1,-51,-11,225
fold3_room7_mix001.csv,136,1,1,-51,-11,225
fold3_room7_mix001.csv,137,1,1,-51,-11,225
fold3_room7_mix001.csv,138,1,1,-51,-11,225
fold3_room7_mix001.csv,139,1,1,-51,-11,225
fold3_room7_mix001.csv,140,1,1,-51,-11,225
fold3_room7_mix001.csv,141,1,1,-51,-11,225
fold3_room7_mix001.csv,142,1,1,-51,-11,225
fold3_room7_mix001.csv,143,1,1,-51,-11,225
fold3_room7_mix001.csv,144,1,1,-51,-11,225
fold3_room7_mix001.csv,145,1,1,-51,-11,225
fold3_room7_mix001.csv,146,1,1,-51,-11,225
fold3_room7_mix001.csv,147,1,1,-51,-11,225
fold3_room7_mix001.csv,148,1,1,-51,-11,225
fold3_room7_mix001.csv,149,1,1,-51,-11,225
fold3_room7_mix001.csv,150,1,1,-51,-11,225
fold3_room7_mix001.csv,151,1,1,-51,-11,225
fold3_room7_mix001.csv,152,1,1,-51,-11,225
fold3_room7_mix001.csv,153,1,1,-51,-11,225
fold3_room7_mix001.csv,154,1,1,-51,-11,224
fold3_room7_mix001.csv,155,1,1,-51,-11,224
fold3_room7_mix001.csv,156,1,1,-51,-11,225
fold3_room7_mix001.csv,157,1,1,-51,-11,225
fold3_room7_mix001.csv,158,1,1,-51,-11,226
fold3_room7_mix001.csv,159,1,1,-51,-11,226
fold3_room7_mix001.csv,160,1,1,-51,-11,225
fold3_room7_mix001.csv,161,1,1,-51,-11,225
fold3_room7_mix001.csv,162,1,1,-51,-11,226
fold3_room7_mix001.csv,163,1,1,-51,-11,225
fold3_room7_mix001.csv,164,1,1,-51,-11,225
fold3_room7_mix001.csv,175,1,1,-51,-11,225
fold3_room7_mix001.csv,176,1,1,-51,-11,225
fold3_room7_mix001.csv,177,1,1,-51,-11,225
fold3_room7_mix001.csv,178,1,1,-51,-11,225
fold3_room7_mix001.csv,179,1,1,-51,-11,225
fold3_room7_mix001.csv,180,1,1,-51,-11,225
fold3_room7_mix001.csv,181,1,1,-51,-11,225
fold3_room7_mix001.csv,182,1,1,-51,-11,226
fold3_room7_mix001.csv,183,1,1,-51,-11,226
fold3_room7_mix001.csv,184,1,1,-51,-11,226
fold3_room7_mix001.csv,185,1,1,-51,-11,225
fold3_room7_mix001.csv,186,1,1,-51,-11,224
fold3_room7_mix001.csv,187,1,1,-51,-11,224
fold3_room7_mix001.csv,188,1,1,-51,-11,224
fold3_room7_mix001.csv,189,1,1,-51,-11,225
fold3_room7_mix001.csv,190,1,1,-51,-11,226
fold3_room7_mix001.csv,191,1,1,-51,-11,226
fold3_room7_mix001.csv,192,1,1,-51,-11,226
fold3_room7_mix001.csv,193,1,1,-51,-11,226
fold3_room7_mix001.csv,194,1,1,-51,-11,226
fold3_room7_mix001.csv,195,1,1,-51,-11,226
fold3_room7_mix001.csv,196,1,1,-51,-11,226
fold3_room7_mix001.csv,197,1,1,-51,-11,226
fold3_room7_mix001.csv,198,1,1,-51,-11,226
fold3_room7_mix001.csv,199,1,1,-51,-11,226
fold3_room7_mix001.csv,200,1,1,-51,-11,225
fold3_room7_mix001.csv,201,1,1,-51,-11,226
fold3_room7_mix001.csv,202,1,1,-51,-11,226
fold3_room7_mix001.csv,203,1,1,-51,-11,226
fold3_room7_mix001.csv,204,1,1,-51,-11,226
fold3_room7_mix001.csv,205,1,1,-51,-11,226
fold3_room7_mix001.csv,206,1,1,-51,-11,226
fold3_room7_mix001.csv,207,1,1,-51,-11,226
fold3_room7_mix001.csv,208,1,1,-51,-11,226
fold3_room7_mix001.csv,209,1,1,-51,-11,226
fold3_room7_mix001.csv,210,1,1,-51,-11,226
fold3_room7_mix001.csv,211,1,1,-51,-11,226
fold3_room7_mix001.csv,212,1,1,-51,-11,226
fold3_room7_mix001.csv,213,1,1,-51,-11,226
fold3_room7_mix001.csv,214,1,1,-51,-11,226
fold3_room7_mix001.csv,215,1,1,-51,-11,226
fold3_room7_mix001.csv,216,1,1,-51,-11,226
fold3_room7_mix001.csv,217,1,1,-51,-11,226
fold3_room7_mix001.csv,218,1,1,-51,-11,226
fold3_room7_mix001.csv,219,1,1,-51,-11,225
fold3_room7_mix001.csv,220,1,1,-51,-11,225
fold3_room7_mix001.csv,221,1,1,-51,-11,225
fold3_room7_mix001.csv,222,1,1,-51,-11,225
fold3_room7_mix001.csv,223,1,1,-51,-11,226
fold3_room7_mix001.csv,224,1,1,-51,-11,226
fold3_room7_mix001.csv,225,1,1,-51,-11,226
fold3_room7_mix001.csv,226,1,1,-51,-11,226
fold3_room7_mix001.csv,227,1,1,-51,-11,226
fold3_room7_mix001.csv,228,1,1,-51,-11,226
fold3_room7_mix001.csv,229,1,1,-51,-11,226
fold3_room7_mix001.csv,230,1,1,-51,-11,226
fold3_room7_mix001.csv,231,1,1,-51,-11,226
fold3_room7_mix001.csv,232,1,1,-51,-11,226
fold3_room7_mix001.csv,233,1,1,-51,-11,226
fold3_room7_mix001.csv,234,1,1,-51,-11,225
fold3_room7_mix001.csv,235,1,1,-51,-11,226
fold3_room7_mix001.csv,236,1,1,-51,-11,226
fold3_room7_mix001.csv,237,1,1,-51,-11,226
fold3_room7_mix001.csv,238,1,1,-51,-11,226
fold3_room7_mix001.csv,239,1,1,-51,-11,225
fold3_room7_mix001.csv,240,1,1,-51,-11,224
fold3_room7_mix001.csv,241,1,1,-51,-11,224
fold3_room7_mix001.csv,242,1,1,-51,-11,224
fold3_room7_mix001.csv,243,1,1,-51,-11,224
fold3_room7_mix001.csv,244,1,1,-51,-11,224
fold3_room7_mix001.csv,245,1,1,-51,-11,224
fold3_room7_mix001.csv,246,1,1,-51,-11,224
fold3_room7_mix001.csv,247,1,1,-51,-11,224
fold3_room7_mix001.csv,248,1,1,-51,-11,224
fold3_room7_mix001.csv,249,1,1,-51,-11,224
fold3_room7_mix001.csv,255,1,1,-51,-11,224
fold3_room7_mix001.csv,256,1,1,-51,-11,224
fold3_room7_mix001.csv,257,1,1,-51,-11,225
fold3_room7_mix001.csv,258,1,1,-51,-11,226
fold3_room7_mix001.csv,259,1,1,-51,-11,227
fold3_room7_mix001.csv,260,1,1,-51,-11,226
fold3_room7_mix001.csv,261,1,1,-51,-11,225
fold3_room7_mix001.csv,262,1,1,-51,-11,225
fold3_room7_mix001.csv,263,1,1,-51,-11,225
fold3_room7_mix001.csv,264,1,1,-51,-11,225
fold3_room7_mix001.csv,265,1,1,-51,-11,226
fold3_room7_mix001.csv,266,1,1,-51,-11,226
fold3_room7_mix001.csv,267,1,1,-51,-11,226
fold3_room7_mix001.csv,268,1,1,-51,-11,225
fold3_room7_mix001.csv,269,1,1,-51,-11,225
fold3_room7_mix001.csv,270,1,1,-51,-11,225
fold3_room7_mix001.csv,271,1,1,-51,-11,225
fold3_room7_mix001.csv,272,1,1,-51,-11,225
fold3_room7_mix001.csv,273,1,1,-51,-11,225
fold3_room7_mix001.csv,274,1,1,-51,-11,225
fold3_room7_mix001.csv,275,1,1,-51,-11,225
fold3_room7_mix001.csv,276,1,1,-51,-11,225
fold3_room7_mix001.csv,277,1,1,-51,-11,225
fold3_room7_mix001.csv,278,1,1,-51,-11,225
fold3_room7_mix001.csv,279,1,1,-51,-11,225
fold3_room7_mix001.csv,280,1,1,-51,-11,225
fold3_room7_mix001.csv,281,1,1,-51,-11,225
fold3_room7_mix001.csv,282,1,1,-51,-11,226
fold3_room7_mix001.csv,283,1,1,-51,-11,226
fold3_room7_mix001.csv,284,1,1,-51,-11,225
fold3_room7_mix001.csv,285,1,1,-51,-11,225
fold3_room7_mix001.csv,286,1,1,-51,-11,225
fold3_room7_mix001.csv,287,1,1,-51,-11,226
fold3_room7_mix001.csv,288,1,1,-51,-11,226
fold3_room7_mix001.csv,289,1,1,-51,-11,226
fold3_room7_mix001.csv,290,1,1,-51,-11,226
fold3_room7_mix001.csv,291,1,1,-51,-11,225
fold3_room7_mix001.csv,292,1,1,-51,-11,225
fold3_room7_mix001.csv,293,1,1,-51,-11,225
fold3_room7_mix001.csv,294,1,1,-51,-11,225
fold3_room7_mix001.csv,295,1,1,-51,-11,225
fold3_room7_mix001.csv,296,1,1,-51,-11,226
fold3_room7_mix001.csv,297,1,1,-51,-11,226
fold3_room7_mix001.csv,298,1,1,-51,-11,226
fold3_room7_mix001.csv,299,1,1,-51,-11,227
fold3_room7_mix001.csv,300,1,1,-51,-11,227
fold3_room7_mix001.csv,301,1,1,-51,-11,227
fold3_room7_mix001.csv,302,1,1,-51,-11,227
fold3_room7_mix001.csv,303,1,1,-51,-11,227
fold3_room7_mix001.csv,304,1,1,-51,-11,227
fold3_room7_mix001.csv,305,1,1,-51,-11,227
fold3_room7_mix001.csv,306,1,1,-51,-11,227
fold3_room7_mix001.csv,307,1,1,-51,-11,226
fold3_room7_mix001.csv,308,1,1,-51,-11,226
fold3_room7_mix001.csv,309,1,1,-51,-11,226
fold3_room7_mix001.csv,310,1,1,-51,-11,226
fold3_room7_mix001.csv,311,1,1,-51,-11,226
fold3_room7_mix001.csv,312,1,1,-51,-11,226
fold3_room7_mix001.csv,313,1,1,-51,-11,226
fold3_room7_mix001.csv,314,1,1,-51,-11,226
fold3_room7_mix001.csv,315,1,1,-51,-11,225
fold3_room7_mix001.csv,316,1,1,-51,-11,224
fold3_room7_mix001.csv,317,1,1,-51,-11,225
fold3_room7_mix001.csv,318,1,1,-51,-11,225
fold3_room7_mix001.csv,319,1,1,-51,-11,226
fold3_room7_mix001.csv,320,1,1,-51,-11,226
fold3_room7_mix001.csv,321,1,1,-51,-11,226
fold3_room7_mix001.csv,322,1,1,-51,-11,226
fold3_room7_mix001.csv,323,1,1,-51,-11,226
fold3_room7_mix001.csv,324,1,1,-51,-11,226
fold3_room7_mix001.csv,325,1,1,-51,-11,226
fold3_room7_mix001.csv,326,1,1,-51,-11,226
fold3_room7_mix001.csv,327,1,1,-51,-11,226
fold3_room7_mix001.csv,328,1,1,-51,-11,226
fold3_room7_mix001.csv,329,1,1,-51,-11,226
fold3_room7_mix001.csv,330,1,1,-51,-11,226
fold3_room7_mix001.csv,331,1,1,-51,-11,226
fold3_room7_mix001.csv,332,1,1,-51,-11,226
fold3_room7_mix001.csv,333,1,1,-51,-11,226
fold3_room7_mix001.csv,334,1,1,-51,-11,225
fold3_room7_mix001.csv,335,1,1,-51,-11,225
fold3_room7_mix001.csv,336,1,1,-51,-11,225
fold3_room7_mix001.csv,337,1,1,-51,-11,225
fold3_room7_mix001.csv,338,1,1,-51,-11,225
fold3_room7_mix001.csv,339,1,1,-51,-11,225
fold3_room7_mix001.csv,340,1,1,-51,-11,225
fold3_room7_mix001.csv,341,1,1,-51,-11,225
fold3_room7_mix001.csv,342,1,1,-51,-11,225
fold3_room7_mix001.csv,343,1,1,-51,-11,225
fold3_room7_mix001.csv,344,1,1,-51,-11,226
fold3_room7_mix001.csv,345,1,1,-51,-11,226
fold3_room7_mix001.csv,346,1,1,-51,-11,225
fold3_room7_mix001.csv,347,1,1,-51,-11,225
fold3_room7_mix001.csv,348,1,1,-51,-11,225
fold3_room7_mix001.csv,349,1,1,-51,-11,225
fold3_room7_mix001.csv,350,1,1,-51,-11,225
fold3_room7_mix001.csv,351,1,1,-51,-11,226
fold3_room7_mix001.csv,352,1,1,-51,-11,225
fold3_room7_mix001.csv,353,1,1,-51,-11,226
fold3_room7_mix001.csv,354,1,1,-51,-11,225
fold3_room7_mix001.csv,355,1,1,-51,-11,225
fold3_room7_mix001.csv,356,1,1,-51,-11,225
fold3_room7_mix001.csv,357,1,1,-51,-11,225
fold3_room7_mix001.csv,358,1,1,-51,-11,225
fold3_room7_mix001.csv,359,1,1,-51,-11,225
fold3_room7_mix001.csv,360,1,1,-51,-11,225
fold3_room7_mix001.csv,361,1,1,-51,-11,225
fold3_room7_mix001.csv,362,1,1,-51,-11,225
fold3_room7_mix001.csv,363,1,1,-51,-11,225
fold3_room7_mix001.csv,364,1,1,-51,-11,225
fold3_room7_mix001.csv,365,1,1,-51,-11,225
fold3_room7_mix001.csv,366,1,1,-51,-11,225
fold3_room7_mix001.csv,367,1,1,-51,-11,224
fold3_room7_mix001.csv,368,1,1,-51,-11,224
fold3_room7_mix001.csv,369,1,1,-51,-11,223
fold3_room7_mix001.csv,370,1,1,-51,-11,224
fold3_room7_mix001.csv,371,1,1,-51,-11,224
fold3_room7_mix001.csv,372,1,1,-51,-11,224
fold3_room7_mix001.csv,373,1,1,-51,-11,225
fold3_room7_mix001.csv,374,1,1,-51,-11,224
fold3_room7_mix001.csv,375,1,1,-51,-11,224
fold3_room7_mix001.csv,376,1,1,-51,-11,224
fold3_room7_mix001.csv,377,1,1,-51,-11,224
fold3_room7_mix001.csv,378,1,1,-51,-11,223
fold3_room7_mix001.csv,379,1,1,-51,-11,223
fold3_room7_mix001.csv,380,1,2,-115,-7,257
fold3_room7_mix001.csv,381,1,2,-115,-7,257
fold3_room7_mix001.csv,382,1,2,-115,-7,258
fold3_room7_mix001.csv,383,1,2,-115,-7,258
fold3_room7_mix001.csv,384,1,2,-115,-7,259
fold3_room7_mix001.csv,385,1,2,-115,-7,259
fold3_room7_mix001.csv,386,1,2,-115,-7,259
fold3_room7_mix001.csv,387,1,2,-115,-7,259
fold3_room7_mix001.csv,388,1,2,-115,-7,258
fold3_room7_mix001.csv,389,1,2,-114,-7,258
fold3_room7_mix001.csv,390,1,2,-114,-7,258
fold3_room7_mix001.csv,391,1,2,-114,-7,257
fold3_room7_mix001.csv,392,1,2,-114,-8,257
fold3_room7_mix001.csv,393,1,2,-114,-8,256
fold3_room7_mix001.csv,394,1,2,-113,-8,256
fold3_room7_mix001.csv,395,1,2,-114,-8,256
fold3_room7_mix001.csv,396,1,2,-114,-8,256
fold3_room7_mix001.csv,397,1,2,-114,-8,255
fold3_room7_mix001.csv,398,1,2,-114,-8,255
fold3_room7_mix001.csv,399,1,2,-113,-8,254
fold3_room7_mix001.csv,400,1,2,-113,-8,254
fold3_room7_mix001.csv,401,1,2,-113,-8,254
fold3_room7_mix001.csv,402,1,2,-113,-8,254
fold3_room7_mix001.csv,403,1,2,-113,-8,253
fold3_room7_mix001.csv,404,1,2,-113,-8,253
fold3_room7_mix001.csv,405,1,2,-113,-8,253
fold3_room7_mix001.csv,406,1,2,-114,-8,254
fold3_room7_mix001.csv,407,1,2,-114,-8,254
fold3_room7_mix001.csv,408,1,2,-114,-8,254
fold3_room7_mix001.csv,409,1,2,-114,-8,254
fold3_room7_mix001.csv,410,1,2,-114,-8,254
fold3_room7_mix001.csv,411,1,2,-114,-8,254
fold3_room7_mix001.csv,412,1,2,-114,-8,254
fold3_room7_mix001.csv,413,1,2,-114,-8,254
fold3_room7_mix001.csv,414,1,2,-114,-8,254
fold3_room7_mix001.csv,420,1,1,-50,-11,223
fold3_room7_mix001.csv,421,1,1,-50,-11,223
fold3_room7_mix001.csv,422,1,1,-50,-11,223
fold3_room7_mix001.csv,423,1,1,-51,-11,223
fold3_room7_mix001.csv,424,1,1,-51,-11,223
fold3_room7_mix001.csv,425,1,1,-51,-11,224
fold3_room7_mix001.csv,426,1,1,-51,-11,224
fold3_room7_mix001.csv,427,1,1,-51,-11,224
fold3_room7_mix001.csv,428,1,1,-51,-11,224
fold3_room7_mix001.csv,429,1,1,-51,-11,224
fold3_room7_mix001.csv,430,1,1,-51,-11,224
fold3_room7_mix001.csv,431,1,1,-51,-11,224
fold3_room7_mix001.csv,432,1,1,-51,-11,224
fold3_room7_mix001.csv,433,1,1,-51,-11,224
fold3_room7_mix001.csv,434,1,1,-51,-11,224
fold3_room7_mix001.csv,435,1,1,-51,-11,224
fold3_room7_mix001.csv,436,1,1,-50,-11,224
fold3_room7_mix001.csv,437,1,1,-50,-11,223
fold3_room7_mix001.csv,438,1,1,-50,-11,224
fold3_room7_mix001.csv,439,1,1,-50,-11,224
fold3_room7_mix001.csv,440,1,1,-50,-11,224
fold3_room7_mix001.csv,441,1,1,-50,-11,224
fold3_room7_mix001.csv,442,1,1,-50,-11,224
fold3_room7_mix001.csv,443,1,1,-50,-11,224
fold3_room7_mix001.csv,444,1,1,-50,-11,224
fold3_room7_mix001.csv,445,1,1,-50,-11,224
fold3_room7_mix001.csv,446,1,1,-51,-11,224
fold3_room7_mix001.csv,447,1,1,-51,-11,223
fold3_room7_mix001.csv,448,1,1,-51,-11,223
fold3_room7_mix001.csv,449,1,1,-51,-11,223
fold3_room7_mix001.csv,450,1,2,-114,-8,254
fold3_room7_mix001.csv,451,1,2,-114,-7,255
fold3_room7_mix001.csv,452,1,2,-115,-7,258
fold3_room7_mix001.csv,453,1,2,-115,-7,259
fold3_room7_mix001.csv,454,1,2,-115,-7,260
fold3_room7_mix001.csv,460,1,1,-50,-11,223
fold3_room7_mix001.csv,461,1,1,-50,-11,223
fold3_room7_mix001.csv,462,1,1,-50,-11,223
fold3_room7_mix001.csv,463,1,1,-50,-11,223
fold3_room7_mix001.csv,464,1,1,-50,-11,223
fold3_room7_mix001.csv,475,1,1,-50,-11,224
fold3_room7_mix001.csv,476,1,1,-51,-11,225
fold3_room7_mix001.csv,477,1,1,-51,-11,225
fold3_room7_mix001.csv,478,1,1,-51,-11,224
fold3_room7_mix001.csv,479,1,1,-51,-11,224
fold3_room7_mix001.csv,480,1,1,-51,-11,224
fold3_room7_mix001.csv,481,1,1,-51,-11,224
fold3_room7_mix001.csv,482,1,1,-51,-11,224
fold3_room7_mix001.csv,483,1,1,-51,-11,224
fold3_room7_mix001.csv,484,1,1,-51,-11,224
fold3_room7_mix001.csv,485,1,1,-51,-11,224
fold3_room7_mix001.csv,486,1,1,-51,-11,224
fold3_room7_mix001.csv,487,1,1,-51,-11,224
fold3_room7_mix001.csv,488,1,1,-51,-11,224
fold3_room7_mix001.csv,489,1,1,-51,-11,224
fold3_room7_mix001.csv,490,1,1,-51,-11,224
fold3_room7_mix001.csv,491,1,1,-51,-11,224
fold3_room7_mix001.csv,492,1,1,-51,-11,224
fold3_room7_mix001.csv,493,1,1,-51,-11,224
fold3_room7_mix001.csv,494,1,1,-51,-11,224
fold3_room7_mix001.csv,495,1,1,-51,-11,224
fold3_room7_mix001.csv,496,1,1,-51,-11,224
fold3_room7_mix001.csv,497,1,1,-51,-11,224
fold3_room7_mix001.csv,498,1,1,-51,-11,224
fold3_room7_mix001.csv,499,1,1,-51,-11,224
fold3_room7_mix001.csv,500,1,1,-51,-11,224
fold3_room7_mix001.csv,501,1,1,-51,-11,224
fold3_room7_mix001.csv,502,1,1,-51,-11,224
fold3_room7_mix001.csv,503,1,1,-51,-11,224
fold3_room7_mix001.csv,504,1,1,-51,-11,224
fold3_room7_mix001.csv,505,1,1,-51,-11,224
fold3_room7_mix001.csv,506,1,1,-51,-11,224
fold3_room7_mix001.csv,507,1,1,-51,-11,224
fold3_room7_mix001.csv,508,1,1,-51,-11,224
fold3_room7_mix001.csv,509,1,1,-51,-11,224
fold3_room7_mix001.csv,510,1,1,-51,-11,224
fold3_room7_mix001.csv,511,1,1,-51,-11,224
fold3_room7_mix001.csv,512,1,1,-51,-11,224
fold3_room7_mix001.csv,513,1,1,-51,-11,224
fold3_room7_mix001.csv,514,1,1,-51,-11,224
fold3_room7_mix001.csv,515,1,1,-51,-11,224
fold3_room7_mix001.csv,516,1,1,-50,-11,224
fold3_room7_mix001.csv,517,1,1,-50,-11,224
fold3_room7_mix001.csv,518,1,1,-50,-11,224
fold3_room7_mix001.csv,519,1,1,-50,-11,224
fold3_room7_mix001.csv,520,1,1,-51,-11,223
fold3_room7_mix001.csv,521,1,1,-50,-11,223
fold3_room7_mix001.csv,522,1,1,-50,-11,223
fold3_room7_mix001.csv,523,1,1,-51,-11,223
fold3_room7_mix001.csv,524,1,1,-51,-11,223
fold3_room7_mix001.csv,525,1,1,-51,-11,223
fold3_room7_mix001.csv,526,1,1,-51,-11,223
fold3_room7_mix001.csv,527,1,1,-50,-11,223
fold3_room7_mix001.csv,528,1,1,-50,-11,223
fold3_room7_mix001.csv,529,1,1,-50,-11,223
fold3_room7_mix001.csv,530,1,1,-50,-11,223
fold3_room7_mix001.csv,531,1,1,-50,-11,223
fold3_room7_mix001.csv,532,1,1,-50,-11,223
fold3_room7_mix001.csv,533,1,1,-50,-11,223
fold3_room7_mix001.csv,534,1,1,-50,-11,223
fold3_room7_mix001.csv,535,1,1,-50,-11,223
fold3_room7_mix001.csv,536,1,1,-50,-11,223
fold3_room7_mix001.csv,537,1,1,-50,-11,223
fold3_room7_mix001.csv,538,1,1,-50,-11,223
fold3_room7_mix001.csv,539,1,1,-50,-11,223
fold3_room7_mix001.csv,540,1,1,-50,-11,223
fold3_room7_mix001.csv,541,1,1,-50,-11,223
fold3_room7_mix001.csv,542,1,1,-50,-11,223
fold3_room7_mix001.csv,543,1,1,-50,-11,224
fold3_room7_mix001.csv,544,1,1,-50,-11,224
fold3_room7_mix001.csv,545,1,1,-50,-11,224
fold3_room7_mix001.csv,546,1,1,-50,-11,224
fold3_room7_mix001.csv,547,1,1,-50,-11,224
fold3_room7_mix001.csv,548,1,1,-50,-11,224
fold3_room7_mix001.csv,549,1,1,-50,-11,224
fold3_room7_mix001.csv,550,1,1,-50,-11,224
fold3_room7_mix001.csv,551,1,1,-50,-11,224
fold3_room7_mix001.csv,552,1,1,-50,-11,224
fold3_room7_mix001.csv,553,1,1,-50,-11,224
fold3_room7_mix001.csv,554,1,1,-50,-11,224
fold3_room7_mix001.csv,555,1,1,-50,-11,224
fold3_room7_mix001.csv,556,1,1,-50,-11,224
fold3_room7_mix001.csv,557,1,1,-50,-11,224
fold3_room7_mix001.csv,558,1,1,-50,-11,224
fold3_room7_mix001.csv,559,1,1,-50,-11,224
fold3_room7_mix001.csv,560,1,2,-115,-7,259
fold3_room7_mix001.csv,561,1,2,-115,-7,259
fold3_room7_mix001.csv,562,1,2,-115,-7,260
fold3_room7_mix001.csv,563,1,2,-115,-7,260
fold3_room7_mix001.csv,564,1,2,-115,-7,260
fold3_room7_mix001.csv,570,1,1,-50,-11,223
fold3_room7_mix001.csv,571,1,1,-50,-11,223
fold3_room7_mix001.csv,572,1,1,-50,-11,223
fold3_room7_mix001.csv,573,1,1,-50,-11,223
fold3_room7_mix001.csv,574,1,1,-50,-11,223
fold3_room7_mix001.csv,575,1,2,-116,-7,258
fold3_room7_mix001.csv,576,1,2,-116,-7,258
fold3_room7_mix001.csv,577,1,2,-116,-7,258
fold3_room7_mix001.csv,578,1,2,-116,-7,258
fold3_room7_mix001.csv,579,1,2,-116,-7,258
fold3_room7_mix001.csv,580,1,2,-116,-7,258
fold3_room7_mix001.csv,581,1,2,-116,-7,257
fold3_room7_mix001.csv,582,1,2,-115,-7,255
fold3_room7_mix001.csv,583,1,2,-115,-7,254
fold3_room7_mix001.csv,584,1,2,-115,-8,253
fold3_room7_mix001.csv,585,1,2,-114,-8,253
fold3_room7_mix001.csv,586,1,2,-114,-8,253
fold3_room7_mix001.csv,587,1,2,-114,-8,252
fold3_room7_mix001.csv,588,1,2,-115,-8,251
fold3_room7_mix001.csv,589,1,2,-115,-8,250
fold3_room7_mix001.csv,590,1,2,-115,-8,248
fold3_room7_mix001.csv,591,1,2,-114,-8,247
fold3_room7_mix001.csv,592,1,2,-114,-8,247
fold3_room7_mix001.csv,593,1,2,-114,-8,246
fold3_room7_mix001.csv,594,1,2,-114,-8,246
fold3_room7_mix001.csv,600,1,1,-51,-11,224
fold3_room7_mix001.csv,601,1,1,-51,-11,223
fold3_room7_mix001.csv,602,1,1,-51,-11,223
fold3_room7_mix001.csv,603,1,1,-51,-11,223
fold3_room7_mix001.csv,604,1,1,-51,-11,223
fold3_room7_mix001.csv,605,1,1,-51,-11,223
fold3_room7_mix001.csv,606,1,1,-51,-11,223
fold3_room7_mix001.csv,607,1,1,-51,-11,223
fold3_room7_mix001.csv,608,1,1,-51,-11,223
fold3_room7_mix001.csv,609,1,1,-51,-11,223
fold3_room7_mix001.csv,610,1,2,-114,-7,258
fold3_room7_mix001.csv,611,1,2,-114,-7,258
fold3_room7_mix001.csv,612,1,2,-114,-7,257
fold3_room7_mix001.csv,613,1,2,-114,-7,256
fold3_room7_mix001.csv,614,1,2,-114,-7,255
fold3_room7_mix001.csv,615,1,1,-51,-11,223
fold3_room7_mix001.csv,616,1,1,-51,-11,223
fold3_room7_mix001.csv,617,1,1,-51,-11,223
fold3_room7_mix001.csv,618,1,1,-51,-11,223
fold3_room7_mix001.csv,619,1,1,-51,-11,224
fold3_room7_mix001.csv,625,1,1,-51,-11,224
fold3_room7_mix001.csv,626,1,1,-51,-11,224
fold3_room7_mix001.csv,627,1,1,-51,-11,224
fold3_room7_mix001.csv,628,1,1,-51,-11,224
fold3_room7_mix001.csv,629,1,1,-51,-11,224
fold3_room7_mix001.csv,630,1,1,-51,-11,224
fold3_room7_mix001.csv,631,1,1,-51,-11,224
fold3_room7_mix001.csv,632,1,1,-51,-11,224
fold3_room7_mix001.csv,633,1,1,-51,-11,223
fold3_room7_mix001.csv,634,1,1,-51,-11,223
fold3_room7_mix001.csv,635,1,2,-114,-8,256
fold3_room7_mix001.csv,636,1,2,-113,-8,256
fold3_room7_mix001.csv,637,1,2,-113,-8,256
fold3_room7_mix001.csv,638,1,2,-113,-8,255
fold3_room7_mix001.csv,639,1,2,-113,-8,255
fold3_room7_mix001.csv,640,1,2,-114,-8,255
fold3_room7_mix001.csv,641,1,2,-114,-7,256
fold3_room7_mix001.csv,642,1,2,-114,-7,256
fold3_room7_mix001.csv,643,1,2,-114,-7,257
fold3_room7_mix001.csv,644,1,2,-114,-7,257
fold3_room7_mix001.csv,645,1,2,-114,-7,257
fold3_room7_mix001.csv,646,1,2,-114,-7,257
fold3_room7_mix001.csv,647,1,2,-114,-7,257
fold3_room7_mix001.csv,648,1,2,-114,-7,256
fold3_room7_mix001.csv,649,1,2,-114,-7,256
fold3_room7_mix001.csv,655,1,1,-51,-11,223
fold3_room7_mix001.csv,656,1,1,-51,-11,224
fold3_room7_mix001.csv,657,1,1,-51,-11,224
fold3_room7_mix001.csv,658,1,1,-51,-11,224
fold3_room7_mix001.csv,659,1,1,-51,-11,225
fold3_room7_mix001.csv,660,1,1,-51,-11,225
fold3_room7_mix001.csv,661,1,1,-51,-11,225
fold3_room7_mix001.csv,662,1,1,-51,-11,225
fold3_room7_mix001.csv,663,1,1,-51,-11,226
fold3_room7_mix001.csv,664,1,1,-51,-11,226
fold3_room7_mix001.csv,665,1,1,-51,-11,226
fold3_room7_mix001.csv,666,1,1,-51,-11,226
fold3_room7_mix001.csv,667,1,1,-51,-11,226
fold3_room7_mix001.csv,668,1,1,-51,-11,226
fold3_room7_mix001.csv,669,1,1,-51,-11,226
fold3_room7_mix001.csv,670,1,1,-51,-11,226
fold3_room7_mix001.csv,671,1,1,-51,-11,226
fold3_room7_mix001.csv,672,1,1,-51,-11,226
fold3_room7_mix001.csv,673,1,1,-51,-11,226
fold3_room7_mix001.csv,674,1,1,-51,-11,226
fold3_room7_mix001.csv,675,1,1,-51,-11,226
fold3_room7_mix001.csv,676,1,1,-51,-11,226
fold3_room7_mix001.csv,677,1,1,-51,-11,226
fold3_room7_mix001.csv,678,1,1,-51,-11,226
fold3_room7_mix001.csv,679,1,1,-51,-11,225
fold3_room7_mix001.csv,680,1,1,-51,-11,224
fold3_room7_mix001.csv,681,1,1,-51,-11,224
fold3_room7_mix001.csv,682,1,1,-51,-11,224
fold3_room7_mix001.csv,683,1,1,-51,-11,224
fold3_room7_mix001.csv,684,1,1,-51,-11,224
fold3_room7_mix001.csv,685,1,1,-51,-11,224
fold3_room7_mix001.csv,686,1,1,-51,-11,224
fold3_room7_mix001.csv,687,1,1,-50,-11,224
fold3_room7_mix001.csv,688,1,1,-51,-11,224
fold3_room7_mix001.csv,689,1,1,-51,-11,224
fold3_room7_mix001.csv,690,1,1,-51,-11,224
fold3_room7_mix001.csv,691,1,1,-50,-11,223
fold3_room7_mix001.csv,692,1,1,-50,-11,223
fold3_room7_mix001.csv,693,1,1,-50,-11,223
fold3_room7_mix001.csv,694,1,1,-50,-11,223
fold3_room7_mix001.csv,695,1,1,-50,-11,223
fold3_room7_mix001.csv,696,1,1,-50,-11,223
fold3_room7_mix001.csv,697,1,1,-51,-11,223
fold3_room7_mix001.csv,698,1,1,-50,-11,223
fold3_room7_mix001.csv,699,1,1,-50,-11,223
fold3_room7_mix001.csv,700,1,1,-50,-11,223
fold3_room7_mix001.csv,701,1,1,-50,-11,223
fold3_room7_mix001.csv,702,1,1,-51,-11,223
fold3_room7_mix001.csv,703,1,1,-51,-11,223
fold3_room7_mix001.csv,704,1,1,-50,-11,223
fold3_room7_mix001.csv,705,1,1,-50,-11,223
fold3_room7_mix001.csv,706,1,1,-50,-11,223
fold3_room7_mix001.csv,707,1,1,-50,-11,223
fold3_room7_mix001.csv,708,1,1,-50,-11,223
fold3_room7_mix001.csv,709,1,1,-50,-11,223
fold3_room7_mix001.csv,710,1,1,-50,-11,224
fold3_room7_mix001.csv,711,1,1,-50,-11,224
fold3_room7_mix001.csv,712,1,1,-50,-11,224
fold3_room7_mix001.csv,713,1,1,-50,-11,224
fold3_room7_mix001.csv,714,1,1,-50,-11,223
fold3_room7_mix001.csv,715,1,1,-50,-11,223
fold3_room7_mix001.csv,716,1,1,-50,-11,224
fold3_room7_mix001.csv,717,1,1,-50,-11,224
fold3_room7_mix001.csv,718,1,1,-50,-11,224
fold3_room7_mix001.csv,719,1,1,-50,-11,224
fold3_room7_mix001.csv,730,1,2,-114,-7,257
fold3_room7_mix001.csv,731,1,2,-114,-7,257
fold3_room7_mix001.csv,732,1,2,-114,-7,257
fold3_room7_mix001.csv,733,1,2,-114,-7,257
fold3_room7_mix001.csv,734,1,2,-114,-7,257
fold3_room7_mix001.csv,735,1,2,-114,-7,257
fold3_room7_mix001.csv,736,1,2,-114,-7,257
fold3_room7_mix001.csv,737,1,2,-114,-7,257
fold3_room7_mix001.csv,738,1,2,-114,-7,256
fold3_room7_mix001.csv,739,1,2,-114,-7,256
fold3_room7_mix001.csv,740,1,2,-114,-7,256
fold3_room7_mix001.csv,741,1,2,-114,-7,256
fold3_room7_mix001.csv,742,1,2,-114,-7,256
fold3_room7_mix001.csv,743,1,2,-114,-7,256
fold3_room7_mix001.csv,744,1,2,-114,-7,256
fold3_room7_mix001.csv,755,1,2,-114,-7,257
fold3_room7_mix001.csv,756,1,2,-114,-7,257
fold3_room7_mix001.csv,757,1,2,-114,-7,256
fold3_room7_mix001.csv,758,1,2,-114,-7,257
fold3_room7_mix001.csv,759,1,2,-114,-7,256
fold3_room7_mix001.csv,760,1,1,-50,-11,223
fold3_room7_mix001.csv,761,1,1,-50,-11,222
fold3_room7_mix001.csv,762,1,1,-50,-11,222
fold3_room7_mix001.csv,763,1,1,-50,-11,222
fold3_room7_mix001.csv,764,1,1,-50,-11,223
fold3_room7_mix001.csv,790,1,1,-50,-11,223
fold3_room7_mix001.csv,791,1,1,-50,-11,223
fold3_room7_mix001.csv,792,1,1,-50,-11,223
fold3_room7_mix001.csv,793,1,1,-50,-11,223
fold3_room7_mix001.csv,794,1,1,-50,-11,223
fold3_room7_mix001.csv,795,1,1,-50,-11,223
fold3_room7_mix001.csv,796,1,1,-50,-11,223
fold3_room7_mix001.csv,797,1,1,-50,-11,223
fold3_room7_mix001.csv,798,1,1,-50,-11,223
fold3_room7_mix001.csv,799,1,1,-50,-11,223
fold3_room7_mix001.csv,800,1,1,-50,-11,223
fold3_room7_mix001.csv,801,1,1,-50,-11,223
fold3_room7_mix001.csv,802,1,1,-50,-11,222
fold3_room7_mix001.csv,803,1,1,-50,-11,222
fold3_room7_mix001.csv,804,1,1,-50,-11,222
fold3_room7_mix001.csv,810,1,2,-115,-7,255
fold3_room7_mix001.csv,811,1,2,-115,-7,256
fold3_room7_mix001.csv,812,1,2,-115,-7,256
fold3_room7_mix001.csv,813,1,2,-115,-7,256
fold3_room7_mix001.csv,814,1,2,-115,-7,257
fold3_room7_mix001.csv,835,1,2,-115,-7,255
fold3_room7_mix001.csv,836,1,2,-115,-7,254
fold3_room7_mix001.csv,837,1,2,-116,-7,254
fold3_room7_mix001.csv,838,1,2,-116,-7,253
fold3_room7_mix001.csv,839,1,2,-116,-7,253
fold3_room7_mix001.csv,840,1,2,-116,-7,253
fold3_room7_mix001.csv,841,1,2,-116,-7,254
fold3_room7_mix001.csv,842,1,2,-115,-7,254
fold3_room7_mix001.csv,843,1,2,-115,-7,254
fold3_room7_mix001.csv,844,1,2,-115,-7,255
fold3_room7_mix001.csv,845,1,2,-115,-7,255
fold3_room7_mix001.csv,846,1,2,-115,-7,255
fold3_room7_mix001.csv,847,1,2,-115,-7,255
fold3_room7_mix001.csv,848,1,2,-115,-7,254
fold3_room7_mix001.csv,849,1,2,-115,-7,252
fold3_room7_mix001.csv,850,1,2,-115,-7,251
fold3_room7_mix001.csv,851,1,2,-115,-8,249
fold3_room7_mix001.csv,852,1,2,-115,-8,248
fold3_room7_mix001.csv,853,1,2,-115,-8,247
fold3_room7_mix001.csv,854,1,2,-115,-8,246
fold3_room7_mix001.csv,855,1,2,-115,-8,246
fold3_room7_mix001.csv,856,1,2,-114,-8,245
fold3_room7_mix001.csv,857,1,2,-114,-8,245
fold3_room7_mix001.csv,858,1,2,-114,-8,245
fold3_room7_mix001.csv,859,1,2,-114,-8,245
fold3_room7_mix001.csv,860,1,2,-114,-8,245
fold3_room7_mix001.csv,861,1,2,-114,-8,245
fold3_room7_mix001.csv,862,1,2,-114,-8,245
fold3_room7_mix001.csv,863,1,2,-114,-8,245
fold3_room7_mix001.csv,864,1,2,-114,-8,245
fold3_room7_mix001.csv,865,1,2,-114,-8,245
fold3_room7_mix001.csv,866,1,2,-114,-8,246
fold3_room7_mix001.csv,867,1,2,-114,-8,246
fold3_room7_mix001.csv,868,1,2,-114,-8,247
fold3_room7_mix001.csv,869,1,2,-114,-8,249
fold3_room7_mix001.csv,870,1,2,-114,-8,251
fold3_room7_mix001.csv,871,1,2,-114,-8,252
fold3_room7_mix001.csv,872,1,2,-114,-8,251
fold3_room7_mix001.csv,873,1,2,-114,-8,250
fold3_room7_mix001.csv,874,1,2,-113,-8,249
fold3_room7_mix001.csv,875,1,2,-113,-8,249
fold3_room7_mix001.csv,876,1,2,-113,-8,249
fold3_room7_mix001.csv,877,1,2,-113,-8,249
fold3_room7_mix001.csv,878,1,2,-113,-8,249
fold3_room7_mix001.csv,879,1,2,-114,-8,249
fold3_room7_mix001.csv,880,1,2,-114,-8,248
fold3_room7_mix001.csv,881,1,2,-114,-8,247
fold3_room7_mix001.csv,882,1,2,-114,-8,247
fold3_room7_mix001.csv,883,1,2,-114,-8,247
fold3_room7_mix001.csv,884,1,2,-114,-8,248
fold3_room7_mix001.csv,885,1,2,-114,-8,249
fold3_room7_mix001.csv,886,1,2,-114,-8,250
fold3_room7_mix001.csv,887,1,2,-114,-8,250
fold3_room7_mix001.csv,888,1,2,-114,-8,249
fold3_room7_mix001.csv,889,1,2,-114,-8,249
fold3_room7_mix001.csv,890,1,2,-114,-8,249
fold3_room7_mix001.csv,891,1,2,-114,-8,248
fold3_room7_mix001.csv,892,1,2,-114,-8,246
fold3_room7_mix001.csv,893,1,2,-114,-8,240
fold3_room7_mix001.csv,894,1,2,-114,-9,233
fold3_room7_mix001.csv,895,1,2,-115,-9,229
fold3_room7_mix001.csv,896,1,2,-115,-9,226
fold3_room7_mix001.csv,897,1,2,-116,-9,224
fold3_room7_mix001.csv,898,1,2,-116,-9,222
fold3_room7_mix001.csv,899,1,2,-117,-9,220
fold3_room7_mix001.csv,900,1,1,-50,-11,224
fold3_room7_mix001.csv,901,1,1,-50,-11,225
fold3_room7_mix001.csv,902,1,1,-50,-11,226
fold3_room7_mix001.csv,903,1,1,-50,-11,227
fold3_room7_mix001.csv,904,1,1,-50,-11,225
fold3_room7_mix001.csv,905,1,1,-50,-11,224
fold3_room7_mix001.csv,906,1,1,-50,-11,224
fold3_room7_mix001.csv,907,1,1,-50,-11,225
fold3_room7_mix001.csv,908,1,1,-50,-11,225
fold3_room7_mix001.csv,909,1,1,-50,-11,225
fold3_room7_mix001.csv,915,1,1,-50,-11,225
fold3_room7_mix001.csv,916,1,1,-50,-11,226
fold3_room7_mix001.csv,917,1,1,-50,-11,225
fold3_room7_mix001.csv,918,1,1,-50,-11,225
fold3_room7_mix001.csv,919,1,1,-50,-11,225
fold3_room7_mix001.csv,995,1,2,-116,-9,208
fold3_room7_mix001.csv,996,1,2,-116,-9,209
fold3_room7_mix001.csv,997,1,2,-116,-9,209
fold3_room7_mix001.csv,998,1,2,-115,-9,210
fold3_room7_mix001.csv,999,1,2,-115,-9,210
fold3_room7_mix001.csv,1000,1,2,-115,-8,212
fold3_room7_mix001.csv,1001,1,2,-115,-8,212
fold3_room7_mix001.csv,1002,1,2,-115,-8,213
fold3_room7_mix001.csv,1003,1,2,-114,-8,215
fold3_room7_mix001.csv,1004,1,2,-114,-8,215
fold3_room7_mix001.csv,1005,1,1,-50,-11,224
fold3_room7_mix001.csv,1006,1,1,-50,-11,224
fold3_room7_mix001.csv,1007,1,1,-50,-11,224
fold3_room7_mix001.csv,1008,1,1,-50,-11,223
fold3_room7_mix001.csv,1009,1,1,-50,-11,223
fold3_room7_mix001.csv,1010,1,1,-50,-11,224
fold3_room7_mix001.csv,1011,1,1,-50,-11,225
fold3_room7_mix001.csv,1012,1,1,-50,-11,226
fold3_room7_mix001.csv,1013,1,1,-50,-11,226
fold3_room7_mix001.csv,1014,1,1,-50,-11,227
fold3_room7_mix001.csv,1020,1,2,-118,-8,226
fold3_room7_mix001.csv,1021,1,2,-117,-7,228
fold3_room7_mix001.csv,1022,1,2,-117,-7,231
fold3_room7_mix001.csv,1023,1,2,-117,-7,235
fold3_room7_mix001.csv,1024,1,2,-117,-7,239
fold3_room7_mix001.csv,1025,1,2,-117,-7,244
fold3_room7_mix001.csv,1026,1,2,-117,-7,249
fold3_room7_mix001.csv,1027,1,2,-117,-7,256
fold3_room7_mix001.csv,1028,1,2,-117,-7,260
fold3_room7_mix001.csv,1029,1,2,-116,-7,262
fold3_room7_mix001.csv,1030,1,2,-116,-7,262
fold3_room7_mix001.csv,1031,1,2,-115,-7,260
fold3_room7_mix001.csv,1032,1,2,-115,-7,258
fold3_room7_mix001.csv,1033,1,2,-115,-7,256
fold3_room7_mix001.csv,1034,1,2,-114,-7,256
fold3_room7_mix001.csv,1035,1,2,-114,-7,255
fold3_room7_mix001.csv,1036,1,2,-114,-7,255
fold3_room7_mix001.csv,1037,1,2,-114,-7,254
fold3_room7_mix001.csv,1038,1,2,-114,-8,253
fold3_room7_mix001.csv,1039,1,2,-114,-8,252
fold3_room7_mix001.csv,1060,1,2,-114,-8,250
fold3_room7_mix001.csv,1061,1,2,-114,-8,250
fold3_room7_mix001.csv,1062,1,2,-114,-8,250
fold3_room7_mix001.csv,1063,1,2,-114,-8,251
fold3_room7_mix001.csv,1064,1,2,-114,-8,251
fold3_room7_mix001.csv,1065,1,2,-114,-8,251
fold3_room7_mix001.csv,1066,1,2,-114,-8,251
fold3_room7_mix001.csv,1067,1,2,-114,-8,251
fold3_room7_mix001.csv,1068,1,2,-114,-8,250
fold3_room7_mix001.csv,1069,1,2,-114,-8,250
fold3_room7_mix001.csv,1070,1,2,-114,-8,250
fold3_room7_mix001.csv,1071,1,2,-114,-8,251
fold3_room7_mix001.csv,1072,1,2,-114,-8,251
fold3_room7_mix001.csv,1073,1,2,-114,-8,251
fold3_room7_mix001.csv,1074,1,2,-114,-8,250
fold3_room7_mix001.csv,1075,1,2,-114,-8,250
fold3_room7_mix001.csv,1076,1,2,-114,-8,250
fold3_room7_mix001.csv,1077,1,2,-114,-8,250
fold3_room7_mix001.csv,1078,1,2,-114,-8,250
fold3_room7_mix001.csv,1079,1,2,-114,-8,250
fold3_room7_mix001.csv,1090,1,2,-114,-8,250
fold3_room7_mix001.csv,1091,1,2,-114,-8,250
fold3_room7_mix001.csv,1092,1,2,-114,-8,250
fold3_room7_mix001.csv,1093,1,2,-114,-8,250
fold3_room7_mix001.csv,1094,1,2,-114,-8,250
fold3_room7_mix001.csv,1115,1,2,-114,-8,249
fold3_room7_mix001.csv,1116,1,2,-114,-8,249
fold3_room7_mix001.csv,1117,1,2,-114,-8,249
fold3_room7_mix001.csv,1118,1,2,-114,-8,249
fold3_room7_mix001.csv,1119,1,2,-114,-8,249
fold3_room7_mix001.csv,1120,1,2,-114,-8,249
fold3_room7_mix001.csv,1121,1,2,-114,-8,249
fold3_room7_mix001.csv,1122,1,2,-114,-8,249
fold3_room7_mix001.csv,1123,1,2,-114,-8,249
fold3_room7_mix001.csv,1124,1,2,-114,-8,249
fold3_room7_mix001.csv,1125,1,2,-114,-8,249
fold3_room7_mix001.csv,1126,1,2,-114,-8,249
fold3_room7_mix001.csv,1127,1,2,-114,-8,249
fold3_room7_mix001.csv,1128,1,2,-114,-8,249
fold3_room7_mix001.csv,1129,1,2,-114,-8,250
fold3_room7_mix001.csv,1130,1,2,-114,-8,251
fold3_room7_mix001.csv,1131,1,2,-114,-8,253
fold3_room7_mix001.csv,1132,1,2,-114,-8,255
fold3_room7_mix001.csv,1133,1,2,-113,-8,255
fold3_room7_mix001.csv,1134,1,2,-113,-8,255
fold3_room7_mix001.csv,1135,1,2,-113,-8,254
fold3_room7_mix001.csv,1136,1,2,-113,-8,253
fold3_room7_mix001.csv,1137,1,2,-113,-8,253
fold3_room7_mix001.csv,1138,1,2,-113,-8,253
fold3_room7_mix001.csv,1139,1,2,-113,-8,252
fold3_room7_mix001.csv,1140,1,2,-113,-8,252
fold3_room7_mix001.csv,1141,1,2,-113,-8,252
fold3_room7_mix001.csv,1142,1,2,-113,-8,252
fold3_room7_mix001.csv,1143,1,2,-113,-8,252
fold3_room7_mix001.csv,1144,1,2,-113,-8,252
fold3_room7_mix001.csv,1145,1,2,-113,-8,251
fold3_room7_mix001.csv,1146,1,2,-113,-8,251
fold3_room7_mix001.csv,1147,1,2,-114,-8,251
fold3_room7_mix001.csv,1148,1,2,-114,-8,251
fold3_room7_mix001.csv,1149,1,2,-114,-8,251
fold3_room7_mix001.csv,1150,1,2,-114,-8,251
fold3_room7_mix001.csv,1151,1,2,-114,-8,251
fold3_room7_mix001.csv,1152,1,2,-114,-8,251
fold3_room7_mix001.csv,1153,1,2,-114,-8,251
fold3_room7_mix001.csv,1154,1,2,-114,-8,251
fold3_room7_mix001.csv,1155,1,2,-114,-8,251
fold3_room7_mix001.csv,1156,1,2,-114,-8,251
fold3_room7_mix001.csv,1157,1,2,-114,-8,251
fold3_room7_mix001.csv,1158,1,2,-114,-8,252
fold3_room7_mix001.csv,1159,1,2,-114,-8,253
fold3_room7_mix001.csv,1160,1,2,-113,-8,253
fold3_room7_mix001.csv,1161,1,2,-113,-8,253
fold3_room7_mix001.csv,1162,1,2,-113,-8,252
fold3_room7_mix001.csv,1163,1,2,-113,-8,252
fold3_room7_mix001.csv,1164,1,2,-113,-8,252
fold3_room7_mix001.csv,1165,1,2,-113,-8,252
fold3_room7_mix001.csv,1166,1,2,-113,-8,252
fold3_room7_mix001.csv,1167,1,2,-113,-8,252
fold3_room7_mix001.csv,1168,1,2,-114,-8,251
fold3_room7_mix001.csv,1169,1,2,-113,-8,251
fold3_room7_mix001.csv,1170,1,2,-113,-8,251
fold3_room7_mix001.csv,1171,1,2,-113,-8,251
fold3_room7_mix001.csv,1172,1,2,-114,-8,251
fold3_room7_mix001.csv,1173,1,2,-114,-8,251
fold3_room7_mix001.csv,1174,1,2,-113,-8,250
fold3_room7_mix001.csv,1175,1,2,-113,-8,250
fold3_room7_mix001.csv,1176,1,2,-113,-8,250
fold3_room7_mix001.csv,1177,1,2,-113,-8,250
fold3_room7_mix001.csv,1178,1,2,-113,-8,250
fold3_room7_mix001.csv,1179,1,2,-113,-8,249
fold3_room7_mix001.csv,1180,1,2,-114,-8,249
fold3_room7_mix001.csv,1181,1,2,-114,-8,248
fold3_room7_mix001.csv,1182,1,2,-114,-8,247
fold3_room7_mix001.csv,1183,1,2,-114,-8,247
fold3_room7_mix001.csv,1184,1,2,-114,-8,248
fold3_room7_mix001.csv,1185,1,2,-114,-8,248
fold3_room7_mix001.csv,1186,1,2,-114,-8,248
fold3_room7_mix001.csv,1187,1,2,-114,-8,248
fold3_room7_mix001.csv,1188,1,2,-114,-8,248
fold3_room7_mix001.csv,1189,1,2,-114,-8,248
fold3_room7_mix001.csv,1190,1,2,-114,-8,248
fold3_room7_mix001.csv,1191,1,2,-114,-8,248
fold3_room7_mix001.csv,1192,1,2,-114,-8,248
fold3_room7_mix001.csv,1193,1,2,-114,-8,248
fold3_room7_mix001.csv,1194,1,2,-114,-8,248
fold3_room7_mix001.csv,1195,1,2,-114,-8,248
fold3_room7_mix001.csv,1196,1,2,-114,-8,248
fold3_room7_mix001.csv,1197,1,2,-114,-8,248
fold3_room7_mix001.csv,1198,1,2,-114,-8,248
fold3_room7_mix001.csv,1199,1,2,-114,-8,248
fold3_room7_mix001.csv,1205,1,2,-114,-8,248
fold3_room7_mix001.csv,1206,1,2,-114,-8,248
fold3_room7_mix001.csv,1207,1,2,-114,-8,248
fold3_room7_mix001.csv,1208,1,2,-114,-8,247
fold3_room7_mix001.csv,1209,1,2,-114,-8,247
fold3_room7_mix001.csv,1210,1,2,-114,-8,247
fold3_room7_mix001.csv,1211,1,2,-114,-8,248
fold3_room7_mix001.csv,1212,1,2,-114,-8,247
fold3_room7_mix001.csv,1213,1,2,-114,-8,247
fold3_room7_mix001.csv,1214,1,2,-114,-8,247
fold3_room7_mix001.csv,1250,1,2,-116,-8,250
fold3_room7_mix001.csv,1251,1,2,-116,-8,252
fold3_room7_mix001.csv,1252,1,2,-117,-8,253
fold3_room7_mix001.csv,1253,1,2,-117,-8,254
fold3_room7_mix001.csv,1254,1,2,-118,-8,254
fold3_room7_mix001.csv,1255,1,2,-118,-8,253
fold3_room7_mix001.csv,1256,1,2,-118,-8,252
fold3_room7_mix001.csv,1257,1,2,-118,-8,250
fold3_room7_mix001.csv,1258,1,2,-117,-8,249
fold3_room7_mix001.csv,1259,1,2,-117,-8,249
fold3_room7_mix001.csv,1260,1,2,-117,-8,250
fold3_room7_mix001.csv,1261,1,2,-116,-8,251
fold3_room7_mix001.csv,1262,1,2,-116,-8,252
fold3_room7_mix001.csv,1263,1,2,-115,-8,252
fold3_room7_mix001.csv,1264,1,2,-115,-8,251
fold3_room7_mix001.csv,1265,1,2,-115,-8,251
fold3_room7_mix001.csv,1266,1,2,-115,-8,251
fold3_room7_mix001.csv,1267,1,2,-115,-7,252
fold3_room7_mix001.csv,1268,1,2,-115,-7,253
fold3_room7_mix001.csv,1269,1,2,-115,-7,253
fold3_room7_mix001.csv,1270,1,2,-115,-7,253
fold3_room7_mix001.csv,1271,1,2,-115,-8,252
fold3_room7_mix001.csv,1272,1,2,-115,-8,252
fold3_room7_mix001.csv,1273,1,2,-115,-8,252
fold3_room7_mix001.csv,1274,1,2,-115,-8,253
fold3_room7_mix001.csv,1275,1,2,-114,-8,253
fold3_room7_mix001.csv,1276,1,2,-113,-8,252
fold3_room7_mix001.csv,1277,1,2,-113,-8,251
fold3_room7_mix001.csv,1278,1,2,-113,-8,250
fold3_room7_mix001.csv,1279,1,2,-113,-8,249
fold3_room7_mix001.csv,1280,1,2,-113,-8,249
fold3_room7_mix001.csv,1281,1,2,-113,-8,249
fold3_room7_mix001.csv,1282,1,2,-113,-8,249
fold3_room7_mix001.csv,1283,1,2,-114,-8,249
fold3_room7_mix001.csv,1284,1,2,-113,-8,249
fold3_room7_mix001.csv,1295,1,2,-115,-8,250
fold3_room7_mix001.csv,1296,1,2,-114,-8,250
fold3_room7_mix001.csv,1297,1,2,-114,-8,250
fold3_room7_mix001.csv,1298,1,2,-114,-8,249
fold3_room7_mix001.csv,1299,1,2,-114,-8,249
fold3_room7_mix001.csv,1300,1,2,-115,-8,248
fold3_room7_mix001.csv,1301,1,2,-115,-8,248
fold3_room7_mix001.csv,1302,1,2,-114,-8,248
fold3_room7_mix001.csv,1303,1,2,-114,-8,250
fold3_room7_mix001.csv,1304,1,2,-113,-8,251
fold3_room7_mix001.csv,1305,1,2,-113,-8,254
fold3_room7_mix001.csv,1306,1,2,-113,-8,254
fold3_room7_mix001.csv,1307,1,2,-113,-8,252
fold3_room7_mix001.csv,1308,1,2,-113,-8,251
fold3_room7_mix001.csv,1309,1,2,-113,-8,250
fold3_room7_mix001.csv,1310,1,2,-113,-8,249
fold3_room7_mix001.csv,1311,1,2,-113,-8,249
fold3_room7_mix001.csv,1312,1,2,-114,-8,250
fold3_room7_mix001.csv,1313,1,2,-114,-8,250
fold3_room7_mix001.csv,1314,1,2,-114,-8,251
fold3_room7_mix001.csv,1315,1,2,-113,-8,251
fold3_room7_mix001.csv,1316,1,2,-113,-8,253
fold3_room7_mix001.csv,1317,1,2,-113,-8,253
fold3_room7_mix001.csv,1318,1,2,-113,-8,253
fold3_room7_mix001.csv,1319,1,2,-114,-8,253
fold3_room7_mix001.csv,1320,1,2,-114,-7,253
fold3_room7_mix001.csv,1321,1,2,-115,-8,253
fold3_room7_mix001.csv,1322,1,2,-115,-8,252
fold3_room7_mix001.csv,1323,1,2,-114,-8,251
fold3_room7_mix001.csv,1324,1,2,-114,-8,250
fold3_room7_mix001.csv,1335,1,2,-116,-9,223
fold3_room7_mix001.csv,1336,1,2,-117,-9,222
fold3_room7_mix001.csv,1337,1,2,-117,-9,220
fold3_room7_mix001.csv,1338,1,2,-118,-9,217
fold3_room7_mix001.csv,1339,1,2,-118,-9,212
fold3_room7_mix001.csv,1340,1,2,-118,-9,207
fold3_room7_mix001.csv,1341,1,2,-117,-10,202
fold3_room7_mix001.csv,1342,1,2,-117,-10,198
fold3_room7_mix001.csv,1343,1,2,-117,-10,193
fold3_room7_mix001.csv,1344,1,2,-116,-10,188
fold3_room7_mix001.csv,1345,1,2,-116,-9,182
fold3_room7_mix001.csv,1346,1,2,-117,-10,178
fold3_room7_mix001.csv,1347,1,2,-117,-10,174
fold3_room7_mix001.csv,1348,1,2,-117,-12,171
fold3_room7_mix001.csv,1349,1,2,-117,-12,169
fold3_room7_mix001.csv,1360,1,1,-50,-11,225
fold3_room7_mix001.csv,1361,1,1,-50,-11,225
fold3_room7_mix001.csv,1362,1,1,-50,-11,226
fold3_room7_mix001.csv,1363,1,1,-50,-11,226
fold3_room7_mix001.csv,1364,1,1,-50,-11,226
fold3_room7_mix001.csv,1370,1,2,-106,6,208
fold3_room7_mix001.csv,1371,1,2,-104,6,206
fold3_room7_mix001.csv,1372,1,2,-103,6,204
fold3_room7_mix001.csv,1373,1,2,-102,6,199
fold3_room7_mix001.csv,1374,1,2,-101,6,193
fold3_room7_mix002.csv,35,1,2,-50,-11,223
fold3_room7_mix002.csv,36,1,2,-50,-11,223
fold3_room7_mix002.csv,37,1,2,-50,-11,224
fold3_room7_mix002.csv,38,1,2,-49,-11,225
fold3_room7_mix002.csv,39,1,2,-49,-11,226
fold3_room7_mix002.csv,40,1,2,-49,-11,226
fold3_room7_mix002.csv,41,1,2,-49,-11,226
fold3_room7_mix002.csv,42,1,2,-49,-11,226
fold3_room7_mix002.csv,43,1,2,-49,-11,226
fold3_room7_mix002.csv,44,1,2,-49,-11,226
fold3_room7_mix002.csv,55,1,1,40,-16,279
fold3_room7_mix002.csv,56,1,1,41,-16,279
fold3_room7_mix002.csv,57,1,1,41,-16,280
fold3_room7_mix002.csv,58,1,1,41,-16,281
fold3_room7_mix002.csv,59,1,1,41,-16,281
fold3_room7_mix002.csv,60,1,1,41,-16,281
fold3_room7_mix002.csv,61,1,1,41,-16,280
fold3_room7_mix002.csv,62,1,1,42,-16,278
fold3_room7_mix002.csv,63,1,1,42,-16,277
fold3_room7_mix002.csv,64,1,1,42,-17,276
fold3_room7_mix002.csv,65,1,1,42,-17,275
fold3_room7_mix002.csv,66,1,1,42,-17,275
fold3_room7_mix002.csv,67,1,1,42,-17,275
fold3_room7_mix002.csv,68,1,1,41,-17,276
fold3_room7_mix002.csv,69,1,1,40,-16,276
fold3_room7_mix002.csv,70,1,1,40,-17,277
fold3_room7_mix002.csv,71,1,1,40,-16,278
fold3_room7_mix002.csv,72,1,1,39,-16,280
fold3_room7_mix002.csv,73,1,1,39,-17,281
fold3_room7_mix002.csv,74,1,1,39,-17,281
fold3_room7_mix002.csv,75,1,1,39,-17,281
fold3_room7_mix002.csv,76,1,1,39,-16,280
fold3_room7_mix002.csv,77,1,1,39,-17,279
fold3_room7_mix002.csv,78,1,1,39,-17,278
fold3_room7_mix002.csv,79,1,1,39,-17,278
fold3_room7_mix002.csv,80,1,1,40,-17,277
fold3_room7_mix002.csv,81,1,1,40,-17,277
fold3_room7_mix002.csv,82,1,1,40,-17,277
fold3_room7_mix002.csv,83,1,1,40,-17,277
fold3_room7_mix002.csv,84,1,1,40,-17,277
fold3_room7_mix002.csv,90,1,1,40,-16,281
fold3_room7_mix002.csv,91,1,1,41,-16,280
fold3_room7_mix002.csv,92,1,1,41,-16,279
fold3_room7_mix002.csv,93,1,1,41,-16,280
fold3_room7_mix002.csv,94,1,1,41,-16,281
fold3_room7_mix002.csv,95,1,1,40,-16,282
fold3_room7_mix002.csv,96,1,1,40,-16,283
fold3_room7_mix002.csv,97,1,1,40,-16,284
fold3_room7_mix002.csv,98,1,1,40,-16,285
fold3_room7_mix002.csv,99,1,1,40,-16,286
fold3_room7_mix002.csv,100,1,1,40,-16,285
fold3_room7_mix002.csv,101,1,1,40,-16,283
fold3_room7_mix002.csv,102,1,1,40,-16,280
fold3_room7_mix002.csv,103,1,1,41,-17,278
fold3_room7_mix002.csv,104,1,1,41,-17,278
fold3_room7_mix002.csv,105,1,1,40,-17,279
fold3_room7_mix002.csv,106,1,1,40,-16,280
fold3_room7_mix002.csv,107,1,1,40,-16,282
fold3_room7_mix002.csv,108,1,1,40,-16,282
fold3_room7_mix002.csv,109,1,1,40,-16,282
fold3_room7_mix002.csv,115,1,2,-49,-11,226
fold3_room7_mix002.csv,116,1,2,-49,-11,226
fold3_room7_mix002.csv,117,1,2,-49,-11,226
fold3_room7_mix002.csv,118,1,2,-49,-11,225
fold3_room7_mix002.csv,119,1,2,-49,-11,226
fold3_room7_mix002.csv,125,1,1,39,-17,286
fold3_room7_mix002.csv,126,1,1,39,-17,286
fold3_room7_mix002.csv,127,1,1,39,-17,286
fold3_room7_mix002.csv,128,1,1,39,-17,286
fold3_room7_mix002.csv,129,1,1,39,-17,286
fold3_room7_mix002.csv,130,1,1,39,-17,286
fold3_room7_mix002.csv,131,1,1,39,-17,286
fold3_room7_mix002.csv,132,1,1,39,-17,287
fold3_room7_mix002.csv,133,1,1,39,-17,287
fold3_room7_mix002.csv,134,1,1,39,-17,287
fold3_room7_mix002.csv,135,1,1,39,-17,287
fold3_room7_mix002.csv,136,1,1,39,-17,286
fold3_room7_mix002.csv,137,1,1,39,-17,286
fold3_room7_mix002.csv,138,1,1,39,-17,287
fold3_room7_mix002.csv,139,1,1,39,-17,286
fold3_room7_mix002.csv,140,1,1,39,-17,286
fold3_room7_mix002.csv,141,1,1,39,-17,286
fold3_room7_mix002.csv,142,1,1,39,-17,287
fold3_room7_mix002.csv,143,1,1,39,-17,287
fold3_room7_mix002.csv,144,1,1,39,-17,286
fold3_room7_mix002.csv,175,1,1,39,-17,287
fold3_room7_mix002.csv,176,1,1,39,-17,287
fold3_room7_mix002.csv,177,1,1,39,-17,287
fold3_room7_mix002.csv,178,1,1,39,-17,287
fold3_room7_mix002.csv,179,1,1,39,-17,287
fold3_room7_mix002.csv,180,1,1,39,-17,287
fold3_room7_mix002.csv,181,1,1,39,-17,287
fold3_room7_mix002.csv,182,1,1,39,-17,287
fold3_room7_mix002.csv,183,1,1,39,-17,287
fold3_room7_mix002.csv,184,1,1,39,-17,287
fold3_room7_mix002.csv,185,1,1,39,-17,287
fold3_room7_mix002.csv,186,1,1,39,-17,287
fold3_room7_mix002.csv,187,1,1,39,-17,287
fold3_room7_mix002.csv,188,1,1,39,-17,287
fold3_room7_mix002.csv,189,1,1,39,-17,287
fold3_room7_mix002.csv,190,1,1,39,-17,287
fold3_room7_mix002.csv,191,1,1,39,-17,287
fold3_room7_mix002.csv,192,1,1,39,-17,287
fold3_room7_mix002.csv,193,1,1,39,-17,287
fold3_room7_mix002.csv,194,1,1,39,-17,287
fold3_room7_mix002.csv,195,1,1,39,-17,287
fold3_room7_mix002.csv,196,1,1,39,-17,287
fold3_room7_mix002.csv,197,1,1,39,-17,287
fold3_room7_mix002.csv,198,1,1,39,-17,287
fold3_room7_mix002.csv,199,1,1,39,-17,287
fold3_room7_mix002.csv,200,1,1,39,-17,287
fold3_room7_mix002.csv,201,1,1,39,-17,287
fold3_room7_mix002.csv,202,1,1,39,-17,287
fold3_room7_mix002.csv,203,1,1,39,-17,287
fold3_room7_mix002.csv,204,1,1,39,-17,287
fold3_room7_mix002.csv,205,1,1,39,-17,287
fold3_room7_mix002.csv,206,1,1,39,-17,287
fold3_room7_mix002.csv,207,1,1,39,-17,287
fold3_room7_mix002.csv,208,1,1,39,-17,287
fold3_room7_mix002.csv,209,1,1,39,-17,287
fold3_room7_mix002.csv,240,1,1,39,-16,287
fold3_room7_mix002.csv,241,1,1,39,-16,286
fold3_room7_mix002.csv,242,1,1,40,-16,286
fold3_room7_mix002.csv,243,1,1,40,-16,286
fold3_room7_mix002.csv,244,1,1,40,-16,286
fold3_room7_mix002.csv,245,1,1,40,-16,286
fold3_room7_mix002.csv,246,1,1,40,-16,286
fold3_room7_mix002.csv,247,1,1,40,-16,286
fold3_room7_mix002.csv,248,1,1,40,-16,286
fold3_room7_mix002.csv,249,1,1,40,-16,286
fold3_room7_mix002.csv,250,1,1,40,-16,286
fold3_room7_mix002.csv,251,1,1,40,-16,287
fold3_room7_mix002.csv,252,1,1,40,-16,287
fold3_room7_mix002.csv,253,1,1,40,-16,288
fold3_room7_mix002.csv,254,1,1,40,-16,288
fold3_room7_mix002.csv,255,1,1,39,-16,287
fold3_room7_mix002.csv,256,1,1,39,-16,286
fold3_room7_mix002.csv,257,1,1,39,-16,286
fold3_room7_mix002.csv,258,1,1,39,-16,286
fold3_room7_mix002.csv,259,1,1,39,-16,287
fold3_room7_mix002.csv,260,1,1,39,-16,287
fold3_room7_mix002.csv,261,1,1,39,-16,286
fold3_room7_mix002.csv,262,1,1,39,-16,286
fold3_room7_mix002.csv,263,1,1,39,-16,285
fold3_room7_mix002.csv,264,1,1,39,-16,285
fold3_room7_mix002.csv,265,1,1,39,-16,286
fold3_room7_mix002.csv,266,1,1,39,-16,286
fold3_room7_mix002.csv,267,1,1,39,-16,286
fold3_room7_mix002.csv,268,1,1,39,-16,286
fold3_room7_mix002.csv,269,1,1,39,-16,286
fold3_room7_mix002.csv,270,1,1,39,-16,286
fold3_room7_mix002.csv,271,1,1,39,-16,286
fold3_room7_mix002.csv,272,1,1,39,-16,286
fold3_room7_mix002.csv,273,1,1,39,-16,286
fold3_room7_mix002.csv,274,1,1,39,-16,286
fold3_room7_mix002.csv,275,1,2,-49,-11,225
fold3_room7_mix002.csv,276,1,2,-49,-11,225
fold3_room7_mix002.csv,277,1,2,-49,-11,225
fold3_room7_mix002.csv,278,1,2,-49,-11,225
fold3_room7_mix002.csv,279,1,2,-49,-11,225
fold3_room7_mix002.csv,285,1,1,39,-16,286
fold3_room7_mix002.csv,286,1,1,39,-16,286
fold3_room7_mix002.csv,287,1,1,39,-16,286
fold3_room7_mix002.csv,288,1,1,39,-16,286
fold3_room7_mix002.csv,289,1,1,39,-16,286
fold3_room7_mix002.csv,290,1,1,39,-16,286
fold3_room7_mix002.csv,291,1,1,39,-16,286
fold3_room7_mix002.csv,292,1,1,39,-16,286
fold3_room7_mix002.csv,293,1,1,39,-16,286
fold3_room7_mix002.csv,294,1,1,39,-16,286
fold3_room7_mix002.csv,295,1,1,39,-16,286
fold3_room7_mix002.csv,296,1,1,39,-16,286
fold3_room7_mix002.csv,297,1,1,39,-16,287
fold3_room7_mix002.csv,298,1,1,39,-16,287
fold3_room7_mix002.csv,299,1,1,39,-16,287
fold3_room7_mix002.csv,300,1,1,39,-16,287
fold3_room7_mix002.csv,301,1,1,39,-16,287
fold3_room7_mix002.csv,302,1,1,39,-16,287
fold3_room7_mix002.csv,303,1,1,39,-16,286
fold3_room7_mix002.csv,304,1,1,39,-17,286
fold3_room7_mix002.csv,305,1,1,39,-17,286
fold3_room7_mix002.csv,306,1,1,39,-16,287
fold3_room7_mix002.csv,307,1,1,39,-16,286
fold3_room7_mix002.csv,308,1,1,39,-16,285
fold3_room7_mix002.csv,309,1,1,39,-17,283
fold3_room7_mix002.csv,315,1,2,-49,-11,224
fold3_room7_mix002.csv,316,1,2,-49,-11,224
fold3_room7_mix002.csv,317,1,2,-49,-11,224
fold3_room7_mix002.csv,318,1,2,-49,-11,224
fold3_room7_mix002.csv,319,1,2,-49,-11,224
fold3_room7_mix002.csv,320,1,1,39,-17,287
fold3_room7_mix002.csv,321,1,1,39,-17,286
fold3_room7_mix002.csv,322,1,1,39,-17,286
fold3_room7_mix002.csv,323,1,1,39,-17,287
fold3_room7_mix002.csv,324,1,1,39,-17,287
fold3_room7_mix002.csv,325,1,1,39,-17,286
fold3_room7_mix002.csv,326,1,1,39,-17,286
fold3_room7_mix002.csv,327,1,1,39,-17,286
fold3_room7_mix002.csv,328,1,1,39,-17,286
fold3_room7_mix002.csv,329,1,1,39,-17,287
fold3_room7_mix002.csv,330,1,1,39,-17,286
fold3_room7_mix002.csv,331,1,1,39,-17,286
fold3_room7_mix002.csv,332,1,1,39,-17,286
fold3_room7_mix002.csv,333,1,1,39,-17,286
fold3_room7_mix002.csv,334,1,1,39,-17,286
fold3_room7_mix002.csv,335,1,1,39,-17,286
fold3_room7_mix002.csv,336,1,1,39,-17,286
fold3_room7_mix002.csv,337,1,1,39,-17,287
fold3_room7_mix002.csv,338,1,1,39,-17,287
fold3_room7_mix002.csv,339,1,1,39,-17,287
fold3_room7_mix002.csv,340,1,1,39,-17,287
fold3_room7_mix002.csv,341,1,1,39,-17,286
fold3_room7_mix002.csv,342,1,1,39,-17,286
fold3_room7_mix002.csv,343,1,1,39,-17,287
fold3_room7_mix002.csv,344,1,1,39,-17,287
fold3_room7_mix002.csv,345,1,1,39,-17,287
fold3_room7_mix002.csv,346,1,1,39,-17,287
fold3_room7_mix002.csv,347,1,1,39,-17,287
fold3_room7_mix002.csv,348,1,1,39,-17,287
fold3_room7_mix002.csv,349,1,1,39,-17,287
fold3_room7_mix002.csv,350,1,1,39,-17,286
fold3_room7_mix002.csv,351,1,1,39,-17,285
fold3_room7_mix002.csv,352,1,1,39,-17,286
fold3_room7_mix002.csv,353,1,1,39,-16,286
fold3_room7_mix002.csv,354,1,1,39,-16,287
fold3_room7_mix002.csv,365,1,1,39,-17,286
fold3_room7_mix002.csv,366,1,1,39,-17,286
fold3_room7_mix002.csv,367,1,1,39,-17,286
fold3_room7_mix002.csv,368,1,1,39,-17,286
fold3_room7_mix002.csv,369,1,1,39,-17,287
fold3_room7_mix002.csv,370,1,1,39,-17,287
fold3_room7_mix002.csv,371,1,1,39,-17,287
fold3_room7_mix002.csv,372,1,1,38,-17,286
fold3_room7_mix002.csv,373,1,1,39,-17,285
fold3_room7_mix002.csv,374,1,1,39,-17,286
fold3_room7_mix002.csv,375,1,1,39,-17,286
fold3_room7_mix002.csv,376,1,1,39,-17,286
fold3_room7_mix002.csv,377,1,1,39,-17,286
fold3_room7_mix002.csv,378,1,1,39,-17,286
fold3_room7_mix002.csv,379,1,1,39,-17,287
fold3_room7_mix002.csv,380,1,2,-49,-11,224
fold3_room7_mix002.csv,381,1,2,-49,-11,224
fold3_room7_mix002.csv,382,1,2,-49,-11,224
fold3_room7_mix002.csv,383,1,2,-49,-11,224
fold3_room7_mix002.csv,384,1,2,-49,-11,224
fold3_room7_mix002.csv,385,1,2,-49,-11,225
fold3_room7_mix002.csv,386,1,2,-49,-11,225
fold3_room7_mix002.csv,387,1,2,-49,-11,225
fold3_room7_mix002.csv,388,1,2,-49,-11,225
fold3_room7_mix002.csv,389,1,2,-49,-11,225
fold3_room7_mix002.csv,390,1,2,-49,-11,225
fold3_room7_mix002.csv,391,1,2,-49,-11,225
fold3_room7_mix002.csv,392,1,2,-49,-11,225
fold3_room7_mix002.csv,393,1,2,-49,-11,225
fold3_room7_mix002.csv,394,1,2,-49,-11,225
fold3_room7_mix002.csv,395,1,2,-49,-11,225
fold3_room7_mix002.csv,396,1,2,-49,-11,225
fold3_room7_mix002.csv,397,1,2,-49,-11,225
fold3_room7_mix002.csv,398,1,2,-49,-11,225
fold3_room7_mix002.csv,399,1,2,-49,-11,225
fold3_room7_mix002.csv,400,1,2,-49,-11,225
fold3_room7_mix002.csv,401,1,2,-49,-11,225
fold3_room7_mix002.csv,402,1,2,-49,-11,225
fold3_room7_mix002.csv,403,1,2,-49,-11,225
fold3_room7_mix002.csv,404,1,2,-49,-11,225
fold3_room7_mix002.csv,405,1,2,-49,-11,225
fold3_room7_mix002.csv,406,1,2,-49,-11,225
fold3_room7_mix002.csv,407,1,2,-49,-11,225
fold3_room7_mix002.csv,408,1,2,-49,-11,225
fold3_room7_mix002.csv,409,1,2,-49,-11,225
fold3_room7_mix002.csv,410,1,2,-49,-11,225
fold3_room7_mix002.csv,411,1,2,-49,-11,225
fold3_room7_mix002.csv,412,1,2,-49,-11,225
fold3_room7_mix002.csv,413,1,2,-49,-11,225
fold3_room7_mix002.csv,414,1,2,-49,-11,225
fold3_room7_mix002.csv,445,1,1,39,-17,287
fold3_room7_mix002.csv,446,1,1,39,-17,287
fold3_room7_mix002.csv,447,1,1,39,-17,287
fold3_room7_mix002.csv,448,1,1,39,-17,287
fold3_room7_mix002.csv,449,1,1,39,-17,287
fold3_room7_mix002.csv,470,1,2,-49,-11,224
fold3_room7_mix002.csv,471,1,2,-49,-11,224
fold3_room7_mix002.csv,472,1,2,-49,-11,224
fold3_room7_mix002.csv,473,1,2,-49,-11,224
fold3_room7_mix002.csv,474,1,2,-49,-11,224
fold3_room7_mix002.csv,475,1,2,-49,-11,224
fold3_room7_mix002.csv,476,1,2,-49,-11,224
fold3_room7_mix002.csv,477,1,2,-49,-11,224
fold3_room7_mix002.csv,478,1,2,-49,-11,224
fold3_room7_mix002.csv,479,1,2,-49,-11,224
fold3_room7_mix002.csv,480,1,2,-49,-11,224
fold3_room7_mix002.csv,481,1,2,-49,-11,224
fold3_room7_mix002.csv,482,1,2,-49,-11,224
fold3_room7_mix002.csv,483,1,2,-49,-11,224
fold3_room7_mix002.csv,484,1,2,-49,-11,224
fold3_room7_mix002.csv,485,1,2,-49,-11,224
fold3_room7_mix002.csv,486,1,2,-49,-11,224
fold3_room7_mix002.csv,487,1,2,-49,-11,224
fold3_room7_mix002.csv,488,1,2,-49,-11,224
fold3_room7_mix002.csv,489,1,2,-49,-11,224
fold3_room7_mix002.csv,490,1,2,-49,-11,224
fold3_room7_mix002.csv,491,1,2,-49,-11,224
fold3_room7_mix002.csv,492,1,2,-49,-11,224
fold3_room7_mix002.csv,493,1,2,-49,-11,224
fold3_room7_mix002.csv,494,1,2,-49,-11,224
fold3_room7_mix002.csv,495,1,2,-49,-11,224
fold3_room7_mix002.csv,496,1,2,-49,-11,225
fold3_room7_mix002.csv,497,1,2,-49,-11,225
fold3_room7_mix002.csv,498,1,2,-49,-11,225
fold3_room7_mix002.csv,499,1,2,-49,-11,225
fold3_room7_mix002.csv,500,1,2,-49,-11,225
fold3_room7_mix002.csv,501,1,2,-49,-11,225
fold3_room7_mix002.csv,502,1,2,-49,-11,225
fold3_room7_mix002.csv,503,1,2,-49,-11,225
fold3_room7_mix002.csv,504,1,2,-49,-11,225
fold3_room7_mix002.csv,510,1,1,39,-17,287
fold3_room7_mix002.csv,511,1,1,39,-17,287
fold3_room7_mix002.csv,512,1,1,39,-17,287
fold3_room7_mix002.csv,513,1,1,39,-17,287
fold3_room7_mix002.csv,514,1,1,39,-17,287
fold3_room7_mix002.csv,515,1,1,39,-17,287
fold3_room7_mix002.csv,516,1,1,39,-17,287
fold3_room7_mix002.csv,517,1,1,39,-17,287
fold3_room7_mix002.csv,518,1,1,39,-17,287
fold3_room7_mix002.csv,519,1,1,39,-17,287
fold3_room7_mix002.csv,520,1,1,39,-17,287
fold3_room7_mix002.csv,521,1,1,39,-17,287
fold3_room7_mix002.csv,522,1,1,39,-17,287
fold3_room7_mix002.csv,523,1,1,39,-17,287
fold3_room7_mix002.csv,524,1,1,39,-17,287
fold3_room7_mix002.csv,525,1,1,39,-17,287
fold3_room7_mix002.csv,526,1,1,39,-17,287
fold3_room7_mix002.csv,527,1,1,39,-17,287
fold3_room7_mix002.csv,528,1,1,39,-17,287
fold3_room7_mix002.csv,529,1,1,39,-17,287
fold3_room7_mix002.csv,530,1,1,39,-17,287
fold3_room7_mix002.csv,531,1,1,39,-17,288
fold3_room7_mix002.csv,532,1,1,39,-17,288
fold3_room7_mix002.csv,533,1,1,39,-17,288
fold3_room7_mix002.csv,534,1,1,39,-17,288
fold3_room7_mix002.csv,535,1,1,39,-17,288
fold3_room7_mix002.csv,536,1,1,39,-17,288
fold3_room7_mix002.csv,537,1,1,39,-17,287
fold3_room7_mix002.csv,538,1,1,39,-17,287
fold3_room7_mix002.csv,539,1,1,38,-17,287
fold3_room7_mix002.csv,540,1,2,-49,-11,224
fold3_room7_mix002.csv,541,1,2,-49,-11,224
fold3_room7_mix002.csv,542,1,2,-49,-11,224
fold3_room7_mix002.csv,543,1,2,-49,-11,225
fold3_room7_mix002.csv,544,1,2,-49,-11,225
fold3_room7_mix002.csv,545,1,1,39,-17,287
fold3_room7_mix002.csv,546,1,1,39,-17,287
fold3_room7_mix002.csv,547,1,1,39,-17,287
fold3_room7_mix002.csv,548,1,1,39,-17,288
fold3_room7_mix002.csv,549,1,1,39,-17,288
fold3_room7_mix002.csv,550,1,1,39,-17,288
fold3_room7_mix002.csv,551,1,1,39,-17,287
fold3_room7_mix002.csv,552,1,1,39,-17,287
fold3_room7_mix002.csv,553,1,1,39,-17,288
fold3_room7_mix002.csv,554,1,1,39,-17,288
fold3_room7_mix002.csv,555,1,1,39,-17,288
fold3_room7_mix002.csv,556,1,1,39,-17,288
fold3_room7_mix002.csv,557,1,1,39,-17,288
fold3_room7_mix002.csv,558,1,1,39,-17,288
fold3_room7_mix002.csv,559,1,1,39,-17,288
fold3_room7_mix002.csv,560,1,1,39,-17,288
fold3_room7_mix002.csv,561,1,1,39,-17,288
fold3_room7_mix002.csv,562,1,1,39,-17,288
fold3_room7_mix002.csv,563,1,1,39,-17,288
fold3_room7_mix002.csv,564,1,1,39,-17,288
fold3_room7_mix002.csv,565,1,1,39,-17,288
fold3_room7_mix002.csv,566,1,1,39,-17,288
fold3_room7_mix002.csv,567,1,1,39,-17,288
fold3_room7_mix002.csv,568,1,1,38,-17,288
fold3_room7_mix002.csv,569,1,1,38,-17,288
fold3_room7_mix002.csv,570,1,1,38,-17,288
fold3_room7_mix002.csv,571,1,1,38,-17,287
fold3_room7_mix002.csv,572,1,1,39,-17,287
fold3_room7_mix002.csv,573,1,1,39,-17,288
fold3_room7_mix002.csv,574,1,1,39,-17,287
fold3_room7_mix002.csv,575,1,1,39,-17,287
fold3_room7_mix002.csv,576,1,1,39,-17,286
fold3_room7_mix002.csv,577,1,1,38,-17,287
fold3_room7_mix002.csv,578,1,1,39,-17,287
fold3_room7_mix002.csv,579,1,1,39,-17,287
fold3_room7_mix002.csv,580,1,1,39,-17,287
fold3_room7_mix002.csv,581,1,1,39,-17,287
fold3_room7_mix002.csv,582,1,1,39,-17,287
fold3_room7_mix002.csv,583,1,1,39,-17,287
fold3_room7_mix002.csv,584,1,1,39,-17,287
fold3_room7_mix002.csv,590,1,2,-49,-11,224
fold3_room7_mix002.csv,591,1,2,-49,-11,225
fold3_room7_mix002.csv,592,1,2,-49,-11,225
fold3_room7_mix002.csv,593,1,2,-49,-11,225
fold3_room7_mix002.csv,594,1,2,-49,-11,225
fold3_room7_mix002.csv,595,1,2,-49,-11,224
fold3_room7_mix002.csv,596,1,2,-49,-11,224
fold3_room7_mix002.csv,597,1,2,-49,-11,225
fold3_room7_mix002.csv,598,1,2,-49,-11,224
fold3_room7_mix002.csv,599,1,2,-49,-11,224
fold3_room7_mix002.csv,600,1,2,-49,-11,224
fold3_room7_mix002.csv,601,1,2,-49,-11,224
fold3_room7_mix002.csv,602,1,2,-49,-11,225
fold3_room7_mix002.csv,603,1,2,-49,-11,225
fold3_room7_mix002.csv,604,1,2,-49,-11,224
fold3_room7_mix002.csv,605,1,2,-49,-11,224
fold3_room7_mix002.csv,606,1,2,-49,-11,224
fold3_room7_mix002.csv,607,1,2,-49,-11,224
fold3_room7_mix002.csv,608,1,2,-49,-11,224
fold3_room7_mix002.csv,609,1,2,-49,-11,224
fold3_room7_mix002.csv,610,1,2,-49,-11,224
fold3_room7_mix002.csv,611,1,2,-49,-11,224
fold3_room7_mix002.csv,612,1,2,-49,-11,224
fold3_room7_mix002.csv,613,1,2,-49,-11,224
fold3_room7_mix002.csv,614,1,2,-49,-11,223
fold3_room7_mix002.csv,615,1,2,-49,-11,223
fold3_room7_mix002.csv,616,1,2,-49,-11,223
fold3_room7_mix002.csv,617,1,2,-49,-11,224
fold3_room7_mix002.csv,618,1,2,-49,-11,224
fold3_room7_mix002.csv,619,1,2,-49,-11,224
fold3_room7_mix002.csv,620,1,2,-49,-11,224
fold3_room7_mix002.csv,621,1,2,-49,-11,224
fold3_room7_mix002.csv,622,1,2,-49,-11,224
fold3_room7_mix002.csv,623,1,2,-49,-11,224
fold3_room7_mix002.csv,624,1,2,-49,-11,224
fold3_room7_mix002.csv,625,1,2,-49,-11,225
fold3_room7_mix002.csv,626,1,2,-49,-11,225
fold3_room7_mix002.csv,627,1,2,-49,-11,225
fold3_room7_mix002.csv,628,1,2,-49,-11,225
fold3_room7_mix002.csv,629,1,2,-49,-11,225
fold3_room7_mix002.csv,630,1,2,-49,-11,224
fold3_room7_mix002.csv,631,1,2,-49,-11,224
fold3_room7_mix002.csv,632,1,2,-49,-11,224
fold3_room7_mix002.csv,633,1,2,-49,-11,224
fold3_room7_mix002.csv,634,1,2,-49,-11,224
fold3_room7_mix002.csv,635,1,1,39,-17,288
fold3_room7_mix002.csv,636,1,1,39,-17,288
fold3_room7_mix002.csv,637,1,1,39,-17,288
fold3_room7_mix002.csv,638,1,1,39,-17,288
fold3_room7_mix002.csv,639,1,1,39,-17,288
fold3_room7_mix002.csv,640,1,1,39,-17,288
fold3_room7_mix002.csv,641,1,1,39,-17,288
fold3_room7_mix002.csv,642,1,1,39,-17,288
fold3_room7_mix002.csv,643,1,1,39,-17,288
fold3_room7_mix002.csv,644,1,1,39,-17,288
fold3_room7_mix002.csv,645,1,1,39,-17,288
fold3_room7_mix002.csv,646,1,1,39,-17,288
fold3_room7_mix002.csv,647,1,1,39,-17,288
fold3_room7_mix002.csv,648,1,1,38,-17,287
fold3_room7_mix002.csv,649,1,1,38,-17,287
fold3_room7_mix002.csv,650,1,1,38,-17,287
fold3_room7_mix002.csv,651,1,1,38,-17,287
fold3_room7_mix002.csv,652,1,1,38,-17,287
fold3_room7_mix002.csv,653,1,1,38,-17,287
fold3_room7_mix002.csv,654,1,1,38,-17,287
fold3_room7_mix002.csv,655,1,1,38,-17,287
fold3_room7_mix002.csv,656,1,1,39,-17,286
fold3_room7_mix002.csv,657,1,1,39,-17,286
fold3_room7_mix002.csv,658,1,1,39,-17,285
fold3_room7_mix002.csv,659,1,1,39,-17,284
fold3_room7_mix002.csv,660,1,1,39,-17,282
fold3_room7_mix002.csv,661,1,1,39,-17,280
fold3_room7_mix002.csv,662,1,1,40,-17,278
fold3_room7_mix002.csv,663,1,1,40,-17,277
fold3_room7_mix002.csv,664,1,1,40,-17,277
fold3_room7_mix002.csv,670,1,2,-49,-11,224
fold3_room7_mix002.csv,671,1,2,-49,-11,225
fold3_room7_mix002.csv,672,1,2,-49,-11,226
fold3_room7_mix002.csv,673,1,2,-49,-11,226
fold3_room7_mix002.csv,674,1,2,-49,-11,225
fold3_room7_mix002.csv,675,1,2,-49,-11,223
fold3_room7_mix002.csv,676,1,2,-49,-11,223
fold3_room7_mix002.csv,677,1,2,-49,-11,223
fold3_room7_mix002.csv,678,1,2,-49,-11,224
fold3_room7_mix002.csv,679,1,2,-49,-11,225
fold3_room7_mix002.csv,680,1,2,-49,-11,224
fold3_room7_mix002.csv,681,1,2,-49,-11,223
fold3_room7_mix002.csv,682,1,2,-49,-11,223
fold3_room7_mix002.csv,683,1,2,-49,-11,224
fold3_room7_mix002.csv,684,1,2,-49,-11,225
fold3_room7_mix002.csv,685,1,2,-49,-11,225
fold3_room7_mix002.csv,686,1,2,-49,-11,223
fold3_room7_mix002.csv,687,1,2,-49,-11,223
fold3_room7_mix002.csv,688,1,2,-49,-11,223
fold3_room7_mix002.csv,689,1,2,-49,-11,223
fold3_room7_mix002.csv,690,1,2,-49,-11,223
fold3_room7_mix002.csv,691,1,2,-49,-11,224
fold3_room7_mix002.csv,692,1,2,-49,-11,224
fold3_room7_mix002.csv,693,1,2,-49,-11,224
fold3_room7_mix002.csv,694,1,2,-49,-11,224
fold3_room7_mix002.csv,695,1,2,-49,-11,224
fold3_room7_mix002.csv,696,1,2,-49,-11,224
fold3_room7_mix002.csv,697,1,2,-49,-11,224
fold3_room7_mix002.csv,698,1,2,-49,-11,224
fold3_room7_mix002.csv,699,1,2,-49,-11,224
fold3_room7_mix002.csv,700,1,2,-49,-11,224
fold3_room7_mix002.csv,701,1,2,-49,-11,224
fold3_room7_mix002.csv,702,1,2,-49,-11,224
fold3_room7_mix002.csv,703,1,2,-49,-11,224
fold3_room7_mix002.csv,704,1,2,-49,-11,224
fold3_room7_mix002.csv,705,1,2,-49,-11,224
fold3_room7_mix002.csv,706,1,2,-49,-11,224
fold3_room7_mix002.csv,707,1,2,-49,-11,225
fold3_room7_mix002.csv,708,1,2,-49,-11,225
fold3_room7_mix002.csv,709,1,2,-49,-11,225
fold3_room7_mix002.csv,710,1,2,-49,-11,225
fold3_room7_mix002.csv,711,1,2,-49,-11,225
fold3_room7_mix002.csv,712,1,2,-49,-11,225
fold3_room7_mix002.csv,713,1,2,-49,-11,225
fold3_room7_mix002.csv,714,1,2,-49,-11,226
fold3_room7_mix002.csv,715,1,2,-49,-11,226
fold3_room7_mix002.csv,716,1,2,-49,-11,226
fold3_room7_mix002.csv,717,1,2,-49,-11,226
fold3_room7_mix002.csv,718,1,2,-49,-11,226
fold3_room7_mix002.csv,719,1,2,-49,-11,226
fold3_room7_mix002.csv,720,1,2,-49,-11,226
fold3_room7_mix002.csv,721,1,2,-49,-11,226
fold3_room7_mix002.csv,722,1,2,-49,-11,226
fold3_room7_mix002.csv,723,1,2,-49,-11,226
fold3_room7_mix002.csv,724,1,2,-49,-11,225
fold3_room7_mix002.csv,750,1,1,40,-17,279
fold3_room7_mix002.csv,751,1,1,40,-17,278
fold3_room7_mix002.csv,752,1,1,40,-17,279
fold3_room7_mix002.csv,753,1,1,40,-17,279
fold3_room7_mix002.csv,754,1,1,40,-17,279
fold3_room7_mix002.csv,755,1,2,-49,-11,224
fold3_room7_mix002.csv,756,1,2,-49,-11,224
fold3_room7_mix002.csv,757,1,2,-49,-11,224
fold3_room7_mix002.csv,758,1,2,-49,-11,224
fold3_room7_mix002.csv,759,1,2,-49,-11,224
fold3_room7_mix002.csv,760,1,2,-49,-11,224
fold3_room7_mix002.csv,761,1,2,-49,-11,224
fold3_room7_mix002.csv,762,1,2,-49,-11,224
fold3_room7_mix002.csv,763,1,2,-49,-11,224
fold3_room7_mix002.csv,764,1,2,-49,-11,224
fold3_room7_mix002.csv,765,1,2,-49,-11,224
fold3_room7_mix002.csv,766,1,2,-49,-11,224
fold3_room7_mix002.csv,767,1,2,-49,-11,224
fold3_room7_mix002.csv,768,1,2,-49,-11,224
fold3_room7_mix002.csv,769,1,2,-49,-11,224
fold3_room7_mix002.csv,770,1,2,-49,-11,224
fold3_room7_mix002.csv,771,1,2,-49,-11,224
fold3_room7_mix002.csv,772,1,2,-49,-11,224
fold3_room7_mix002.csv,773,1,2,-49,-11,223
fold3_room7_mix002.csv,774,1,2,-49,-11,223
fold3_room7_mix002.csv,775,1,2,-49,-11,223
fold3_room7_mix002.csv,776,1,2,-49,-11,223
fold3_room7_mix002.csv,777,1,2,-49,-11,223
fold3_room7_mix002.csv,778,1,2,-49,-11,223
fold3_room7_mix002.csv,779,1,2,-49,-11,224
fold3_room7_mix002.csv,780,1,2,-49,-11,224
fold3_room7_mix002.csv,781,1,2,-49,-11,223
fold3_room7_mix002.csv,782,1,2,-49,-11,223
fold3_room7_mix002.csv,783,1,2,-49,-11,222
fold3_room7_mix002.csv,784,1,2,-49,-11,222
fold3_room7_mix002.csv,785,1,2,-49,-11,223
fold3_room7_mix002.csv,786,1,2,-49,-11,223
fold3_room7_mix002.csv,787,1,2,-49,-11,223
fold3_room7_mix002.csv,788,1,2,-49,-11,223
fold3_room7_mix002.csv,789,1,2,-49,-11,223
fold3_room7_mix002.csv,790,1,2,-49,-11,224
fold3_room7_mix002.csv,791,1,2,-49,-11,225
fold3_room7_mix002.csv,792,1,2,-49,-11,225
fold3_room7_mix002.csv,793,1,2,-49,-11,225
fold3_room7_mix002.csv,794,1,2,-49,-11,225
fold3_room7_mix002.csv,795,1,2,-49,-11,225
fold3_room7_mix002.csv,796,1,2,-49,-11,225
fold3_room7_mix002.csv,797,1,2,-49,-11,225
fold3_room7_mix002.csv,798,1,2,-49,-11,225
fold3_room7_mix002.csv,799,1,2,-49,-11,225
fold3_room7_mix002.csv,800,1,2,-49,-11,225
fold3_room7_mix002.csv,801,1,2,-49,-11,225
fold3_room7_mix002.csv,802,1,2,-49,-11,224
fold3_room7_mix002.csv,803,1,2,-49,-11,224
fold3_room7_mix002.csv,804,1,2,-49,-11,225
fold3_room7_mix002.csv,805,1,2,-49,-11,225
fold3_room7_mix002.csv,806,1,2,-49,-11,225
fold3_room7_mix002.csv,807,1,2,-49,-11,225
fold3_room7_mix002.csv,808,1,2,-49,-11,224
fold3_room7_mix002.csv,809,1,2,-49,-11,224
fold3_room7_mix002.csv,810,1,1,38,-17,286
fold3_room7_mix002.csv,811,1,1,38,-17,288
fold3_room7_mix002.csv,812,1,1,38,-17,290
fold3_room7_mix002.csv,813,1,1,38,-17,291
fold3_room7_mix002.csv,814,1,1,38,-17,291
fold3_room7_mix002.csv,815,1,1,39,-16,289
fold3_room7_mix002.csv,816,1,1,39,-16,286
fold3_room7_mix002.csv,817,1,1,39,-16,283
fold3_room7_mix002.csv,818,1,1,40,-16,282
fold3_room7_mix002.csv,819,1,1,40,-16,282
fold3_room7_mix002.csv,820,1,2,-49,-11,224
fold3_room7_mix002.csv,821,1,2,-49,-11,224
fold3_room7_mix002.csv,822,1,2,-49,-11,224
fold3_room7_mix002.csv,823,1,2,-49,-11,224
fold3_room7_mix002.csv,824,1,2,-49,-11,224
fold3_room7_mix002.csv,825,1,2,-49,-11,224
fold3_room7_mix002.csv,826,1,2,-49,-11,224
fold3_room7_mix002.csv,827,1,2,-49,-11,223
fold3_room7_mix002.csv,828,1,2,-49,-11,223
fold3_room7_mix002.csv,829,1,2,-49,-11,223
fold3_room7_mix002.csv,830,1,2,-49,-11,224
fold3_room7_mix002.csv,831,1,2,-49,-11,224
fold3_room7_mix002.csv,832,1,2,-49,-11,224
fold3_room7_mix002.csv,833,1,2,-49,-11,224
fold3_room7_mix002.csv,834,1,2,-49,-11,224
fold3_room7_mix002.csv,835,1,2,-49,-11,224
fold3_room7_mix002.csv,836,1,2,-49,-11,224
fold3_room7_mix002.csv,837,1,2,-49,-11,224
fold3_room7_mix002.csv,838,1,2,-49,-11,224
fold3_room7_mix002.csv,839,1,2,-49,-11,224
fold3_room7_mix002.csv,840,1,2,-49,-11,224
fold3_room7_mix002.csv,841,1,2,-49,-11,224
fold3_room7_mix002.csv,842,1,2,-49,-11,224
fold3_room7_mix002.csv,843,1,2,-49,-11,224
fold3_room7_mix002.csv,844,1,2,-50,-11,223
fold3_room7_mix002.csv,845,1,2,-50,-11,222
fold3_room7_mix002.csv,846,1,2,-50,-11,222
fold3_room7_mix002.csv,847,1,2,-50,-11,223
fold3_room7_mix002.csv,848,1,2,-50,-11,224
fold3_room7_mix002.csv,849,1,2,-50,-11,224
fold3_room7_mix002.csv,850,1,2,-49,-11,224
fold3_room7_mix002.csv,851,1,2,-49,-11,224
fold3_room7_mix002.csv,852,1,2,-49,-11,224
fold3_room7_mix002.csv,853,1,2,-49,-11,225
fold3_room7_mix002.csv,854,1,2,-49,-11,225
fold3_room7_mix002.csv,855,1,2,-49,-11,225
fold3_room7_mix002.csv,856,1,2,-49,-11,225
fold3_room7_mix002.csv,857,1,2,-49,-11,225
fold3_room7_mix002.csv,858,1,2,-49,-11,225
fold3_room7_mix002.csv,859,1,2,-49,-11,225
fold3_room7_mix002.csv,860,1,2,-49,-11,225
fold3_room7_mix002.csv,861,1,2,-49,-11,225
fold3_room7_mix002.csv,862,1,2,-49,-11,225
fold3_room7_mix002.csv,863,1,2,-49,-11,224
fold3_room7_mix002.csv,864,1,2,-49,-11,224
fold3_room7_mix002.csv,865,1,2,-49,-11,224
fold3_room7_mix002.csv,866,1,2,-49,-11,225
fold3_room7_mix002.csv,867,1,2,-49,-11,225
fold3_room7_mix002.csv,868,1,2,-49,-11,225
fold3_room7_mix002.csv,869,1,2,-49,-11,225
fold3_room7_mix002.csv,870,1,2,-49,-11,225
fold3_room7_mix002.csv,871,1,2,-49,-11,225
fold3_room7_mix002.csv,872,1,2,-49,-11,225
fold3_room7_mix002.csv,873,1,2,-49,-11,225
fold3_room7_mix002.csv,874,1,2,-49,-11,226
fold3_room7_mix002.csv,875,1,2,-49,-11,226
fold3_room7_mix002.csv,876,1,2,-49,-11,226
fold3_room7_mix002.csv,877,1,2,-49,-11,225
fold3_room7_mix002.csv,878,1,2,-49,-11,225
fold3_room7_mix002.csv,879,1,2,-49,-11,225
fold3_room7_mix002.csv,880,1,2,-49,-11,225
fold3_room7_mix002.csv,881,1,2,-49,-11,226
fold3_room7_mix002.csv,882,1,2,-49,-11,225
fold3_room7_mix002.csv,883,1,2,-49,-11,225
fold3_room7_mix002.csv,884,1,2,-49,-11,225
fold3_room7_mix002.csv,885,1,2,-49,-11,226
fold3_room7_mix002.csv,886,1,2,-49,-11,226
fold3_room7_mix002.csv,887,1,2,-49,-11,226
fold3_room7_mix002.csv,888,1,2,-49,-11,226
fold3_room7_mix002.csv,889,1,2,-49,-11,225
fold3_room7_mix002.csv,895,1,2,-49,-11,225
fold3_room7_mix002.csv,896,1,2,-49,-11,225
fold3_room7_mix002.csv,897,1,2,-49,-11,225
fold3_room7_mix002.csv,898,1,2,-49,-11,226
fold3_room7_mix002.csv,899,1,2,-49,-11,226
fold3_room7_mix002.csv,900,1,2,-49,-11,226
fold3_room7_mix002.csv,901,1,2,-49,-11,225
fold3_room7_mix002.csv,902,1,2,-49,-11,226
fold3_room7_mix002.csv,903,1,2,-49,-11,226
fold3_room7_mix002.csv,904,1,2,-49,-11,226
fold3_room7_mix002.csv,905,1,2,-49,-11,226
fold3_room7_mix002.csv,906,1,2,-49,-11,225
fold3_room7_mix002.csv,907,1,2,-49,-11,225
fold3_room7_mix002.csv,908,1,2,-49,-11,226
fold3_room7_mix002.csv,909,1,2,-49,-11,226
fold3_room7_mix002.csv,915,1,2,-49,-11,225
fold3_room7_mix002.csv,916,1,2,-49,-11,225
fold3_room7_mix002.csv,917,1,2,-49,-11,225
fold3_room7_mix002.csv,918,1,2,-49,-11,226
fold3_room7_mix002.csv,919,1,2,-49,-11,225
fold3_room7_mix002.csv,920,1,2,-49,-11,225
fold3_room7_mix002.csv,921,1,2,-49,-11,225
fold3_room7_mix002.csv,922,1,2,-49,-11,225
fold3_room7_mix002.csv,923,1,2,-49,-11,225
fold3_room7_mix002.csv,924,1,2,-49,-11,225
fold3_room7_mix002.csv,925,1,2,-49,-11,225
fold3_room7_mix002.csv,926,1,2,-49,-11,225
fold3_room7_mix002.csv,927,1,2,-49,-11,225
fold3_room7_mix002.csv,928,1,2,-49,-11,225
fold3_room7_mix002.csv,929,1,2,-49,-11,225
fold3_room7_mix002.csv,930,1,2,-49,-11,225
fold3_room7_mix002.csv,931,1,2,-49,-11,225
fold3_room7_mix002.csv,932,1,2,-49,-11,225
fold3_room7_mix002.csv,933,1,2,-49,-11,225
fold3_room7_mix002.csv,934,1,2,-49,-11,225
fold3_room7_mix002.csv,940,1,1,39,-16,284
fold3_room7_mix002.csv,941,1,1,39,-16,285
fold3_room7_mix002.csv,942,1,1,39,-16,285
fold3_room7_mix002.csv,943,1,1,39,-17,286
fold3_room7_mix002.csv,944,1,1,38,-17,286
fold3_room7_mix002.csv,945,1,2,-49,-11,224
fold3_room7_mix002.csv,946,1,2,-49,-11,224
fold3_room7_mix002.csv,947,1,2,-49,-11,223
fold3_room7_mix002.csv,948,1,2,-49,-11,224
fold3_room7_mix002.csv,949,1,2,-49,-11,224
fold3_room7_mix002.csv,950,1,2,-49,-11,224
fold3_room7_mix002.csv,951,1,2,-49,-11,224
fold3_room7_mix002.csv,952,1,2,-49,-11,223
fold3_room7_mix002.csv,953,1,2,-49,-11,223
fold3_room7_mix002.csv,954,1,2,-49,-11,223
fold3_room7_mix002.csv,955,1,2,-49,-11,224
fold3_room7_mix002.csv,956,1,2,-49,-11,224
fold3_room7_mix002.csv,957,1,2,-49,-11,224
fold3_room7_mix002.csv,958,1,2,-49,-11,224
fold3_room7_mix002.csv,959,1,2,-49,-11,223
fold3_room7_mix002.csv,960,1,2,-49,-11,223
fold3_room7_mix002.csv,961,1,2,-49,-11,224
fold3_room7_mix002.csv,962,1,2,-49,-11,224
fold3_room7_mix002.csv,963,1,2,-49,-11,224
fold3_room7_mix002.csv,964,1,2,-49,-11,224
fold3_room7_mix002.csv,965,1,2,-49,-11,224
fold3_room7_mix002.csv,966,1,2,-49,-11,224
fold3_room7_mix002.csv,967,1,2,-49,-11,224
fold3_room7_mix002.csv,968,1,2,-49,-11,224
fold3_room7_mix002.csv,969,1,2,-49,-11,224
fold3_room7_mix002.csv,970,1,2,-49,-11,225
fold3_room7_mix002.csv,971,1,2,-49,-11,226
fold3_room7_mix002.csv,972,1,2,-49,-11,227
fold3_room7_mix002.csv,973,1,2,-49,-11,226
fold3_room7_mix002.csv,974,1,2,-49,-11,226
fold3_room7_mix002.csv,975,1,2,-49,-11,225
fold3_room7_mix002.csv,976,1,2,-49,-11,225
fold3_room7_mix002.csv,977,1,2,-49,-11,225
fold3_room7_mix002.csv,978,1,2,-49,-11,225
fold3_room7_mix002.csv,979,1,2,-49,-11,224
fold3_room7_mix002.csv,980,1,2,-49,-11,224
fold3_room7_mix002.csv,981,1,2,-49,-11,225
fold3_room7_mix002.csv,982,1,2,-49,-11,225
fold3_room7_mix002.csv,983,1,2,-49,-11,225
fold3_room7_mix002.csv,984,1,2,-49,-11,226
fold3_room7_mix002.csv,985,1,2,-49,-11,225
fold3_room7_mix002.csv,986,1,2,-49,-11,225
fold3_room7_mix002.csv,987,1,2,-49,-11,225
fold3_room7_mix002.csv,988,1,2,-49,-11,226
fold3_room7_mix002.csv,989,1,2,-49,-11,226
fold3_room7_mix002.csv,990,1,2,-49,-11,226
fold3_room7_mix002.csv,991,1,2,-49,-11,225
fold3_room7_mix002.csv,992,1,2,-49,-11,226
fold3_room7_mix002.csv,993,1,2,-49,-11,226
fold3_room7_mix002.csv,994,1,2,-49,-11,225
fold3_room7_mix002.csv,995,1,2,-49,-11,225
fold3_room7_mix002.csv,996,1,2,-50,-11,225
fold3_room7_mix002.csv,997,1,2,-51,-11,224
fold3_room7_mix002.csv,998,1,2,-51,-11,223
fold3_room7_mix002.csv,999,1,2,-51,-11,223
fold3_room7_mix002.csv,1000,1,2,-51,-11,224
fold3_room7_mix002.csv,1001,1,2,-50,-11,224
fold3_room7_mix002.csv,1002,1,2,-50,-11,224
fold3_room7_mix002.csv,1003,1,2,-50,-11,224
fold3_room7_mix002.csv,1004,1,2,-50,-11,224
fold3_room7_mix002.csv,1005,1,2,-50,-11,224
fold3_room7_mix002.csv,1006,1,2,-50,-11,224
fold3_room7_mix002.csv,1007,1,2,-50,-11,224
fold3_room7_mix002.csv,1008,1,2,-50,-11,224
fold3_room7_mix002.csv,1009,1,2,-50,-11,224
fold3_room7_mix002.csv,1010,1,2,-50,-11,223
fold3_room7_mix002.csv,1011,1,2,-50,-11,223
fold3_room7_mix002.csv,1012,1,2,-50,-11,223
fold3_room7_mix002.csv,1013,1,2,-50,-11,223
fold3_room7_mix002.csv,1014,1,2,-50,-11,223
fold3_room7_mix002.csv,1015,1,2,-50,-11,223
fold3_room7_mix002.csv,1016,1,2,-50,-11,223
fold3_room7_mix002.csv,1017,1,2,-50,-11,222
fold3_room7_mix002.csv,1018,1,2,-50,-11,222
fold3_room7_mix002.csv,1019,1,2,-50,-11,223
fold3_room7_mix002.csv,1020,1,2,-50,-11,223
fold3_room7_mix002.csv,1021,1,2,-50,-11,223
fold3_room7_mix002.csv,1022,1,2,-50,-11,223
fold3_room7_mix002.csv,1023,1,2,-50,-11,223
fold3_room7_mix002.csv,1024,1,2,-50,-11,223
fold3_room7_mix002.csv,1050,1,2,-49,-11,228
fold3_room7_mix002.csv,1051,1,2,-49,-11,228
fold3_room7_mix002.csv,1052,1,2,-49,-11,228
fold3_room7_mix002.csv,1053,1,2,-49,-11,227
fold3_room7_mix002.csv,1054,1,2,-50,-11,227
fold3_room7_mix002.csv,1065,1,2,-50,-11,226
fold3_room7_mix002.csv,1066,1,2,-50,-11,226
fold3_room7_mix002.csv,1067,1,2,-50,-11,226
fold3_room7_mix002.csv,1068,1,2,-50,-11,226
fold3_room7_mix002.csv,1069,1,2,-50,-11,225
fold3_room7_mix002.csv,1070,1,2,-50,-11,225
fold3_room7_mix002.csv,1071,1,2,-50,-11,225
fold3_room7_mix002.csv,1072,1,2,-50,-11,225
fold3_room7_mix002.csv,1073,1,2,-50,-11,225
fold3_room7_mix002.csv,1074,1,2,-50,-11,226
fold3_room7_mix002.csv,1075,1,2,-50,-11,226
fold3_room7_mix002.csv,1076,1,2,-50,-11,226
fold3_room7_mix002.csv,1077,1,2,-49,-11,226
fold3_room7_mix002.csv,1078,1,2,-49,-11,226
fold3_room7_mix002.csv,1079,1,2,-49,-11,226
fold3_room7_mix002.csv,1080,1,2,-49,-11,226
fold3_room7_mix002.csv,1081,1,2,-49,-11,226
fold3_room7_mix002.csv,1082,1,2,-49,-11,226
fold3_room7_mix002.csv,1083,1,2,-49,-11,226
fold3_room7_mix002.csv,1084,1,2,-49,-11,226
fold3_room7_mix002.csv,1085,1,2,-49,-11,226
fold3_room7_mix002.csv,1086,1,2,-49,-11,226
fold3_room7_mix002.csv,1087,1,2,-49,-11,226
fold3_room7_mix002.csv,1088,1,2,-49,-11,226
fold3_room7_mix002.csv,1089,1,2,-49,-11,226
fold3_room7_mix002.csv,1095,1,1,38,-17,284
fold3_room7_mix002.csv,1096,1,1,38,-17,284
fold3_room7_mix002.csv,1097,1,1,38,-17,284
fold3_room7_mix002.csv,1098,1,1,38,-17,284
fold3_room7_mix002.csv,1099,1,1,38,-17,284
fold3_room7_mix002.csv,1100,1,1,38,-17,284
fold3_room7_mix002.csv,1101,1,1,38,-17,285
fold3_room7_mix002.csv,1102,1,1,38,-17,285
fold3_room7_mix002.csv,1103,1,1,38,-17,285
fold3_room7_mix002.csv,1104,1,1,38,-17,285
fold3_room7_mix002.csv,1105,1,1,38,-17,285
fold3_room7_mix002.csv,1106,1,1,38,-17,284
fold3_room7_mix002.csv,1107,1,1,38,-17,284
fold3_room7_mix002.csv,1108,1,1,38,-17,285
fold3_room7_mix002.csv,1109,1,1,38,-17,285
fold3_room7_mix002.csv,1110,1,1,38,-17,285
fold3_room7_mix002.csv,1111,1,1,38,-17,285
fold3_room7_mix002.csv,1112,1,1,38,-17,285
fold3_room7_mix002.csv,1113,1,1,38,-17,285
fold3_room7_mix002.csv,1114,1,1,38,-17,285
fold3_room7_mix002.csv,1120,1,2,-49,-11,226
fold3_room7_mix002.csv,1121,1,2,-49,-11,226
fold3_room7_mix002.csv,1122,1,2,-49,-11,226
fold3_room7_mix002.csv,1123,1,2,-49,-11,226
fold3_room7_mix002.csv,1124,1,2,-49,-11,226
fold3_room7_mix002.csv,1125,1,2,-49,-11,226
fold3_room7_mix002.csv,1126,1,2,-49,-11,227
fold3_room7_mix002.csv,1127,1,2,-49,-11,227
fold3_room7_mix002.csv,1128,1,2,-49,-11,226
fold3_room7_mix002.csv,1129,1,2,-49,-11,226
fold3_room7_mix002.csv,1130,1,2,-49,-11,226
fold3_room7_mix002.csv,1131,1,2,-49,-11,226
fold3_room7_mix002.csv,1132,1,2,-49,-11,226
fold3_room7_mix002.csv,1133,1,2,-49,-11,226
fold3_room7_mix002.csv,1134,1,2,-49,-11,226
fold3_room7_mix002.csv,1135,1,2,-49,-11,226
fold3_room7_mix002.csv,1136,1,2,-49,-11,226
fold3_room7_mix002.csv,1137,1,2,-49,-11,226
fold3_room7_mix002.csv,1138,1,2,-49,-11,226
fold3_room7_mix002.csv,1139,1,2,-49,-11,226
fold3_room7_mix002.csv,1145,1,1,38,-17,285
fold3_room7_mix002.csv,1146,1,1,38,-17,285
fold3_room7_mix002.csv,1147,1,1,38,-17,285
fold3_room7_mix002.csv,1148,1,1,38,-17,285
fold3_room7_mix002.csv,1149,1,1,38,-17,285
fold3_room7_mix002.csv,1150,1,1,38,-17,285
fold3_room7_mix002.csv,1151,1,1,38,-17,285
fold3_room7_mix002.csv,1152,1,1,38,-17,285
fold3_room7_mix002.csv,1153,1,1,38,-17,285
fold3_room7_mix002.csv,1154,1,1,38,-17,285
fold3_room7_mix002.csv,1155,1,1,38,-17,285
fold3_room7_mix002.csv,1156,1,1,38,-17,285
fold3_room7_mix002.csv,1157,1,1,38,-17,285
fold3_room7_mix002.csv,1158,1,1,38,-17,285
fold3_room7_mix002.csv,1159,1,1,38,-17,285
fold3_room7_mix002.csv,1160,1,1,38,-17,285
fold3_room7_mix002.csv,1161,1,1,38,-17,285
fold3_room7_mix002.csv,1162,1,1,38,-17,285
fold3_room7_mix002.csv,1163,1,1,38,-17,285
fold3_room7_mix002.csv,1164,1,1,38,-17,285
fold3_room7_mix002.csv,1165,1,1,38,-17,285
fold3_room7_mix002.csv,1166,1,1,38,-17,285
fold3_room7_mix002.csv,1167,1,1,38,-17,285
fold3_room7_mix002.csv,1168,1,1,38,-17,285
fold3_room7_mix002.csv,1169,1,1,38,-17,285
fold3_room7_mix002.csv,1170,1,1,38,-17,285
fold3_room7_mix002.csv,1171,1,1,38,-17,285
fold3_room7_mix002.csv,1172,1,1,38,-17,285
fold3_room7_mix002.csv,1173,1,1,38,-17,285
fold3_room7_mix002.csv,1174,1,1,38,-17,285
fold3_room7_mix002.csv,1175,1,1,38,-17,285
fold3_room7_mix002.csv,1176,1,1,38,-17,285
fold3_room7_mix002.csv,1177,1,1,38,-17,285
fold3_room7_mix002.csv,1178,1,1,38,-17,285
fold3_room7_mix002.csv,1179,1,1,38,-17,285
fold3_room7_mix002.csv,1180,1,1,38,-17,285
fold3_room7_mix002.csv,1181,1,1,38,-17,285
fold3_room7_mix002.csv,1182,1,1,38,-17,285
fold3_room7_mix002.csv,1183,1,1,38,-17,284
fold3_room7_mix002.csv,1184,1,1,38,-17,284
fold3_room7_mix002.csv,1185,1,1,38,-17,285
fold3_room7_mix002.csv,1186,1,1,38,-17,285
fold3_room7_mix002.csv,1187,1,1,38,-17,285
fold3_room7_mix002.csv,1188,1,1,38,-17,285
fold3_room7_mix002.csv,1189,1,1,38,-17,285
fold3_room7_mix002.csv,1190,1,1,38,-17,285
fold3_room7_mix002.csv,1191,1,1,38,-17,285
fold3_room7_mix002.csv,1192,1,1,38,-17,285
fold3_room7_mix002.csv,1193,1,1,38,-17,285
fold3_room7_mix002.csv,1194,1,1,38,-17,285
fold3_room7_mix002.csv,1195,1,1,38,-17,285
fold3_room7_mix002.csv,1196,1,1,38,-17,285
fold3_room7_mix002.csv,1197,1,1,38,-17,285
fold3_room7_mix002.csv,1198,1,1,38,-17,285
fold3_room7_mix002.csv,1199,1,1,38,-17,285
fold3_room7_mix002.csv,1205,1,1,38,-17,284
fold3_room7_mix002.csv,1206,1,1,38,-17,285
fold3_room7_mix002.csv,1207,1,1,38,-17,285
fold3_room7_mix002.csv,1208,1,1,38,-17,285
fold3_room7_mix002.csv,1209,1,1,38,-17,285
fold3_room7_mix002.csv,1215,1,2,-50,-11,224
fold3_room7_mix002.csv,1216,1,2,-50,-11,224
fold3_room7_mix002.csv,1217,1,2,-50,-11,224
fold3_room7_mix002.csv,1218,1,2,-50,-11,224
fold3_room7_mix002.csv,1219,1,2,-50,-11,224
fold3_room7_mix002.csv,1220,1,2,-50,-11,225
fold3_room7_mix002.csv,1221,1,2,-50,-11,225
fold3_room7_mix002.csv,1222,1,2,-50,-11,225
fold3_room7_mix002.csv,1223,1,2,-50,-11,225
fold3_room7_mix002.csv,1224,1,2,-50,-11,225
fold3_room7_mix002.csv,1225,1,2,-50,-11,225
fold3_room7_mix002.csv,1226,1,2,-50,-11,225
fold3_room7_mix002.csv,1227,1,2,-50,-11,225
fold3_room7_mix002.csv,1228,1,2,-50,-11,225
fold3_room7_mix002.csv,1229,1,2,-50,-11,225
fold3_room7_mix002.csv,1230,1,2,-50,-11,225
fold3_room7_mix002.csv,1231,1,2,-50,-11,225
fold3_room7_mix002.csv,1232,1,2,-50,-11,225
fold3_room7_mix002.csv,1233,1,2,-50,-11,225
fold3_room7_mix002.csv,1234,1,2,-50,-11,225
fold3_room7_mix002.csv,1235,1,2,-50,-11,225
fold3_room7_mix002.csv,1236,1,2,-50,-11,225
fold3_room7_mix002.csv,1237,1,2,-50,-11,225
fold3_room7_mix002.csv,1238,1,2,-50,-11,225
fold3_room7_mix002.csv,1239,1,2,-50,-11,225
fold3_room7_mix002.csv,1250,1,1,39,-17,283
fold3_room7_mix002.csv,1251,1,1,39,-17,283
fold3_room7_mix002.csv,1252,1,1,39,-17,283
fold3_room7_mix002.csv,1253,1,1,39,-17,283
fold3_room7_mix002.csv,1254,1,1,39,-17,284
fold3_room7_mix002.csv,1255,1,1,38,-17,285
fold3_room7_mix002.csv,1256,1,1,38,-17,286
fold3_room7_mix002.csv,1257,1,1,38,-17,287
fold3_room7_mix002.csv,1258,1,1,38,-16,287
fold3_room7_mix002.csv,1259,1,1,38,-17,286
fold3_room7_mix002.csv,1260,1,1,38,-17,285
fold3_room7_mix002.csv,1261,1,1,39,-17,284
fold3_room7_mix002.csv,1262,1,1,39,-17,283
fold3_room7_mix002.csv,1263,1,1,39,-17,282
fold3_room7_mix002.csv,1264,1,1,39,-17,282
fold3_room7_mix002.csv,1265,1,1,39,-17,283
fold3_room7_mix002.csv,1266,1,1,39,-17,283
fold3_room7_mix002.csv,1267,1,1,39,-17,284
fold3_room7_mix002.csv,1268,1,1,39,-17,284
fold3_room7_mix002.csv,1269,1,1,38,-17,285
fold3_room7_mix002.csv,1270,1,1,38,-17,284
fold3_room7_mix002.csv,1271,1,1,38,-17,283
fold3_room7_mix002.csv,1272,1,1,38,-17,283
fold3_room7_mix002.csv,1273,1,1,38,-17,284
fold3_room7_mix002.csv,1274,1,1,39,-17,284
fold3_room7_mix002.csv,1285,1,2,-50,-11,226
fold3_room7_mix002.csv,1286,1,2,-50,-11,226
fold3_room7_mix002.csv,1287,1,2,-50,-11,226
fold3_room7_mix002.csv,1288,1,2,-50,-11,226
fold3_room7_mix002.csv,1289,1,2,-50,-11,226
fold3_room7_mix002.csv,1290,1,2,-50,-11,226
fold3_room7_mix002.csv,1291,1,2,-50,-11,226
fold3_room7_mix002.csv,1292,1,2,-49,-11,226
fold3_room7_mix002.csv,1293,1,2,-49,-11,226
fold3_room7_mix002.csv,1294,1,2,-49,-11,226
fold3_room7_mix002.csv,1305,1,1,40,-16,282
fold3_room7_mix002.csv,1306,1,1,40,-16,282
fold3_room7_mix002.csv,1307,1,1,39,-16,282
fold3_room7_mix002.csv,1308,1,1,39,-16,283
fold3_room7_mix002.csv,1309,1,1,39,-16,283
fold3_room7_mix002.csv,1310,1,1,40,-16,283
fold3_room7_mix002.csv,1311,1,1,40,-16,283
fold3_room7_mix002.csv,1312,1,1,40,-16,283
fold3_room7_mix002.csv,1313,1,1,40,-16,282
fold3_room7_mix002.csv,1314,1,1,40,-16,282
fold3_room7_mix002.csv,1315,1,1,40,-16,282
fold3_room7_mix002.csv,1316,1,1,40,-16,282
fold3_room7_mix002.csv,1317,1,1,39,-16,282
fold3_room7_mix002.csv,1318,1,1,39,-17,282
fold3_room7_mix002.csv,1319,1,1,39,-17,282
fold3_room7_mix002.csv,1320,1,1,39,-17,282
fold3_room7_mix002.csv,1321,1,1,39,-17,282
fold3_room7_mix002.csv,1322,1,1,39,-17,282
fold3_room7_mix002.csv,1323,1,1,39,-17,281
fold3_room7_mix002.csv,1324,1,1,39,-17,282
fold3_room7_mix002.csv,1325,1,2,-49,-11,225
fold3_room7_mix002.csv,1326,1,2,-49,-11,226
fold3_room7_mix002.csv,1327,1,2,-49,-11,226
fold3_room7_mix002.csv,1328,1,2,-50,-11,226
fold3_room7_mix002.csv,1329,1,2,-50,-11,227
fold3_room7_mix002.csv,1330,1,2,-50,-11,228
fold3_room7_mix002.csv,1331,1,2,-50,-11,228
fold3_room7_mix002.csv,1332,1,2,-50,-11,228
fold3_room7_mix002.csv,1333,1,2,-50,-11,228
fold3_room7_mix002.csv,1334,1,2,-50,-11,228
fold3_room7_mix002.csv,1335,1,2,-50,-11,228
fold3_room7_mix002.csv,1336,1,2,-50,-11,228
fold3_room7_mix002.csv,1337,1,2,-50,-11,228
fold3_room7_mix002.csv,1338,1,2,-50,-11,228
fold3_room7_mix002.csv,1339,1,2,-49,-11,228
fold3_room7_mix002.csv,1340,1,2,-49,-11,228
fold3_room7_mix002.csv,1341,1,2,-49,-11,228
fold3_room7_mix002.csv,1342,1,2,-49,-11,228
fold3_room7_mix002.csv,1343,1,2,-49,-11,228
fold3_room7_mix002.csv,1344,1,2,-49,-11,228
fold3_room7_mix002.csv,1345,1,2,-49,-11,228
fold3_room7_mix002.csv,1346,1,2,-49,-11,227
fold3_room7_mix002.csv,1347,1,2,-49,-11,227
fold3_room7_mix002.csv,1348,1,2,-49,-11,227
fold3_room7_mix002.csv,1349,1,2,-49,-11,227
fold3_room7_mix002.csv,1350,1,1,40,-17,281
fold3_room7_mix002.csv,1351,1,1,40,-16,281
fold3_room7_mix002.csv,1352,1,1,40,-16,282
fold3_room7_mix002.csv,1353,1,1,40,-16,283
fold3_room7_mix002.csv,1354,1,1,39,-16,283
fold3_room7_mix002.csv,1355,1,1,39,-16,282
fold3_room7_mix002.csv,1356,1,1,39,-16,282
fold3_room7_mix002.csv,1357,1,1,39,-16,282
fold3_room7_mix002.csv,1358,1,1,39,-16,282
fold3_room7_mix002.csv,1359,1,1,39,-16,283
fold3_room7_mix002.csv,1360,1,1,39,-16,282
fold3_room7_mix002.csv,1361,1,1,39,-16,282
fold3_room7_mix002.csv,1362,1,1,39,-16,282
fold3_room7_mix002.csv,1363,1,1,39,-16,283
fold3_room7_mix002.csv,1364,1,1,39,-16,283
fold3_room7_mix002.csv,1365,1,1,39,-16,283
fold3_room7_mix002.csv,1366,1,1,39,-16,283
fold3_room7_mix002.csv,1367,1,1,39,-16,282
fold3_room7_mix002.csv,1368,1,1,40,-17,282
fold3_room7_mix002.csv,1369,1,1,40,-17,281
fold3_room7_mix002.csv,1370,1,1,40,-17,281
fold3_room7_mix002.csv,1371,1,1,40,-17,281
fold3_room7_mix002.csv,1372,1,1,39,-17,281
fold3_room7_mix002.csv,1373,1,1,39,-17,281
fold3_room7_mix002.csv,1374,1,1,39,-17,281
fold3_room7_mix002.csv,1375,1,1,39,-17,281
fold3_room7_mix002.csv,1376,1,1,39,-17,281
fold3_room7_mix002.csv,1377,1,1,39,-17,281
fold3_room7_mix002.csv,1378,1,1,39,-17,281
fold3_room7_mix002.csv,1379,1,1,39,-17,281
fold3_room7_mix002.csv,1380,1,1,39,-17,281
fold3_room7_mix002.csv,1381,1,1,39,-17,281
fold3_room7_mix002.csv,1382,1,1,39,-17,281
fold3_room7_mix002.csv,1383,1,1,39,-17,281
fold3_room7_mix002.csv,1384,1,1,39,-17,281
fold3_room7_mix002.csv,1385,1,2,-49,-11,226
fold3_room7_mix002.csv,1386,1,2,-49,-11,226
fold3_room7_mix002.csv,1387,1,2,-49,-11,226
fold3_room7_mix002.csv,1388,1,2,-49,-11,225
fold3_room7_mix002.csv,1389,1,2,-50,-11,226
fold3_room7_mix002.csv,1390,1,2,-50,-11,228
fold3_room7_mix002.csv,1391,1,2,-50,-11,228
fold3_room7_mix002.csv,1392,1,2,-50,-11,227
fold3_room7_mix002.csv,1393,1,2,-50,-11,226
fold3_room7_mix002.csv,1394,1,2,-50,-11,226
fold3_room7_mix002.csv,1395,1,2,-50,-11,226
fold3_room7_mix002.csv,1396,1,2,-50,-11,226
fold3_room7_mix002.csv,1397,1,2,-50,-11,226
fold3_room7_mix002.csv,1398,1,2,-50,-11,226
fold3_room7_mix002.csv,1399,1,2,-50,-11,226
fold3_room7_mix002.csv,1400,1,2,-50,-11,226
fold3_room7_mix002.csv,1401,1,2,-50,-11,226
fold3_room7_mix002.csv,1402,1,2,-50,-11,226
fold3_room7_mix002.csv,1403,1,2,-50,-11,226
fold3_room7_mix002.csv,1404,1,2,-50,-11,226
fold3_room7_mix002.csv,1405,1,2,-50,-11,226
fold3_room7_mix002.csv,1406,1,2,-50,-11,226
fold3_room7_mix002.csv,1407,1,2,-50,-11,226
fold3_room7_mix002.csv,1408,1,2,-50,-11,226
fold3_room7_mix002.csv,1409,1,2,-50,-11,226
fold3_room7_mix002.csv,1410,1,2,-49,-11,226
fold3_room7_mix002.csv,1411,1,2,-49,-11,226
fold3_room7_mix002.csv,1412,1,2,-49,-11,226
fold3_room7_mix002.csv,1413,1,2,-49,-11,226
fold3_room7_mix002.csv,1414,1,2,-49,-11,226
fold3_room7_mix002.csv,1415,1,2,-49,-11,226
fold3_room7_mix002.csv,1416,1,2,-49,-11,225
fold3_room7_mix002.csv,1417,1,2,-49,-11,225
fold3_room7_mix002.csv,1418,1,2,-49,-11,224
fold3_room7_mix002.csv,1419,1,2,-49,-11,224
fold3_room7_mix002.csv,1420,1,2,-49,-11,224
fold3_room7_mix002.csv,1421,1,2,-49,-11,224
fold3_room7_mix002.csv,1422,1,2,-49,-11,224
fold3_room7_mix002.csv,1423,1,2,-49,-11,224
fold3_room7_mix002.csv,1424,1,2,-49,-11,224
fold3_room7_mix002.csv,1425,1,2,-49,-11,223
fold3_room7_mix002.csv,1426,1,2,-49,-11,223
fold3_room7_mix002.csv,1427,1,2,-49,-11,223
fold3_room7_mix002.csv,1428,1,2,-49,-11,223
fold3_room7_mix002.csv,1429,1,2,-49,-11,224
fold3_room7_mix002.csv,1430,1,2,-49,-11,224
fold3_room7_mix002.csv,1431,1,2,-49,-11,224
fold3_room7_mix002.csv,1432,1,2,-49,-11,224
fold3_room7_mix002.csv,1433,1,2,-49,-11,224
fold3_room7_mix002.csv,1434,1,2,-49,-11,224
fold3_room7_mix002.csv,1435,1,2,-49,-11,224
fold3_room7_mix002.csv,1436,1,2,-49,-11,224
fold3_room7_mix002.csv,1437,1,2,-49,-11,224
fold3_room7_mix002.csv,1438,1,2,-49,-11,224
fold3_room7_mix002.csv,1439,1,2,-49,-11,224
fold3_room7_mix002.csv,1440,1,2,-49,-11,224
fold3_room7_mix002.csv,1441,1,2,-49,-11,224
fold3_room7_mix002.csv,1442,1,2,-49,-11,224
fold3_room7_mix002.csv,1443,1,2,-49,-11,224
fold3_room7_mix002.csv,1444,1,2,-49,-11,224
fold3_room7_mix002.csv,1445,1,2,-49,-11,225
fold3_room7_mix002.csv,1446,1,2,-49,-11,225
fold3_room7_mix002.csv,1447,1,2,-49,-11,225
fold3_room7_mix002.csv,1448,1,2,-49,-11,225
fold3_room7_mix002.csv,1449,1,2,-49,-11,225
fold3_room7_mix002.csv,1450,1,2,-49,-11,225
fold3_room7_mix002.csv,1451,1,2,-49,-11,225
fold3_room7_mix002.csv,1452,1,2,-49,-11,226
fold3_room7_mix002.csv,1453,1,2,-49,-11,226
fold3_room7_mix002.csv,1454,1,2,-49,-11,226
fold3_room7_mix002.csv,1455,1,2,-49,-11,227
fold3_room7_mix002.csv,1456,1,2,-49,-11,227
fold3_room7_mix002.csv,1457,1,2,-49,-11,228
fold3_room7_mix002.csv,1458,1,2,-49,-11,228
fold3_room7_mix002.csv,1459,1,2,-49,-11,228
fold3_room7_mix002.csv,1460,1,2,-49,-11,228
fold3_room7_mix002.csv,1461,1,2,-49,-11,229
fold3_room7_mix002.csv,1462,1,2,-49,-11,229
fold3_room7_mix002.csv,1463,1,2,-49,-11,229
fold3_room7_mix002.csv,1464,1,2,-49,-11,229
fold3_room7_mix002.csv,1465,1,2,-49,-11,229
fold3_room7_mix002.csv,1466,1,2,-49,-11,229
fold3_room7_mix002.csv,1467,1,2,-50,-11,230
fold3_room7_mix002.csv,1468,1,2,-50,-11,230
fold3_room7_mix002.csv,1469,1,2,-50,-11,230
fold3_room7_mix002.csv,1470,1,2,-49,-11,230
fold3_room7_mix002.csv,1471,1,2,-49,-11,230
fold3_room7_mix002.csv,1472,1,2,-49,-11,228
fold3_room7_mix002.csv,1473,1,2,-49,-11,227
fold3_room7_mix002.csv,1474,1,2,-50,-11,226
fold3_room7_mix002.csv,1475,1,2,-50,-11,226
fold3_room7_mix002.csv,1476,1,2,-50,-11,226
fold3_room7_mix002.csv,1477,1,2,-50,-11,226
fold3_room7_mix002.csv,1478,1,2,-50,-11,226
fold3_room7_mix002.csv,1479,1,2,-50,-11,226
fold3_room7_mix002.csv,1480,1,2,-50,-11,226
fold3_room7_mix002.csv,1481,1,2,-50,-11,226
fold3_room7_mix002.csv,1482,1,2,-50,-11,226
fold3_room7_mix002.csv,1483,1,2,-50,-11,225
fold3_room7_mix002.csv,1484,1,2,-50,-11,225
fold3_room7_mix002.csv,1495,1,1,41,-16,254
fold3_room7_mix002.csv,1496,1,1,41,-16,254
fold3_room7_mix002.csv,1497,1,1,40,-16,254
fold3_room7_mix002.csv,1498,1,1,40,-16,255
fold3_room7_mix002.csv,1499,1,1,40,-16,256
fold3_room7_mix002.csv,1500,1,1,39,-16,257
fold3_room7_mix002.csv,1501,1,1,39,-16,259
fold3_room7_mix002.csv,1502,1,1,39,-16,260
fold3_room7_mix002.csv,1503,1,1,39,-16,261
fold3_room7_mix002.csv,1504,1,1,39,-16,262
fold3_room7_mix002.csv,1525,1,1,38,-16,264
fold3_room7_mix002.csv,1526,1,1,38,-16,264
fold3_room7_mix002.csv,1527,1,1,38,-16,263
fold3_room7_mix002.csv,1528,1,1,38,-16,262
fold3_room7_mix002.csv,1529,1,1,39,-16,262
fold3_room7_mix002.csv,1530,1,1,39,-16,262
fold3_room7_mix002.csv,1531,1,1,39,-16,261
fold3_room7_mix002.csv,1532,1,1,39,-16,260
fold3_room7_mix002.csv,1533,1,1,40,-16,260
fold3_room7_mix002.csv,1534,1,1,40,-16,260
fold3_room7_mix002.csv,1535,1,1,40,-16,260
fold3_room7_mix002.csv,1536,1,1,40,-16,259
fold3_room7_mix002.csv,1537,1,1,40,-16,259
fold3_room7_mix002.csv,1538,1,1,40,-16,259
fold3_room7_mix002.csv,1539,1,1,39,-16,260
fold3_room7_mix002.csv,1540,1,1,39,-16,261
fold3_room7_mix002.csv,1541,1,1,39,-16,261
fold3_room7_mix002.csv,1542,1,1,39,-16,261
fold3_room7_mix002.csv,1543,1,1,39,-16,260
fold3_room7_mix002.csv,1544,1,1,40,-17,260
fold3_room7_mix002.csv,1545,1,1,40,-17,261
fold3_room7_mix002.csv,1546,1,1,40,-17,261
fold3_room7_mix002.csv,1547,1,1,40,-17,262
fold3_room7_mix002.csv,1548,1,1,40,-16,263
fold3_room7_mix002.csv,1549,1,1,39,-16,263
fold3_room7_mix002.csv,1550,1,2,-54,-12,206
fold3_room7_mix002.csv,1551,1,2,-54,-12,204
fold3_room7_mix002.csv,1552,1,2,-54,-13,201
fold3_room7_mix002.csv,1553,1,2,-55,-13,197
fold3_room7_mix002.csv,1554,1,2,-55,-13,194
fold3_room7_mix002.csv,1555,1,2,-55,-14,192
fold3_room7_mix002.csv,1556,1,2,-56,-14,191
fold3_room7_mix002.csv,1557,1,2,-56,-14,190
fold3_room7_mix002.csv,1558,1,2,-56,-14,189
fold3_room7_mix002.csv,1559,1,2,-56,-14,189
fold3_room7_mix002.csv,1560,1,2,-56,-14,188
fold3_room7_mix002.csv,1561,1,2,-56,-14,188
fold3_room7_mix002.csv,1562,1,2,-56,-14,188
fold3_room7_mix002.csv,1563,1,2,-56,-14,188
fold3_room7_mix002.csv,1564,1,2,-56,-14,188
fold3_room7_mix002.csv,1565,1,2,-55,-14,188
fold3_room7_mix002.csv,1566,1,2,-55,-14,188
fold3_room7_mix002.csv,1567,1,2,-55,-14,188
fold3_room7_mix002.csv,1568,1,2,-55,-14,188
fold3_room7_mix002.csv,1569,1,2,-55,-14,187
fold3_room7_mix002.csv,1570,1,2,-55,-14,187
fold3_room7_mix002.csv,1571,1,2,-55,-14,186
fold3_room7_mix002.csv,1572,1,2,-55,-14,186
fold3_room7_mix002.csv,1573,1,2,-55,-14,185
fold3_room7_mix002.csv,1574,1,2,-54,-14,185
fold3_room7_mix002.csv,1575,1,2,-54,-14,185
fold3_room7_mix002.csv,1576,1,2,-54,-14,185
fold3_room7_mix002.csv,1577,1,2,-54,-14,185
fold3_room7_mix002.csv,1578,1,2,-54,-14,185
fold3_room7_mix002.csv,1579,1,2,-54,-14,185
fold3_room7_mix002.csv,1580,1,2,-54,-14,185
fold3_room7_mix002.csv,1581,1,2,-54,-14,186
fold3_room7_mix002.csv,1582,1,2,-54,-14,186
fold3_room7_mix002.csv,1583,1,2,-54,-14,186
fold3_room7_mix002.csv,1584,1,2,-54,-14,186
fold3_room7_mix002.csv,1585,1,2,-54,-14,186
fold3_room7_mix002.csv,1586,1,2,-54,-14,186
fold3_room7_mix002.csv,1587,1,2,-54,-14,186
fold3_room7_mix002.csv,1588,1,2,-55,-14,186
fold3_room7_mix002.csv,1589,1,2,-55,-14,186
fold3_room7_mix002.csv,1590,1,2,-55,-14,186
fold3_room7_mix002.csv,1591,1,2,-55,-14,186
fold3_room7_mix002.csv,1592,1,2,-55,-14,186
fold3_room7_mix002.csv,1593,1,2,-55,-14,186
fold3_room7_mix002.csv,1594,1,2,-55,-14,186
fold3_room7_mix002.csv,1595,1,2,-55,-14,186
fold3_room7_mix002.csv,1596,1,2,-55,-14,186
fold3_room7_mix002.csv,1597,1,2,-55,-14,186
fold3_room7_mix002.csv,1598,1,2,-55,-14,186
fold3_room7_mix002.csv,1599,1,2,-55,-14,186
fold3_room7_mix002.csv,1600,1,2,-54,-14,186
fold3_room7_mix002.csv,1601,1,2,-54,-14,185
fold3_room7_mix002.csv,1602,1,2,-54,-14,185
fold3_room7_mix002.csv,1603,1,2,-54,-14,185
fold3_room7_mix002.csv,1604,1,2,-54,-14,185
fold3_room7_mix002.csv,1605,1,2,-54,-14,185
fold3_room7_mix002.csv,1606,1,2,-54,-14,186
fold3_room7_mix002.csv,1607,1,2,-54,-14,186
fold3_room7_mix002.csv,1608,1,2,-55,-14,186
fold3_room7_mix002.csv,1609,1,2,-55,-14,186
fold3_room7_mix002.csv,1610,1,2,-55,-14,185
fold3_room7_mix002.csv,1611,1,2,-55,-14,185
fold3_room7_mix002.csv,1612,1,2,-55,-15,185
fold3_room7_mix002.csv,1613,1,2,-55,-15,185
fold3_room7_mix002.csv,1614,1,2,-55,-15,185
fold3_room7_mix002.csv,1615,1,2,-54,-14,185
fold3_room7_mix002.csv,1616,1,2,-54,-14,185
fold3_room7_mix002.csv,1617,1,2,-54,-14,185
fold3_room7_mix002.csv,1618,1,2,-54,-14,185
fold3_room7_mix002.csv,1619,1,2,-54,-14,185
fold3_room7_mix002.csv,1620,1,2,-54,-14,185
fold3_room7_mix002.csv,1621,1,2,-54,-14,185
fold3_room7_mix002.csv,1622,1,2,-54,-14,185
fold3_room7_mix002.csv,1623,1,2,-53,-14,186
fold3_room7_mix002.csv,1624,1,2,-52,-13,188
fold3_room7_mix002.csv,1625,1,2,-51,-13,190
fold3_room7_mix002.csv,1626,1,2,-51,-13,191
fold3_room7_mix002.csv,1627,1,2,-50,-13,192
fold3_room7_mix002.csv,1628,1,2,-50,-12,192
fold3_room7_mix002.csv,1629,1,2,-50,-12,192
fold3_room7_mix002.csv,1630,1,2,-50,-12,192
fold3_room7_mix002.csv,1631,1,2,-50,-12,192
fold3_room7_mix002.csv,1632,1,2,-50,-13,192
fold3_room7_mix002.csv,1633,1,2,-50,-13,192
fold3_room7_mix002.csv,1634,1,2,-50,-13,192
fold3_room7_mix002.csv,1635,1,2,-50,-13,192
fold3_room7_mix002.csv,1636,1,2,-50,-13,192
fold3_room7_mix002.csv,1637,1,2,-50,-13,192
fold3_room7_mix002.csv,1638,1,2,-50,-13,192
fold3_room7_mix002.csv,1639,1,2,-50,-12,192
fold3_room7_mix002.csv,1640,1,2,-50,-12,192
fold3_room7_mix002.csv,1641,1,2,-51,-12,193
fold3_room7_mix002.csv,1642,1,2,-50,-12,194
fold3_room7_mix002.csv,1643,1,2,-50,-12,195
fold3_room7_mix002.csv,1644,1,2,-50,-12,195
fold3_room7_mix002.csv,1645,1,2,-50,-12,194
fold3_room7_mix002.csv,1646,1,2,-50,-12,194
fold3_room7_mix002.csv,1647,1,2,-50,-12,194
fold3_room7_mix002.csv,1648,1,2,-50,-12,194
fold3_room7_mix002.csv,1649,1,2,-50,-12,194
fold3_room7_mix002.csv,1650,1,2,-50,-12,193
fold3_room7_mix002.csv,1651,1,2,-51,-12,193
fold3_room7_mix002.csv,1652,1,2,-51,-12,194
fold3_room7_mix002.csv,1653,1,2,-51,-12,194
fold3_room7_mix002.csv,1654,1,2,-51,-12,194
fold3_room7_mix002.csv,1655,1,2,-50,-12,195
fold3_room7_mix002.csv,1656,1,2,-50,-12,194
fold3_room7_mix002.csv,1657,1,2,-50,-12,194
fold3_room7_mix002.csv,1658,1,2,-50,-12,194
fold3_room7_mix002.csv,1659,1,2,-50,-12,195
fold3_room7_mix002.csv,1660,1,2,-50,-12,195
fold3_room7_mix002.csv,1661,1,2,-50,-12,195
fold3_room7_mix002.csv,1662,1,2,-50,-12,195
fold3_room7_mix002.csv,1663,1,2,-50,-12,195
fold3_room7_mix002.csv,1664,1,2,-50,-12,195
fold3_room7_mix002.csv,1665,1,2,-50,-12,195
fold3_room7_mix002.csv,1666,1,2,-50,-12,195
fold3_room7_mix002.csv,1667,1,2,-50,-12,195
fold3_room7_mix002.csv,1668,1,2,-50,-12,195
fold3_room7_mix002.csv,1669,1,2,-50,-12,195
fold3_room7_mix002.csv,1670,1,2,-50,-12,195
fold3_room7_mix002.csv,1671,1,2,-50,-12,195
fold3_room7_mix002.csv,1672,1,2,-50,-12,195
fold3_room7_mix002.csv,1673,1,2,-50,-12,195
fold3_room7_mix002.csv,1674,1,2,-50,-12,195
fold3_room7_mix002.csv,1675,1,2,-50,-12,195
fold3_room7_mix002.csv,1676,1,2,-50,-12,195
fold3_room7_mix002.csv,1677,1,2,-50,-12,195
fold3_room7_mix002.csv,1678,1,2,-50,-12,195
fold3_room7_mix002.csv,1679,1,2,-50,-12,195
fold3_room7_mix002.csv,1680,1,2,-50,-12,195
fold3_room7_mix002.csv,1681,1,2,-50,-12,195
fold3_room7_mix002.csv,1682,1,2,-50,-12,195
fold3_room7_mix002.csv,1683,1,2,-50,-12,195
fold3_room7_mix002.csv,1684,1,2,-50,-12,195
fold3_room7_mix002.csv,1685,1,2,-50,-12,195
fold3_room7_mix002.csv,1686,1,2,-50,-12,195
fold3_room7_mix002.csv,1687,1,2,-50,-12,194
fold3_room7_mix002.csv,1688,1,2,-50,-12,194
fold3_room7_mix002.csv,1689,1,2,-50,-12,194
fold3_room7_mix002.csv,1690,1,2,-50,-12,194
fold3_room7_mix002.csv,1691,1,2,-50,-12,194
fold3_room7_mix002.csv,1692,1,2,-50,-12,194
fold3_room7_mix002.csv,1693,1,2,-50,-12,194
fold3_room7_mix002.csv,1694,1,2,-50,-12,194
fold3_room7_mix002.csv,1695,1,2,-50,-12,194
fold3_room7_mix002.csv,1696,1,2,-50,-12,194
fold3_room7_mix002.csv,1697,1,2,-50,-12,194
fold3_room7_mix002.csv,1698,1,2,-50,-12,194
fold3_room7_mix002.csv,1699,1,2,-50,-12,194
fold3_room7_mix002.csv,1710,1,1,43,-17,257
fold3_room7_mix002.csv,1711,1,1,42,-17,257
fold3_room7_mix002.csv,1712,1,1,42,-17,257
fold3_room7_mix002.csv,1713,1,1,42,-17,257
fold3_room7_mix002.csv,1714,1,1,42,-17,257
fold3_room7_mix002.csv,1715,1,1,42,-17,257
fold3_room7_mix002.csv,1716,1,1,42,-17,257
fold3_room7_mix002.csv,1717,1,1,42,-17,258
fold3_room7_mix002.csv,1718,1,1,42,-17,260
fold3_room7_mix002.csv,1719,1,1,41,-16,263
fold3_room7_mix002.csv,1720,1,1,41,-16,265
fold3_room7_mix002.csv,1721,1,1,40,-16,266
fold3_room7_mix002.csv,1722,1,1,40,-16,267
fold3_room7_mix002.csv,1723,1,1,40,-16,267
fold3_room7_mix002.csv,1724,1,1,40,-17,266
fold3_room7_mix002.csv,1725,1,1,40,-17,265
fold3_room7_mix002.csv,1726,1,1,40,-17,264
fold3_room7_mix002.csv,1727,1,1,40,-17,264
fold3_room7_mix002.csv,1728,1,1,40,-17,265
fold3_room7_mix002.csv,1729,1,1,40,-17,267
fold3_room7_mix002.csv,1745,1,2,-49,-12,201
fold3_room7_mix002.csv,1746,1,2,-49,-12,201
fold3_room7_mix002.csv,1747,1,2,-49,-12,200
fold3_room7_mix002.csv,1748,1,2,-49,-12,199
fold3_room7_mix002.csv,1749,1,2,-50,-12,197
fold3_room7_mix002.csv,1750,1,2,-50,-12,197
fold3_room7_mix002.csv,1751,1,2,-50,-12,197
fold3_room7_mix002.csv,1752,1,2,-50,-12,197
fold3_room7_mix002.csv,1753,1,2,-50,-12,198
fold3_room7_mix002.csv,1754,1,2,-50,-12,198
fold3_room7_mix002.csv,1755,1,2,-50,-12,198
fold3_room7_mix002.csv,1756,1,2,-50,-12,197
fold3_room7_mix002.csv,1757,1,2,-50,-12,197
fold3_room7_mix002.csv,1758,1,2,-50,-12,197
fold3_room7_mix002.csv,1759,1,2,-50,-12,197
fold3_room7_mix002.csv,1760,1,2,-50,-12,197
fold3_room7_mix002.csv,1761,1,2,-50,-12,197
fold3_room7_mix002.csv,1762,1,2,-50,-12,197
fold3_room7_mix002.csv,1763,1,2,-50,-12,197
fold3_room7_mix002.csv,1764,1,2,-50,-12,197
fold3_room7_mix002.csv,1765,1,2,-50,-12,197
fold3_room7_mix002.csv,1766,1,2,-50,-12,198
fold3_room7_mix002.csv,1767,1,2,-49,-12,198
fold3_room7_mix002.csv,1768,1,2,-49,-12,198
fold3_room7_mix002.csv,1769,1,2,-49,-12,198
fold3_room7_mix002.csv,1770,1,2,-49,-12,198
fold3_room7_mix002.csv,1771,1,2,-50,-12,197
fold3_room7_mix002.csv,1772,1,2,-50,-12,197
fold3_room7_mix002.csv,1773,1,2,-50,-12,197
fold3_room7_mix002.csv,1774,1,2,-50,-12,196
fold3_room7_mix002.csv,1775,1,2,-50,-12,196
fold3_room7_mix002.csv,1776,1,2,-50,-12,197
fold3_room7_mix002.csv,1777,1,2,-50,-12,197
fold3_room7_mix002.csv,1778,1,2,-50,-12,197
fold3_room7_mix002.csv,1779,1,2,-49,-12,197
fold3_room7_mix002.csv,1780,1,2,-50,-12,197
fold3_room7_mix002.csv,1781,1,2,-50,-12,197
fold3_room7_mix002.csv,1782,1,2,-50,-12,197
fold3_room7_mix002.csv,1783,1,2,-50,-12,197
fold3_room7_mix002.csv,1784,1,2,-50,-12,197
fold3_room7_mix002.csv,1785,1,2,-50,-12,197
fold3_room7_mix002.csv,1786,1,2,-50,-12,197
fold3_room7_mix002.csv,1787,1,2,-50,-12,197
fold3_room7_mix002.csv,1788,1,2,-50,-12,196
fold3_room7_mix002.csv,1789,1,2,-50,-12,196
fold3_room7_mix002.csv,1790,1,2,-50,-12,197
fold3_room7_mix002.csv,1791,1,2,-50,-12,197
fold3_room7_mix002.csv,1792,1,2,-50,-12,197
fold3_room7_mix002.csv,1793,1,2,-50,-12,197
fold3_room7_mix002.csv,1794,1,2,-50,-12,197
fold3_room7_mix002.csv,1795,1,2,-50,-12,197
fold3_room7_mix002.csv,1796,1,2,-50,-12,197
fold3_room7_mix002.csv,1797,1,2,-50,-12,197
fold3_room7_mix002.csv,1798,1,2,-50,-12,196
fold3_room7_mix002.csv,1799,1,2,-50,-12,197
fold3_room7_mix002.csv,1800,1,2,-50,-12,197
fold3_room7_mix002.csv,1801,1,2,-50,-12,197
fold3_room7_mix002.csv,1802,1,2,-50,-12,197
fold3_room7_mix002.csv,1803,1,2,-50,-12,197
fold3_room7_mix002.csv,1804,1,2,-50,-12,197
fold3_room7_mix002.csv,1805,1,2,-50,-12,197
fold3_room7_mix002.csv,1806,1,2,-50,-12,197
fold3_room7_mix002.csv,1807,1,2,-50,-12,197
fold3_room7_mix002.csv,1808,1,2,-50,-12,197
fold3_room7_mix002.csv,1809,1,2,-50,-12,196
fold3_room7_mix002.csv,1810,1,2,-50,-12,196
fold3_room7_mix002.csv,1811,1,2,-50,-12,196
fold3_room7_mix002.csv,1812,1,2,-50,-12,196
fold3_room7_mix002.csv,1813,1,2,-50,-12,196
fold3_room7_mix002.csv,1814,1,2,-50,-12,196
fold3_room7_mix002.csv,1815,1,2,-50,-12,196
fold3_room7_mix002.csv,1816,1,2,-50,-12,196
fold3_room7_mix002.csv,1817,1,2,-50,-12,196
fold3_room7_mix002.csv,1818,1,2,-50,-12,196
fold3_room7_mix002.csv,1819,1,2,-50,-12,196
fold3_room7_mix002.csv,1820,1,2,-50,-12,196
fold3_room7_mix002.csv,1821,1,2,-50,-12,196
fold3_room7_mix002.csv,1822,1,2,-49,-12,196
fold3_room7_mix002.csv,1823,1,2,-49,-12,196
fold3_room7_mix002.csv,1824,1,2,-49,-12,196
fold3_room7_mix002.csv,1825,1,2,-49,-12,196
fold3_room7_mix002.csv,1826,1,2,-49,-12,196
fold3_room7_mix002.csv,1827,1,2,-49,-12,196
fold3_room7_mix002.csv,1828,1,2,-49,-12,196
fold3_room7_mix002.csv,1829,1,2,-49,-12,196
fold3_room7_mix002.csv,1830,1,2,-50,-12,196
fold3_room7_mix002.csv,1831,1,2,-50,-12,196
fold3_room7_mix002.csv,1832,1,2,-50,-12,196
fold3_room7_mix002.csv,1833,1,2,-50,-12,196
fold3_room7_mix002.csv,1834,1,2,-50,-12,196
fold3_room7_mix002.csv,1910,1,2,-55,-15,185
fold3_room7_mix002.csv,1911,1,2,-55,-15,185
fold3_room7_mix002.csv,1912,1,2,-54,-15,184
fold3_room7_mix002.csv,1913,1,2,-53,-14,186
fold3_room7_mix002.csv,1914,1,2,-53,-14,187
fold3_room7_mix002.csv,1915,1,2,-53,-14,188
fold3_room7_mix002.csv,1916,1,2,-53,-14,189
fold3_room7_mix002.csv,1917,1,2,-53,-14,189
fold3_room7_mix002.csv,1918,1,2,-53,-14,189
fold3_room7_mix002.csv,1919,1,2,-53,-14,189
fold3_room7_mix002.csv,1920,1,2,-53,-14,189
fold3_room7_mix002.csv,1921,1,2,-53,-14,189
fold3_room7_mix002.csv,1922,1,2,-53,-14,189
fold3_room7_mix002.csv,1923,1,2,-53,-14,188
fold3_room7_mix002.csv,1924,1,2,-52,-13,189
fold3_room7_mix002.csv,1925,1,2,-51,-13,191
fold3_room7_mix002.csv,1926,1,2,-51,-13,192
fold3_room7_mix002.csv,1927,1,2,-50,-13,192
fold3_room7_mix002.csv,1928,1,2,-50,-13,192
fold3_room7_mix002.csv,1929,1,2,-50,-13,192
fold3_room7_mix002.csv,1965,1,2,-53,-12,197
fold3_room7_mix002.csv,1966,1,2,-53,-12,201
fold3_room7_mix002.csv,1967,1,2,-52,-12,204
fold3_room7_mix002.csv,1968,1,2,-52,-11,209
fold3_room7_mix002.csv,1969,1,2,-52,-11,214
fold3_room7_mix002.csv,1970,1,2,-51,-11,218
fold3_room7_mix002.csv,1971,1,2,-51,-11,222
fold3_room7_mix002.csv,1972,1,2,-51,-11,225
fold3_room7_mix002.csv,1973,1,2,-51,-11,226
fold3_room7_mix002.csv,1974,1,2,-51,-11,226
fold3_room7_mix002.csv,1990,1,2,-52,-11,223
fold3_room7_mix002.csv,1991,1,2,-52,-11,223
fold3_room7_mix002.csv,1992,1,2,-52,-11,223
fold3_room7_mix002.csv,1993,1,2,-52,-11,224
fold3_room7_mix002.csv,1994,1,2,-52,-11,224
fold3_room7_mix002.csv,1995,1,2,-52,-11,223
fold3_room7_mix002.csv,1996,1,2,-52,-11,223
fold3_room7_mix002.csv,1997,1,2,-52,-11,223
fold3_room7_mix002.csv,1998,1,2,-52,-11,223
fold3_room7_mix002.csv,1999,1,2,-52,-11,223
fold3_room7_mix002.csv,2000,1,2,-52,-11,223
fold3_room7_mix002.csv,2001,1,2,-52,-11,223
fold3_room7_mix002.csv,2002,1,2,-52,-11,223
fold3_room7_mix002.csv,2003,1,2,-52,-11,223
fold3_room7_mix002.csv,2004,1,2,-52,-11,223
fold3_room7_mix002.csv,2005,1,2,-52,-11,223
fold3_room7_mix002.csv,2006,1,2,-52,-11,223
fold3_room7_mix002.csv,2007,1,2,-52,-11,223
fold3_room7_mix002.csv,2008,1,2,-52,-11,223
fold3_room7_mix002.csv,2009,1,2,-52,-11,223
fold3_room7_mix002.csv,2010,1,2,-52,-11,223
fold3_room7_mix002.csv,2011,1,2,-52,-11,223
fold3_room7_mix002.csv,2012,1,2,-52,-11,223
fold3_room7_mix002.csv,2013,1,2,-51,-11,223
fold3_room7_mix002.csv,2014,1,2,-51,-11,223
fold3_room7_mix002.csv,2015,1,2,-51,-11,223
fold3_room7_mix002.csv,2016,1,2,-51,-11,223
fold3_room7_mix002.csv,2017,1,2,-51,-11,223
fold3_room7_mix002.csv,2018,1,2,-51,-11,223
fold3_room7_mix002.csv,2019,1,2,-51,-11,223
fold3_room7_mix002.csv,2020,1,2,-52,-11,223
fold3_room7_mix002.csv,2021,1,2,-52,-11,223
fold3_room7_mix002.csv,2022,1,2,-52,-11,223
fold3_room7_mix002.csv,2023,1,2,-52,-11,223
fold3_room7_mix002.csv,2024,1,2,-52,-11,223
fold3_room7_mix002.csv,2025,1,2,-52,-11,223
fold3_room7_mix002.csv,2026,1,2,-52,-11,222
fold3_room7_mix002.csv,2027,1,2,-52,-11,222
fold3_room7_mix002.csv,2028,1,2,-52,-11,222
fold3_room7_mix002.csv,2029,1,2,-52,-11,222
fold3_room7_mix002.csv,2045,1,2,-52,-11,222
fold3_room7_mix002.csv,2046,1,2,-52,-11,222
fold3_room7_mix002.csv,2047,1,2,-52,-11,222
fold3_room7_mix002.csv,2048,1,2,-52,-11,222
fold3_room7_mix002.csv,2049,1,2,-52,-11,222
fold3_room7_mix002.csv,2050,1,2,-52,-11,222
fold3_room7_mix002.csv,2051,1,2,-52,-11,222
fold3_room7_mix002.csv,2052,1,2,-52,-11,222
fold3_room7_mix002.csv,2053,1,2,-52,-11,222
fold3_room7_mix002.csv,2054,1,2,-52,-11,222
fold3_room7_mix002.csv,2055,1,2,-52,-11,221
fold3_room7_mix002.csv,2056,1,2,-52,-11,221
fold3_room7_mix002.csv,2057,1,2,-52,-11,221
fold3_room7_mix002.csv,2058,1,2,-52,-11,221
fold3_room7_mix002.csv,2059,1,2,-52,-11,221
fold3_room7_mix002.csv,2060,1,2,-52,-11,221
fold3_room7_mix002.csv,2061,1,2,-52,-11,221
fold3_room7_mix002.csv,2062,1,2,-52,-11,221
fold3_room7_mix002.csv,2063,1,2,-52,-11,221
fold3_room7_mix002.csv,2064,1,2,-52,-11,221
fold3_room7_mix002.csv,2065,1,2,-52,-11,221
fold3_room7_mix002.csv,2066,1,2,-52,-11,221
fold3_room7_mix002.csv,2067,1,2,-52,-11,221
fold3_room7_mix002.csv,2068,1,2,-52,-11,221
fold3_room7_mix002.csv,2069,1,2,-52,-11,221
fold3_room7_mix002.csv,2070,1,2,-52,-11,221
fold3_room7_mix002.csv,2071,1,2,-52,-11,221
fold3_room7_mix002.csv,2072,1,2,-52,-11,221
fold3_room7_mix002.csv,2073,1,2,-52,-11,221
fold3_room7_mix002.csv,2074,1,2,-52,-11,221
fold3_room7_mix002.csv,2075,1,2,-52,-11,221
fold3_room7_mix002.csv,2076,1,2,-52,-11,221
fold3_room7_mix002.csv,2077,1,2,-52,-11,221
fold3_room7_mix002.csv,2078,1,2,-52,-11,221
fold3_room7_mix002.csv,2079,1,2,-52,-11,221
fold3_room7_mix002.csv,2080,1,2,-52,-11,221
fold3_room7_mix002.csv,2081,1,2,-52,-11,221
fold3_room7_mix002.csv,2082,1,2,-52,-11,221
fold3_room7_mix002.csv,2083,1,2,-52,-11,221
fold3_room7_mix002.csv,2084,1,2,-52,-11,221
fold3_room7_mix002.csv,2085,1,2,-52,-11,221
fold3_room7_mix002.csv,2086,1,2,-52,-11,221
fold3_room7_mix002.csv,2087,1,2,-52,-11,221
fold3_room7_mix002.csv,2088,1,2,-52,-11,221
fold3_room7_mix002.csv,2089,1,2,-52,-11,221
fold3_room7_mix002.csv,2100,1,2,-51,-11,221
fold3_room7_mix002.csv,2101,1,2,-51,-11,221
fold3_room7_mix002.csv,2102,1,2,-51,-11,221
fold3_room7_mix002.csv,2103,1,2,-51,-11,221
fold3_room7_mix002.csv,2104,1,2,-51,-11,221
fold3_room7_mix002.csv,2105,1,2,-51,-11,222
fold3_room7_mix002.csv,2106,1,2,-51,-11,222
fold3_room7_mix002.csv,2107,1,2,-51,-11,222
fold3_room7_mix002.csv,2108,1,2,-51,-11,222
fold3_room7_mix002.csv,2109,1,2,-51,-11,222
fold3_room7_mix002.csv,2110,1,2,-51,-11,222
fold3_room7_mix002.csv,2111,1,2,-51,-11,221
fold3_room7_mix002.csv,2112,1,2,-51,-11,221
fold3_room7_mix002.csv,2113,1,2,-51,-11,221
fold3_room7_mix002.csv,2114,1,2,-51,-11,222
fold3_room7_mix002.csv,2115,1,2,-51,-11,222
fold3_room7_mix002.csv,2116,1,2,-51,-11,222
fold3_room7_mix002.csv,2117,1,2,-51,-11,222
fold3_room7_mix002.csv,2118,1,2,-51,-11,222
fold3_room7_mix002.csv,2119,1,2,-51,-11,222
fold3_room7_mix002.csv,2120,1,2,-51,-11,222
fold3_room7_mix002.csv,2121,1,2,-51,-11,222
fold3_room7_mix002.csv,2122,1,2,-51,-11,221
fold3_room7_mix002.csv,2123,1,2,-51,-11,221
fold3_room7_mix002.csv,2124,1,2,-51,-11,222
fold3_room7_mix002.csv,2125,1,2,-51,-11,222
fold3_room7_mix002.csv,2126,1,2,-51,-11,222
fold3_room7_mix002.csv,2127,1,2,-51,-11,222
fold3_room7_mix002.csv,2128,1,2,-51,-11,222
fold3_room7_mix002.csv,2129,1,2,-51,-11,222
fold3_room7_mix002.csv,2130,1,2,-51,-11,222
fold3_room7_mix002.csv,2131,1,2,-51,-11,222
fold3_room7_mix002.csv,2132,1,2,-51,-11,222
fold3_room7_mix002.csv,2133,1,2,-51,-11,222
fold3_room7_mix002.csv,2134,1,2,-51,-11,222
fold3_room7_mix002.csv,2135,1,2,-51,-11,222
fold3_room7_mix002.csv,2136,1,2,-51,-11,222
fold3_room7_mix002.csv,2137,1,2,-51,-11,222
fold3_room7_mix002.csv,2138,1,2,-51,-11,222
fold3_room7_mix002.csv,2139,1,2,-51,-11,222
fold3_room7_mix002.csv,2140,1,2,-51,-11,222
fold3_room7_mix002.csv,2141,1,2,-51,-11,222
fold3_room7_mix002.csv,2142,1,2,-51,-11,222
fold3_room7_mix002.csv,2143,1,2,-51,-11,222
fold3_room7_mix002.csv,2144,1,2,-51,-11,222
fold3_room7_mix002.csv,2145,1,2,-51,-11,222
fold3_room7_mix002.csv,2146,1,2,-51,-11,222
fold3_room7_mix002.csv,2147,1,2,-51,-11,222
fold3_room7_mix002.csv,2148,1,2,-51,-11,222
fold3_room7_mix002.csv,2149,1,2,-51,-11,222
fold3_room7_mix002.csv,2150,1,2,-51,-11,222
fold3_room7_mix002.csv,2151,1,2,-51,-11,222
fold3_room7_mix002.csv,2152,1,2,-51,-11,222
fold3_room7_mix002.csv,2153,1,2,-51,-11,222
fold3_room7_mix002.csv,2154,1,2,-51,-11,222
fold3_room7_mix002.csv,2155,1,2,-51,-11,222
fold3_room7_mix002.csv,2156,1,2,-51,-11,222
fold3_room7_mix002.csv,2157,1,2,-51,-11,222
fold3_room7_mix002.csv,2158,1,2,-51,-11,222
fold3_room7_mix002.csv,2159,1,2,-51,-11,222
fold3_room7_mix002.csv,2160,1,2,-51,-11,222
fold3_room7_mix002.csv,2161,1,2,-51,-11,222
fold3_room7_mix002.csv,2162,1,2,-51,-11,222
fold3_room7_mix002.csv,2163,1,2,-51,-11,222
fold3_room7_mix002.csv,2164,1,2,-51,-11,222
fold3_room7_mix002.csv,2165,1,2,-51,-11,222
fold3_room7_mix002.csv,2166,1,2,-51,-11,222
fold3_room7_mix002.csv,2167,1,2,-51,-11,222
fold3_room7_mix002.csv,2168,1,2,-51,-11,222
fold3_room7_mix002.csv,2169,1,2,-51,-11,222
fold3_room7_mix002.csv,2170,1,2,-51,-11,222
fold3_room7_mix002.csv,2171,1,2,-51,-11,222
fold3_room7_mix002.csv,2172,1,2,-51,-11,222
fold3_room7_mix002.csv,2173,1,2,-51,-11,222
fold3_room7_mix002.csv,2174,1,2,-51,-11,222
fold3_room7_mix002.csv,2175,1,2,-51,-11,222
fold3_room7_mix002.csv,2176,1,2,-51,-11,222
fold3_room7_mix002.csv,2177,1,2,-51,-11,222
fold3_room7_mix002.csv,2178,1,2,-51,-11,223
fold3_room7_mix002.csv,2179,1,2,-51,-11,222
fold3_room7_mix002.csv,2180,1,2,-51,-11,223
fold3_room7_mix002.csv,2181,1,2,-52,-11,222
fold3_room7_mix002.csv,2182,1,2,-52,-11,222
fold3_room7_mix002.csv,2183,1,2,-51,-11,222
fold3_room7_mix002.csv,2184,1,2,-51,-11,222
fold3_room7_mix002.csv,2185,1,2,-51,-11,222
fold3_room7_mix002.csv,2186,1,2,-51,-11,222
fold3_room7_mix002.csv,2187,1,2,-51,-11,222
fold3_room7_mix002.csv,2188,1,2,-51,-11,222
fold3_room7_mix002.csv,2189,1,2,-51,-11,222
fold3_room7_mix002.csv,2190,1,2,-51,-11,222
fold3_room7_mix002.csv,2191,1,2,-51,-11,222
fold3_room7_mix002.csv,2192,1,2,-51,-11,222
fold3_room7_mix002.csv,2193,1,2,-51,-11,222
fold3_room7_mix002.csv,2194,1,2,-51,-11,222
fold3_room7_mix002.csv,2195,1,2,-51,-11,222
fold3_room7_mix002.csv,2196,1,2,-51,-11,222
fold3_room7_mix002.csv,2197,1,2,-51,-11,221
fold3_room7_mix002.csv,2198,1,2,-51,-11,221
fold3_room7_mix002.csv,2199,1,2,-51,-11,221
fold3_room7_mix002.csv,2200,1,2,-51,-11,222
fold3_room7_mix002.csv,2201,1,2,-51,-11,222
fold3_room7_mix002.csv,2202,1,2,-51,-11,221
fold3_room7_mix002.csv,2203,1,2,-52,-11,221
fold3_room7_mix002.csv,2204,1,2,-51,-11,221
fold3_room7_mix002.csv,2205,1,2,-51,-11,221
fold3_room7_mix002.csv,2206,1,2,-51,-11,221
fold3_room7_mix002.csv,2207,1,2,-51,-11,221
fold3_room7_mix002.csv,2208,1,2,-51,-11,221
fold3_room7_mix002.csv,2209,1,2,-51,-11,221
fold3_room7_mix002.csv,2210,1,2,-51,-11,221
fold3_room7_mix002.csv,2211,1,2,-51,-11,221
fold3_room7_mix002.csv,2212,1,2,-51,-11,221
fold3_room7_mix002.csv,2213,1,2,-51,-11,221
fold3_room7_mix002.csv,2214,1,2,-51,-11,221
fold3_room7_mix002.csv,2215,1,2,-51,-11,221
fold3_room7_mix002.csv,2216,1,2,-52,-11,221
fold3_room7_mix002.csv,2217,1,2,-52,-11,221
fold3_room7_mix002.csv,2218,1,2,-52,-11,221
fold3_room7_mix002.csv,2219,1,2,-52,-11,221
fold3_room7_mix002.csv,2220,1,2,-52,-11,221
fold3_room7_mix002.csv,2221,1,2,-52,-11,221
fold3_room7_mix002.csv,2222,1,2,-52,-11,222
fold3_room7_mix002.csv,2223,1,2,-52,-11,222
fold3_room7_mix002.csv,2224,1,2,-52,-11,221
fold3_room7_mix002.csv,2225,1,2,-52,-11,221
fold3_room7_mix002.csv,2226,1,2,-52,-11,221
fold3_room7_mix002.csv,2227,1,2,-52,-11,221
fold3_room7_mix002.csv,2228,1,2,-52,-11,221
fold3_room7_mix002.csv,2229,1,2,-52,-11,221
fold3_room7_mix002.csv,2230,1,2,-52,-11,221
fold3_room7_mix002.csv,2231,1,2,-52,-11,221
fold3_room7_mix002.csv,2232,1,2,-52,-11,221
fold3_room7_mix002.csv,2233,1,2,-52,-11,221
fold3_room7_mix002.csv,2234,1,2,-52,-11,221
fold3_room7_mix002.csv,2235,1,2,-52,-11,221
fold3_room7_mix002.csv,2236,1,2,-52,-11,221
fold3_room7_mix002.csv,2237,1,2,-52,-11,221
fold3_room7_mix002.csv,2238,1,2,-51,-11,221
fold3_room7_mix002.csv,2239,1,2,-51,-11,221
fold3_room7_mix002.csv,2240,1,2,-51,-11,221
fold3_room7_mix002.csv,2241,1,2,-51,-11,221
fold3_room7_mix002.csv,2242,1,2,-51,-11,221
fold3_room7_mix002.csv,2243,1,2,-51,-11,221
fold3_room7_mix002.csv,2244,1,2,-51,-11,221
fold3_room7_mix002.csv,2245,1,2,-51,-11,221
fold3_room7_mix002.csv,2246,1,2,-51,-11,221
fold3_room7_mix002.csv,2247,1,2,-51,-11,222
fold3_room7_mix002.csv,2248,1,2,-51,-11,222
fold3_room7_mix002.csv,2249,1,2,-51,-11,222
fold3_room7_mix002.csv,2250,1,2,-51,-11,222
fold3_room7_mix002.csv,2251,1,2,-51,-11,222
fold3_room7_mix002.csv,2252,1,2,-51,-11,222
fold3_room7_mix002.csv,2253,1,2,-51,-11,222
fold3_room7_mix002.csv,2254,1,2,-51,-11,222
fold3_room7_mix002.csv,2255,1,2,-51,-11,222
fold3_room7_mix002.csv,2256,1,2,-51,-11,222
fold3_room7_mix002.csv,2257,1,2,-51,-11,222
fold3_room7_mix002.csv,2258,1,2,-51,-11,222
fold3_room7_mix002.csv,2259,1,2,-51,-11,222
fold3_room7_mix002.csv,2260,1,2,-51,-11,222
fold3_room7_mix002.csv,2261,1,2,-51,-11,222
fold3_room7_mix002.csv,2262,1,2,-51,-11,222
fold3_room7_mix002.csv,2263,1,2,-51,-11,222
fold3_room7_mix002.csv,2264,1,2,-51,-11,222
fold3_room7_mix002.csv,2265,1,2,-51,-11,222
fold3_room7_mix002.csv,2266,1,2,-51,-11,222
fold3_room7_mix002.csv,2267,1,2,-51,-11,222
fold3_room7_mix002.csv,2268,1,2,-51,-11,222
fold3_room7_mix002.csv,2269,1,2,-51,-11,222
fold3_room7_mix002.csv,2270,1,2,-51,-11,222
fold3_room7_mix002.csv,2271,1,2,-51,-11,222
fold3_room7_mix002.csv,2272,1,2,-51,-11,222
fold3_room7_mix002.csv,2273,1,2,-51,-11,222
fold3_room7_mix002.csv,2274,1,2,-51,-11,222
fold3_room7_mix002.csv,2275,1,2,-51,-11,222
fold3_room7_mix002.csv,2276,1,2,-51,-11,222
fold3_room7_mix002.csv,2277,1,2,-51,-11,222
fold3_room7_mix002.csv,2278,1,2,-51,-11,222
fold3_room7_mix002.csv,2279,1,2,-51,-11,222
fold3_room7_mix002.csv,2280,1,2,-51,-11,222
fold3_room7_mix002.csv,2281,1,2,-51,-11,222
fold3_room7_mix002.csv,2282,1,2,-51,-11,222
fold3_room7_mix002.csv,2283,1,2,-51,-11,221
fold3_room7_mix002.csv,2284,1,2,-51,-11,222
fold3_room7_mix002.csv,2285,1,2,-51,-11,222
fold3_room7_mix002.csv,2286,1,2,-51,-11,222
fold3_room7_mix002.csv,2287,1,2,-51,-11,222
fold3_room7_mix002.csv,2288,1,2,-51,-11,222
fold3_room7_mix002.csv,2289,1,2,-51,-11,222
fold3_room7_mix002.csv,2290,1,2,-51,-11,222
fold3_room7_mix002.csv,2291,1,2,-51,-11,222
fold3_room7_mix002.csv,2292,1,2,-51,-11,222
fold3_room7_mix002.csv,2293,1,2,-51,-11,222
fold3_room7_mix002.csv,2294,1,2,-51,-11,222
fold3_room7_mix002.csv,2295,1,2,-51,-11,222
fold3_room7_mix002.csv,2296,1,2,-51,-11,222
fold3_room7_mix002.csv,2297,1,2,-51,-11,222
fold3_room7_mix002.csv,2298,1,2,-51,-11,222
fold3_room7_mix002.csv,2299,1,2,-51,-11,222
fold3_room7_mix002.csv,2300,1,2,-51,-11,222
fold3_room7_mix002.csv,2301,1,2,-51,-11,222
fold3_room7_mix002.csv,2302,1,2,-51,-11,222
fold3_room7_mix002.csv,2303,1,2,-51,-11,222
fold3_room7_mix002.csv,2304,1,2,-51,-11,222
fold3_room7_mix002.csv,2305,1,2,-51,-11,222
fold3_room7_mix002.csv,2306,1,2,-51,-11,222
fold3_room7_mix002.csv,2307,1,2,-51,-11,222
fold3_room7_mix002.csv,2308,1,2,-51,-11,222
fold3_room7_mix002.csv,2309,1,2,-51,-11,222
fold3_room7_mix002.csv,2310,1,2,-51,-11,222
fold3_room7_mix002.csv,2311,1,2,-51,-11,222
fold3_room7_mix002.csv,2312,1,2,-51,-11,222
fold3_room7_mix002.csv,2313,1,2,-51,-11,222
fold3_room7_mix002.csv,2314,1,2,-51,-11,222
fold3_room7_mix002.csv,2315,1,2,-51,-11,222
fold3_room7_mix002.csv,2316,1,2,-51,-11,222
fold3_room7_mix002.csv,2317,1,2,-51,-11,222
fold3_room7_mix002.csv,2318,1,2,-51,-11,222
fold3_room7_mix002.csv,2319,1,2,-51,-11,222
fold3_room7_mix002.csv,2320,1,2,-51,-11,222
fold3_room7_mix002.csv,2321,1,2,-51,-11,222
fold3_room7_mix002.csv,2322,1,2,-51,-11,222
fold3_room7_mix002.csv,2323,1,2,-51,-11,222
fold3_room7_mix002.csv,2324,1,2,-51,-11,222
fold3_room7_mix002.csv,2325,1,2,-51,-11,222
fold3_room7_mix002.csv,2326,1,2,-51,-11,222
fold3_room7_mix002.csv,2327,1,2,-51,-11,222
fold3_room7_mix002.csv,2328,1,2,-51,-11,222
fold3_room7_mix002.csv,2329,1,2,-51,-11,222
fold3_room7_mix002.csv,2330,1,2,-51,-11,222
fold3_room7_mix002.csv,2331,1,2,-51,-11,222
fold3_room7_mix002.csv,2332,1,2,-51,-11,222
fold3_room7_mix002.csv,2333,1,2,-51,-11,222
fold3_room7_mix002.csv,2334,1,2,-51,-11,222
fold3_room7_mix002.csv,2335,1,2,-51,-11,222
fold3_room7_mix002.csv,2336,1,2,-51,-11,222
fold3_room7_mix002.csv,2337,1,2,-51,-11,222
fold3_room7_mix002.csv,2338,1,2,-51,-11,222
fold3_room7_mix002.csv,2339,1,2,-51,-11,222
fold3_room7_mix002.csv,2340,1,2,-51,-11,222
fold3_room7_mix002.csv,2341,1,2,-51,-11,222
fold3_room7_mix002.csv,2342,1,2,-51,-11,222
fold3_room7_mix002.csv,2343,1,2,-51,-11,222
fold3_room7_mix002.csv,2344,1,2,-51,-11,222
fold3_room7_mix002.csv,2345,1,2,-51,-11,222
fold3_room7_mix002.csv,2346,1,2,-51,-11,222
fold3_room7_mix002.csv,2347,1,2,-51,-11,222
fold3_room7_mix002.csv,2348,1,2,-51,-11,222
fold3_room7_mix002.csv,2349,1,2,-51,-11,222
fold3_room7_mix002.csv,2350,1,2,-51,-11,222
fold3_room7_mix002.csv,2351,1,2,-51,-11,222
fold3_room7_mix002.csv,2352,1,2,-51,-11,221
fold3_room7_mix002.csv,2353,1,2,-51,-11,221
fold3_room7_mix002.csv,2354,1,2,-51,-11,222
fold3_room7_mix002.csv,2355,1,2,-51,-11,222
fold3_room7_mix002.csv,2356,1,2,-51,-11,222
fold3_room7_mix002.csv,2357,1,2,-51,-11,222
fold3_room7_mix002.csv,2358,1,2,-51,-11,222
fold3_room7_mix002.csv,2359,1,2,-51,-11,222
fold3_room7_mix002.csv,2360,1,2,-51,-11,222
fold3_room7_mix002.csv,2361,1,2,-51,-11,222
fold3_room7_mix002.csv,2362,1,2,-51,-11,222
fold3_room7_mix002.csv,2363,1,2,-51,-11,222
fold3_room7_mix002.csv,2364,1,2,-51,-11,222
fold3_room7_mix002.csv,2365,1,2,-51,-11,222
fold3_room7_mix002.csv,2366,1,2,-51,-11,222
fold3_room7_mix002.csv,2367,1,2,-51,-11,222
fold3_room7_mix002.csv,2368,1,2,-51,-11,222
fold3_room7_mix002.csv,2369,1,2,-51,-11,222
fold3_room7_mix002.csv,2370,1,2,-51,-11,222
fold3_room7_mix002.csv,2371,1,2,-51,-11,222
fold3_room7_mix002.csv,2372,1,2,-51,-11,223
fold3_room7_mix002.csv,2373,1,2,-51,-11,222
fold3_room7_mix002.csv,2374,1,2,-51,-11,222
fold3_room7_mix002.csv,2375,1,2,-51,-11,222
fold3_room7_mix002.csv,2376,1,2,-51,-11,222
fold3_room7_mix002.csv,2377,1,2,-51,-11,223
fold3_room7_mix002.csv,2378,1,2,-51,-11,223
fold3_room7_mix002.csv,2379,1,2,-51,-11,223
fold3_room7_mix002.csv,2380,1,2,-52,-11,223
fold3_room7_mix002.csv,2381,1,2,-52,-11,224
fold3_room7_mix002.csv,2382,1,2,-52,-11,224
fold3_room7_mix002.csv,2383,1,2,-52,-11,224
fold3_room7_mix002.csv,2384,1,2,-52,-11,224
fold3_room7_mix002.csv,2385,1,2,-52,-11,225
fold3_room7_mix002.csv,2386,1,2,-52,-11,225
fold3_room7_mix002.csv,2387,1,2,-52,-11,225
fold3_room7_mix002.csv,2388,1,2,-52,-11,225
fold3_room7_mix002.csv,2389,1,2,-52,-11,225
fold3_room7_mix002.csv,2390,1,2,-52,-11,225
fold3_room7_mix002.csv,2391,1,2,-52,-11,224
fold3_room7_mix002.csv,2392,1,2,-52,-11,224
fold3_room7_mix002.csv,2393,1,2,-52,-11,224
fold3_room7_mix002.csv,2394,1,2,-52,-11,224
fold3_room7_mix002.csv,2395,1,2,-52,-11,224
fold3_room7_mix002.csv,2396,1,2,-52,-11,224
fold3_room7_mix002.csv,2397,1,2,-52,-11,224
fold3_room7_mix002.csv,2398,1,2,-52,-11,224
fold3_room7_mix002.csv,2399,1,2,-52,-11,223
fold3_room7_mix002.csv,2400,1,2,-52,-11,223
fold3_room7_mix002.csv,2401,1,2,-52,-11,223
fold3_room7_mix002.csv,2402,1,2,-52,-11,223
fold3_room7_mix002.csv,2403,1,2,-52,-11,223
fold3_room7_mix002.csv,2404,1,2,-52,-11,223
fold3_room7_mix002.csv,2405,1,2,-52,-11,223
fold3_room7_mix002.csv,2406,1,2,-52,-11,223
fold3_room7_mix002.csv,2407,1,2,-52,-11,223
fold3_room7_mix002.csv,2408,1,2,-52,-11,223
fold3_room7_mix002.csv,2409,1,2,-52,-11,223
fold3_room7_mix002.csv,2410,1,2,-52,-11,223
fold3_room7_mix002.csv,2411,1,2,-52,-11,223
fold3_room7_mix002.csv,2412,1,2,-52,-11,223
fold3_room7_mix002.csv,2413,1,2,-52,-11,223
fold3_room7_mix002.csv,2414,1,2,-52,-11,223
fold3_room7_mix002.csv,2415,1,2,-52,-11,223
fold3_room7_mix002.csv,2416,1,2,-52,-11,223
fold3_room7_mix002.csv,2417,1,2,-52,-11,223
fold3_room7_mix002.csv,2418,1,2,-52,-11,223
fold3_room7_mix002.csv,2419,1,2,-52,-11,223
fold3_room7_mix002.csv,2420,1,2,-52,-11,223
fold3_room7_mix002.csv,2421,1,2,-52,-11,223
fold3_room7_mix002.csv,2422,1,2,-52,-11,223
fold3_room7_mix002.csv,2423,1,2,-52,-11,223
fold3_room7_mix002.csv,2424,1,2,-52,-11,223
fold3_room7_mix002.csv,2425,1,2,-52,-11,223
fold3_room7_mix002.csv,2426,1,2,-52,-11,223
fold3_room7_mix002.csv,2427,1,2,-52,-11,223
fold3_room7_mix002.csv,2428,1,2,-52,-11,223
fold3_room7_mix002.csv,2429,1,2,-52,-11,223
fold3_room7_mix002.csv,2430,1,2,-52,-11,223
fold3_room7_mix002.csv,2431,1,2,-52,-11,223
fold3_room7_mix002.csv,2432,1,2,-52,-11,223
fold3_room7_mix002.csv,2433,1,2,-52,-11,223
fold3_room7_mix002.csv,2434,1,2,-52,-11,223
fold3_room7_mix002.csv,2435,1,2,-52,-11,223
fold3_room7_mix002.csv,2436,1,2,-52,-11,223
fold3_room7_mix002.csv,2437,1,2,-52,-11,223
fold3_room7_mix002.csv,2438,1,2,-52,-11,223
fold3_room7_mix002.csv,2439,1,2,-52,-11,223
fold3_room7_mix002.csv,2440,1,2,-52,-11,223
fold3_room7_mix002.csv,2441,1,2,-52,-11,223
fold3_room7_mix002.csv,2442,1,2,-52,-11,223
fold3_room7_mix002.csv,2443,1,2,-52,-11,223
fold3_room7_mix002.csv,2444,1,2,-52,-11,223
fold3_room7_mix002.csv,2445,1,2,-52,-11,223
fold3_room7_mix002.csv,2446,1,2,-51,-11,223
fold3_room7_mix002.csv,2447,1,2,-51,-11,223
fold3_room7_mix002.csv,2448,1,2,-51,-11,223
fold3_room7_mix002.csv,2449,1,2,-51,-11,223
fold3_room7_mix002.csv,2450,1,2,-51,-11,223
fold3_room7_mix002.csv,2451,1,2,-51,-11,224
fold3_room7_mix002.csv,2452,1,2,-51,-11,224
fold3_room7_mix002.csv,2453,1,2,-51,-11,224
fold3_room7_mix002.csv,2454,1,2,-51,-11,224
fold3_room7_mix002.csv,2455,1,2,-51,-11,224
fold3_room7_mix002.csv,2456,1,2,-51,-11,224
fold3_room7_mix002.csv,2457,1,2,-51,-11,223
fold3_room7_mix002.csv,2458,1,2,-52,-11,224
fold3_room7_mix002.csv,2459,1,2,-51,-11,224
fold3_room7_mix002.csv,2460,1,2,-51,-11,224
fold3_room7_mix002.csv,2461,1,2,-51,-11,224
fold3_room7_mix002.csv,2462,1,2,-51,-11,223
fold3_room7_mix002.csv,2463,1,2,-51,-11,224
fold3_room7_mix002.csv,2464,1,2,-51,-11,223
fold3_room7_mix002.csv,2465,1,2,-51,-11,223
fold3_room7_mix002.csv,2466,1,2,-52,-11,223
fold3_room7_mix002.csv,2467,1,2,-51,-11,223
fold3_room7_mix002.csv,2468,1,2,-51,-11,223
fold3_room7_mix002.csv,2469,1,2,-51,-11,223
fold3_room7_mix002.csv,2470,1,2,-51,-11,223
fold3_room7_mix002.csv,2471,1,2,-51,-11,223
fold3_room7_mix002.csv,2472,1,2,-51,-11,223
fold3_room7_mix002.csv,2473,1,2,-51,-11,223
fold3_room7_mix002.csv,2474,1,2,-51,-11,223
fold3_room7_mix002.csv,2475,1,2,-51,-11,223
fold3_room7_mix002.csv,2476,1,2,-51,-11,223
fold3_room7_mix002.csv,2477,1,2,-51,-11,223
fold3_room7_mix002.csv,2478,1,2,-51,-11,223
fold3_room7_mix002.csv,2479,1,2,-51,-11,223
fold3_room7_mix002.csv,2480,1,2,-51,-11,223
fold3_room7_mix002.csv,2481,1,2,-51,-11,223
fold3_room7_mix002.csv,2482,1,2,-51,-11,223
fold3_room7_mix002.csv,2483,1,2,-51,-11,223
fold3_room7_mix002.csv,2484,1,2,-51,-11,223
fold3_room7_mix002.csv,2485,1,2,-51,-11,223
fold3_room7_mix002.csv,2486,1,2,-51,-11,223
fold3_room7_mix002.csv,2487,1,2,-51,-11,223
fold3_room7_mix002.csv,2488,1,2,-51,-11,223
fold3_room7_mix002.csv,2489,1,2,-51,-11,223
fold3_room7_mix002.csv,2490,1,2,-51,-11,223
fold3_room7_mix002.csv,2491,1,2,-51,-11,223
fold3_room7_mix002.csv,2492,1,2,-51,-11,223
fold3_room7_mix002.csv,2493,1,2,-52,-11,223
fold3_room7_mix002.csv,2494,1,2,-51,-11,223
fold3_room7_mix002.csv,2495,1,2,-52,-11,223
fold3_room7_mix002.csv,2496,1,2,-51,-11,223
fold3_room7_mix002.csv,2497,1,2,-51,-11,224
fold3_room7_mix002.csv,2498,1,2,-51,-11,224
fold3_room7_mix002.csv,2499,1,2,-51,-11,224
fold3_room7_mix002.csv,2500,1,2,-51,-11,224
fold3_room7_mix002.csv,2501,1,2,-51,-11,224
fold3_room7_mix002.csv,2502,1,2,-51,-11,224
fold3_room7_mix002.csv,2503,1,2,-51,-11,224
fold3_room7_mix002.csv,2504,1,2,-51,-11,224
fold3_room7_mix002.csv,2505,1,2,-51,-11,224
fold3_room7_mix002.csv,2506,1,2,-51,-11,224
fold3_room7_mix002.csv,2507,1,2,-51,-11,224
fold3_room7_mix002.csv,2508,1,2,-51,-11,224
fold3_room7_mix002.csv,2509,1,2,-51,-11,224
fold3_room7_mix002.csv,2510,1,2,-51,-11,224
fold3_room7_mix002.csv,2511,1,2,-51,-11,224
fold3_room7_mix002.csv,2512,1,2,-51,-11,224
fold3_room7_mix002.csv,2513,1,2,-51,-11,224
fold3_room7_mix002.csv,2514,1,2,-51,-11,224
fold3_room7_mix002.csv,2515,1,2,-51,-11,224
fold3_room7_mix002.csv,2516,1,2,-51,-11,224
fold3_room7_mix002.csv,2517,1,2,-51,-11,224
fold3_room7_mix002.csv,2518,1,2,-51,-11,224
fold3_room7_mix002.csv,2519,1,2,-51,-11,223
fold3_room7_mix002.csv,2520,1,2,-51,-11,223
fold3_room7_mix002.csv,2521,1,2,-51,-11,223
fold3_room7_mix002.csv,2522,1,2,-51,-11,223
fold3_room7_mix002.csv,2523,1,2,-51,-11,223
fold3_room7_mix002.csv,2524,1,2,-51,-11,223
fold3_room7_mix002.csv,2525,1,2,-51,-11,223
fold3_room7_mix002.csv,2526,1,2,-51,-11,223
fold3_room7_mix002.csv,2527,1,2,-51,-11,223
fold3_room7_mix002.csv,2528,1,2,-51,-11,223
fold3_room7_mix002.csv,2529,1,2,-51,-11,223
fold3_room7_mix002.csv,2530,1,2,-51,-11,223
fold3_room7_mix002.csv,2531,1,2,-51,-11,223
fold3_room7_mix002.csv,2532,1,2,-51,-11,223
fold3_room7_mix002.csv,2533,1,2,-51,-11,223
fold3_room7_mix002.csv,2534,1,2,-51,-11,223
fold3_room7_mix002.csv,2535,1,2,-51,-11,223
fold3_room7_mix002.csv,2536,1,2,-51,-11,223
fold3_room7_mix002.csv,2537,1,2,-51,-11,223
fold3_room7_mix002.csv,2538,1,2,-51,-11,223
fold3_room7_mix002.csv,2539,1,2,-51,-11,223
fold3_room7_mix002.csv,2540,1,2,-51,-11,223
fold3_room7_mix002.csv,2541,1,2,-51,-11,223
fold3_room7_mix002.csv,2542,1,2,-51,-11,223
fold3_room7_mix002.csv,2543,1,2,-51,-11,223
fold3_room7_mix002.csv,2544,1,2,-51,-11,223
fold3_room7_mix002.csv,2545,1,2,-51,-11,223
fold3_room7_mix002.csv,2546,1,2,-51,-11,223
fold3_room7_mix002.csv,2547,1,2,-51,-11,223
fold3_room7_mix002.csv,2548,1,2,-51,-11,223
fold3_room7_mix002.csv,2549,1,2,-51,-11,223
fold3_room7_mix002.csv,2550,1,2,-51,-11,223
fold3_room7_mix002.csv,2551,1,2,-51,-11,223
fold3_room7_mix002.csv,2552,1,2,-51,-11,223
fold3_room7_mix002.csv,2553,1,2,-51,-11,223
fold3_room7_mix002.csv,2554,1,2,-51,-11,223
fold3_room7_mix002.csv,2555,1,2,-51,-11,223
fold3_room7_mix002.csv,2556,1,2,-51,-11,223
fold3_room7_mix002.csv,2557,1,2,-51,-11,223
fold3_room7_mix002.csv,2558,1,2,-51,-11,223
fold3_room7_mix002.csv,2559,1,2,-51,-11,223
fold3_room7_mix002.csv,2560,1,2,-51,-11,223
fold3_room7_mix002.csv,2561,1,2,-51,-11,223
fold3_room7_mix002.csv,2562,1,2,-51,-11,223
fold3_room7_mix002.csv,2563,1,2,-51,-11,223
fold3_room7_mix002.csv,2564,1,2,-51,-11,223
fold3_room7_mix002.csv,2565,1,2,-51,-11,223
fold3_room7_mix002.csv,2566,1,2,-51,-11,223
fold3_room7_mix002.csv,2567,1,2,-51,-11,223
fold3_room7_mix002.csv,2568,1,2,-51,-11,223
fold3_room7_mix002.csv,2569,1,2,-51,-11,223
fold3_room7_mix002.csv,2570,1,2,-51,-11,223
fold3_room7_mix002.csv,2571,1,2,-51,-11,223
fold3_room7_mix002.csv,2572,1,2,-51,-11,223
fold3_room7_mix002.csv,2573,1,2,-51,-11,223
fold3_room7_mix002.csv,2574,1,2,-51,-11,223
fold3_room7_mix002.csv,2575,1,2,-51,-11,223
fold3_room7_mix002.csv,2576,1,2,-51,-11,223
fold3_room7_mix002.csv,2577,1,2,-51,-11,223
fold3_room7_mix002.csv,2578,1,2,-51,-11,223
fold3_room7_mix002.csv,2579,1,2,-51,-11,223
fold3_room7_mix002.csv,2580,1,2,-51,-11,222
fold3_room7_mix002.csv,2581,1,2,-51,-11,222
fold3_room7_mix002.csv,2582,1,2,-51,-11,222
fold3_room7_mix002.csv,2583,1,2,-51,-11,222
fold3_room7_mix002.csv,2584,1,2,-51,-11,222
fold3_room7_mix002.csv,2585,1,2,-51,-11,222
fold3_room7_mix002.csv,2586,1,2,-51,-11,223
fold3_room7_mix002.csv,2587,1,2,-51,-11,223
fold3_room7_mix002.csv,2588,1,2,-51,-11,223
fold3_room7_mix002.csv,2589,1,2,-51,-11,222
fold3_room7_mix002.csv,2590,1,2,-51,-11,222
fold3_room7_mix002.csv,2591,1,2,-51,-11,223
fold3_room7_mix002.csv,2592,1,2,-51,-11,223
fold3_room7_mix002.csv,2593,1,2,-51,-11,223
fold3_room7_mix002.csv,2594,1,2,-51,-11,223
fold3_room7_mix002.csv,2595,1,2,-51,-11,223
fold3_room7_mix002.csv,2596,1,2,-51,-11,223
fold3_room7_mix002.csv,2597,1,2,-51,-11,223
fold3_room7_mix002.csv,2598,1,2,-51,-11,223
fold3_room7_mix002.csv,2599,1,2,-51,-11,223
fold3_room7_mix002.csv,2600,1,2,-51,-11,223
fold3_room7_mix002.csv,2601,1,2,-51,-11,223
fold3_room7_mix002.csv,2602,1,2,-51,-11,222
fold3_room7_mix002.csv,2603,1,2,-51,-11,223
fold3_room7_mix002.csv,2604,1,2,-51,-11,223
fold3_room7_mix002.csv,2605,1,2,-51,-11,223
fold3_room7_mix002.csv,2606,1,2,-51,-11,223
fold3_room7_mix002.csv,2607,1,2,-51,-11,223
fold3_room7_mix002.csv,2608,1,2,-51,-11,223
fold3_room7_mix002.csv,2609,1,2,-51,-11,223
fold3_room7_mix002.csv,2610,1,2,-51,-11,223
fold3_room7_mix002.csv,2611,1,2,-51,-11,223
fold3_room7_mix002.csv,2612,1,2,-51,-11,223
fold3_room7_mix002.csv,2613,1,2,-51,-11,223
fold3_room7_mix002.csv,2614,1,2,-51,-11,223
fold3_room7_mix002.csv,2615,1,2,-51,-11,223
fold3_room7_mix002.csv,2616,1,2,-51,-11,223
fold3_room7_mix002.csv,2617,1,2,-51,-11,223
fold3_room7_mix002.csv,2618,1,2,-51,-11,223
fold3_room7_mix002.csv,2619,1,2,-51,-11,223
fold3_room7_mix002.csv,2620,1,2,-51,-11,223
fold3_room7_mix002.csv,2621,1,2,-51,-11,223
fold3_room7_mix002.csv,2622,1,2,-51,-11,223
fold3_room7_mix002.csv,2623,1,2,-51,-11,223
fold3_room7_mix002.csv,2624,1,2,-51,-11,223
fold3_room7_mix002.csv,2625,1,2,-51,-11,224
fold3_room7_mix002.csv,2626,1,2,-51,-11,224
fold3_room7_mix002.csv,2627,1,2,-51,-11,224
fold3_room7_mix002.csv,2628,1,2,-51,-11,224
fold3_room7_mix002.csv,2629,1,2,-51,-11,224
fold3_room7_mix002.csv,2630,1,2,-51,-11,224
fold3_room7_mix002.csv,2631,1,2,-51,-11,224
fold3_room7_mix002.csv,2632,1,2,-51,-11,224
fold3_room7_mix002.csv,2633,1,2,-51,-11,224
fold3_room7_mix002.csv,2634,1,2,-51,-11,224
fold3_room7_mix002.csv,2635,1,2,-51,-11,224
fold3_room7_mix002.csv,2636,1,2,-51,-11,224
fold3_room7_mix002.csv,2637,1,2,-51,-11,224
fold3_room7_mix002.csv,2638,1,2,-51,-11,223
fold3_room7_mix002.csv,2639,1,2,-51,-11,223
fold3_room7_mix002.csv,2640,1,2,-51,-11,223
fold3_room7_mix002.csv,2641,1,2,-51,-11,223
fold3_room7_mix002.csv,2642,1,2,-51,-11,223
fold3_room7_mix002.csv,2643,1,2,-51,-11,223
fold3_room7_mix002.csv,2644,1,2,-51,-11,223
fold3_room7_mix002.csv,2645,1,2,-51,-11,223
fold3_room7_mix002.csv,2646,1,2,-51,-11,223
fold3_room7_mix002.csv,2647,1,2,-51,-11,223
fold3_room7_mix002.csv,2648,1,2,-51,-11,223
fold3_room7_mix002.csv,2649,1,2,-51,-11,223
fold3_room7_mix002.csv,2650,1,2,-51,-11,223
fold3_room7_mix002.csv,2651,1,2,-51,-11,223
fold3_room7_mix002.csv,2652,1,2,-51,-11,223
fold3_room7_mix002.csv,2653,1,2,-51,-11,223
fold3_room7_mix002.csv,2654,1,2,-51,-11,223
fold3_room7_mix002.csv,2655,1,2,-51,-11,223
fold3_room7_mix002.csv,2656,1,2,-51,-11,223
fold3_room7_mix002.csv,2657,1,2,-51,-11,223
fold3_room7_mix002.csv,2658,1,2,-51,-11,223
fold3_room7_mix002.csv,2659,1,2,-51,-11,223
fold3_room7_mix002.csv,2660,1,2,-51,-11,223
fold3_room7_mix002.csv,2661,1,2,-51,-11,223
fold3_room7_mix002.csv,2662,1,2,-51,-11,223
fold3_room7_mix002.csv,2663,1,2,-51,-11,223
fold3_room7_mix002.csv,2664,1,2,-51,-11,223
fold3_room7_mix002.csv,2665,1,2,-51,-11,223
fold3_room7_mix002.csv,2666,1,2,-51,-11,223
fold3_room7_mix002.csv,2667,1,2,-51,-11,223
fold3_room7_mix002.csv,2668,1,2,-51,-11,223
fold3_room7_mix002.csv,2669,1,2,-51,-11,223
fold3_room7_mix002.csv,2670,1,2,-51,-11,223
fold3_room7_mix002.csv,2671,1,2,-51,-11,223
fold3_room7_mix002.csv,2672,1,2,-51,-11,223
fold3_room7_mix002.csv,2673,1,2,-51,-11,223
fold3_room7_mix002.csv,2674,1,2,-51,-11,222
fold3_room7_mix002.csv,2675,1,2,-51,-11,222
fold3_room7_mix002.csv,2676,1,2,-51,-11,222
fold3_room7_mix002.csv,2677,1,2,-51,-11,222
fold3_room7_mix002.csv,2678,1,2,-51,-11,222
fold3_room7_mix002.csv,2679,1,2,-51,-11,222
fold3_room7_mix002.csv,2680,1,2,-51,-11,223
fold3_room7_mix002.csv,2681,1,2,-51,-11,223
fold3_room7_mix002.csv,2682,1,2,-51,-11,223
fold3_room7_mix002.csv,2683,1,2,-51,-11,223
fold3_room7_mix002.csv,2684,1,2,-51,-11,223
fold3_room7_mix002.csv,2685,1,2,-51,-11,224
fold3_room7_mix002.csv,2686,1,2,-51,-11,224
fold3_room7_mix002.csv,2687,1,2,-51,-11,224
fold3_room7_mix002.csv,2688,1,2,-51,-11,224
fold3_room7_mix002.csv,2689,1,2,-51,-11,224
fold3_room7_mix002.csv,2690,1,2,-51,-11,224
fold3_room7_mix002.csv,2691,1,2,-51,-11,224
fold3_room7_mix002.csv,2692,1,2,-51,-11,224
fold3_room7_mix002.csv,2693,1,2,-51,-11,224
fold3_room7_mix002.csv,2694,1,2,-51,-11,224
fold3_room7_mix002.csv,2695,1,2,-51,-11,224
fold3_room7_mix002.csv,2696,1,2,-51,-11,224
fold3_room7_mix002.csv,2697,1,2,-51,-11,224
fold3_room7_mix002.csv,2698,1,2,-51,-11,224
fold3_room7_mix002.csv,2699,1,2,-51,-11,224
fold3_room7_mix002.csv,2700,1,2,-51,-11,224
fold3_room7_mix002.csv,2701,1,2,-51,-11,224
fold3_room7_mix002.csv,2702,1,2,-51,-11,224
fold3_room7_mix002.csv,2703,1,2,-51,-11,223
fold3_room7_mix002.csv,2704,1,2,-51,-11,224
fold3_room7_mix002.csv,2705,1,2,-51,-11,223
fold3_room7_mix002.csv,2706,1,2,-51,-11,223
fold3_room7_mix002.csv,2707,1,2,-51,-11,223
fold3_room7_mix002.csv,2708,1,2,-51,-11,223
fold3_room7_mix002.csv,2709,1,2,-51,-11,223
fold3_room7_mix002.csv,2710,1,2,-51,-11,224
fold3_room7_mix002.csv,2711,1,2,-51,-11,223
fold3_room7_mix002.csv,2712,1,2,-51,-11,223
fold3_room7_mix002.csv,2713,1,2,-51,-11,223
fold3_room7_mix002.csv,2714,1,2,-51,-11,224
fold3_room7_mix002.csv,2715,1,2,-51,-11,224
fold3_room7_mix002.csv,2716,1,2,-51,-11,223
fold3_room7_mix002.csv,2717,1,2,-51,-11,223
fold3_room7_mix002.csv,2718,1,2,-51,-11,223
fold3_room7_mix002.csv,2719,1,2,-51,-11,224
fold3_room7_mix002.csv,2720,1,2,-51,-11,224
fold3_room7_mix002.csv,2721,1,2,-51,-11,224
fold3_room7_mix002.csv,2722,1,2,-51,-11,224
fold3_room7_mix002.csv,2723,1,2,-51,-11,224
fold3_room7_mix002.csv,2724,1,2,-51,-11,224
fold3_room7_mix002.csv,2725,1,2,-51,-11,224
fold3_room7_mix002.csv,2726,1,2,-51,-11,224
fold3_room7_mix002.csv,2727,1,2,-51,-11,224
fold3_room7_mix002.csv,2728,1,2,-51,-11,224
fold3_room7_mix002.csv,2729,1,2,-51,-11,224
fold3_room7_mix002.csv,2730,1,2,-51,-11,224
fold3_room7_mix002.csv,2731,1,2,-51,-11,224
fold3_room7_mix002.csv,2732,1,2,-51,-11,224
fold3_room7_mix002.csv,2733,1,2,-51,-11,224
fold3_room7_mix002.csv,2734,1,2,-51,-11,224
fold3_room7_mix002.csv,2735,1,2,-51,-11,224
fold3_room7_mix002.csv,2736,1,2,-51,-11,224
fold3_room7_mix002.csv,2737,1,2,-51,-11,224
fold3_room7_mix002.csv,2738,1,2,-51,-11,224
fold3_room7_mix002.csv,2739,1,2,-51,-11,224
fold3_room7_mix002.csv,2740,1,2,-51,-11,224
fold3_room7_mix002.csv,2741,1,2,-51,-11,224
fold3_room7_mix002.csv,2742,1,2,-51,-11,224
fold3_room7_mix002.csv,2743,1,2,-51,-11,224
fold3_room7_mix002.csv,2744,1,2,-51,-11,224
fold3_room7_mix002.csv,2745,1,2,-51,-11,224
fold3_room7_mix002.csv,2746,1,2,-51,-11,224
fold3_room7_mix002.csv,2747,1,2,-51,-11,224
fold3_room7_mix002.csv,2748,1,2,-51,-11,224
fold3_room7_mix002.csv,2749,1,2,-51,-11,223
fold3_room7_mix002.csv,2750,1,2,-51,-11,223
fold3_room7_mix002.csv,2751,1,2,-51,-11,223
fold3_room7_mix002.csv,2752,1,2,-51,-11,223
fold3_room7_mix002.csv,2753,1,2,-51,-11,223
fold3_room7_mix002.csv,2754,1,2,-51,-11,224
fold3_room7_mix002.csv,2755,1,2,-51,-11,223
fold3_room7_mix002.csv,2756,1,2,-51,-11,223
fold3_room7_mix002.csv,2757,1,2,-51,-11,224
fold3_room7_mix002.csv,2758,1,2,-51,-11,224
fold3_room7_mix002.csv,2759,1,2,-51,-11,224
fold3_room7_mix002.csv,2760,1,2,-51,-11,224
fold3_room7_mix002.csv,2761,1,2,-51,-11,224
fold3_room7_mix002.csv,2762,1,2,-51,-11,224
fold3_room7_mix002.csv,2763,1,2,-51,-11,224
fold3_room7_mix002.csv,2764,1,2,-51,-11,224
fold3_room7_mix002.csv,2765,1,2,-51,-11,224
fold3_room7_mix002.csv,2766,1,2,-51,-11,224
fold3_room7_mix002.csv,2767,1,2,-51,-11,223
fold3_room7_mix002.csv,2768,1,2,-51,-11,223
fold3_room7_mix002.csv,2769,1,2,-51,-11,224
fold3_room7_mix002.csv,2770,1,2,-51,-11,224
fold3_room7_mix002.csv,2771,1,2,-51,-11,224
fold3_room7_mix002.csv,2772,1,2,-51,-11,224
fold3_room7_mix002.csv,2773,1,2,-51,-11,223
fold3_room7_mix002.csv,2774,1,2,-51,-11,223
fold3_room7_mix002.csv,2775,1,2,-51,-11,223
fold3_room7_mix002.csv,2776,1,2,-51,-11,223
fold3_room7_mix002.csv,2777,1,2,-51,-11,223
fold3_room7_mix002.csv,2778,1,2,-51,-11,223
fold3_room7_mix002.csv,2779,1,2,-51,-11,223
fold3_room7_mix002.csv,2780,1,2,-51,-11,223
fold3_room7_mix002.csv,2781,1,2,-51,-11,223
fold3_room7_mix002.csv,2782,1,2,-51,-11,223
fold3_room7_mix002.csv,2783,1,2,-51,-11,223
fold3_room7_mix002.csv,2784,1,2,-51,-11,223
fold3_room7_mix002.csv,2785,1,2,-51,-11,223
fold3_room7_mix002.csv,2786,1,2,-51,-11,223
fold3_room7_mix002.csv,2787,1,2,-51,-11,223
fold3_room7_mix002.csv,2788,1,2,-51,-11,223
fold3_room7_mix002.csv,2789,1,2,-51,-11,223
fold3_room7_mix002.csv,2790,1,2,-51,-11,223
fold3_room7_mix002.csv,2791,1,2,-51,-11,223
fold3_room7_mix002.csv,2792,1,2,-51,-11,224
fold3_room7_mix002.csv,2793,1,2,-51,-11,223
fold3_room7_mix002.csv,2794,1,2,-51,-11,223
fold3_room7_mix002.csv,2795,1,2,-51,-11,223
fold3_room7_mix002.csv,2796,1,2,-51,-11,223
fold3_room7_mix002.csv,2797,1,2,-51,-11,223
fold3_room7_mix002.csv,2798,1,2,-51,-11,223
fold3_room7_mix002.csv,2799,1,2,-51,-11,223
fold3_room7_mix002.csv,2800,1,2,-51,-11,223
fold3_room7_mix002.csv,2801,1,2,-51,-11,223
fold3_room7_mix002.csv,2802,1,2,-51,-11,223
fold3_room7_mix002.csv,2803,1,2,-51,-11,223
fold3_room7_mix002.csv,2804,1,2,-51,-11,223
fold3_room7_mix002.csv,2805,1,2,-51,-11,223
fold3_room7_mix002.csv,2806,1,2,-51,-11,223
fold3_room7_mix002.csv,2807,1,2,-51,-11,223
fold3_room7_mix002.csv,2808,1,2,-51,-11,223
fold3_room7_mix002.csv,2809,1,2,-51,-11,223
fold3_room7_mix002.csv,2810,1,2,-51,-11,223
fold3_room7_mix002.csv,2811,1,2,-51,-11,223
fold3_room7_mix002.csv,2812,1,2,-51,-11,223
fold3_room7_mix002.csv,2813,1,2,-51,-11,223
fold3_room7_mix002.csv,2814,1,2,-51,-11,223
fold3_room7_mix002.csv,2815,1,2,-51,-11,223
fold3_room7_mix002.csv,2816,1,2,-51,-11,223
fold3_room7_mix002.csv,2817,1,2,-51,-11,223
fold3_room7_mix002.csv,2818,1,2,-51,-11,223
fold3_room7_mix002.csv,2819,1,2,-51,-11,223
fold3_room7_mix002.csv,2820,1,2,-51,-11,223
fold3_room7_mix002.csv,2821,1,2,-51,-11,223
fold3_room7_mix002.csv,2822,1,2,-51,-11,223
fold3_room7_mix002.csv,2823,1,2,-51,-11,223
fold3_room7_mix002.csv,2824,1,2,-51,-11,223
fold3_room7_mix002.csv,2825,1,2,-51,-11,223
fold3_room7_mix002.csv,2826,1,2,-51,-11,223
fold3_room7_mix002.csv,2827,1,2,-51,-11,223
fold3_room7_mix002.csv,2828,1,2,-51,-11,223
fold3_room7_mix002.csv,2829,1,2,-51,-11,223
fold3_room7_mix002.csv,2830,1,2,-51,-11,223
fold3_room7_mix002.csv,2831,1,2,-51,-11,223
fold3_room7_mix002.csv,2832,1,2,-51,-11,223
fold3_room7_mix002.csv,2833,1,2,-51,-11,223
fold3_room7_mix002.csv,2834,1,2,-51,-11,223
fold3_room7_mix002.csv,2835,1,2,-51,-11,223
fold3_room7_mix002.csv,2836,1,2,-51,-11,224
fold3_room7_mix002.csv,2837,1,2,-51,-11,224
fold3_room7_mix002.csv,2838,1,2,-51,-11,224
fold3_room7_mix002.csv,2839,1,2,-51,-11,224
fold3_room7_mix002.csv,2840,1,2,-51,-11,224
fold3_room7_mix002.csv,2841,1,2,-51,-11,224
fold3_room7_mix002.csv,2842,1,2,-51,-11,224
fold3_room7_mix002.csv,2843,1,2,-51,-11,224
fold3_room7_mix002.csv,2844,1,2,-51,-11,224
fold3_room7_mix002.csv,2845,1,2,-51,-11,224
fold3_room7_mix002.csv,2846,1,2,-51,-11,224
fold3_room7_mix002.csv,2847,1,2,-51,-11,224
fold3_room7_mix002.csv,2848,1,2,-51,-11,224
fold3_room7_mix002.csv,2849,1,2,-51,-11,224
fold3_room7_mix002.csv,2850,1,2,-51,-11,223
fold3_room7_mix002.csv,2851,1,2,-51,-11,223
fold3_room7_mix002.csv,2852,1,2,-51,-11,223
fold3_room7_mix002.csv,2853,1,2,-51,-11,223
fold3_room7_mix002.csv,2854,1,2,-51,-11,223
fold3_room7_mix002.csv,2855,1,2,-51,-11,223
fold3_room7_mix002.csv,2856,1,2,-51,-11,223
fold3_room7_mix002.csv,2857,1,2,-51,-11,223
fold3_room7_mix002.csv,2858,1,2,-51,-11,223
fold3_room7_mix002.csv,2859,1,2,-51,-11,223
fold3_room7_mix002.csv,2860,1,2,-51,-11,223
fold3_room7_mix002.csv,2861,1,2,-51,-11,223
fold3_room7_mix002.csv,2862,1,2,-51,-11,223
fold3_room7_mix002.csv,2863,1,2,-51,-11,223
fold3_room7_mix002.csv,2864,1,2,-51,-11,223
fold3_room7_mix002.csv,2865,1,2,-51,-11,223
fold3_room7_mix002.csv,2866,1,2,-51,-11,223
fold3_room7_mix002.csv,2867,1,2,-51,-11,223
fold3_room7_mix002.csv,2868,1,2,-51,-11,223
fold3_room7_mix002.csv,2869,1,2,-51,-11,223
fold3_room7_mix002.csv,2870,1,2,-51,-11,223
fold3_room7_mix002.csv,2871,1,2,-51,-11,223
fold3_room7_mix002.csv,2872,1,2,-51,-11,223
fold3_room7_mix002.csv,2873,1,2,-51,-11,223
fold3_room7_mix002.csv,2874,1,2,-51,-11,223
fold3_room7_mix002.csv,2875,1,2,-51,-11,223
fold3_room7_mix002.csv,2876,1,2,-51,-11,223
fold3_room7_mix002.csv,2877,1,2,-51,-11,223
fold3_room7_mix002.csv,2878,1,2,-51,-11,223
fold3_room7_mix002.csv,2879,1,2,-51,-11,223
fold3_room7_mix002.csv,2880,1,2,-51,-11,223
fold3_room7_mix002.csv,2881,1,2,-51,-11,223
fold3_room7_mix002.csv,2882,1,2,-51,-11,223
fold3_room7_mix002.csv,2883,1,2,-51,-11,223
fold3_room7_mix002.csv,2884,1,2,-51,-11,223
fold3_room7_mix002.csv,2920,1,2,-52,-11,223
fold3_room7_mix002.csv,2921,1,2,-52,-11,223
fold3_room7_mix002.csv,2922,1,2,-52,-11,223
fold3_room7_mix002.csv,2923,1,2,-52,-11,223
fold3_room7_mix002.csv,2924,1,2,-52,-11,222
fold3_room7_mix002.csv,2925,1,2,-51,-11,222
fold3_room7_mix002.csv,2926,1,2,-50,-11,221
fold3_room7_mix002.csv,2927,1,2,-50,-11,221
fold3_room7_mix002.csv,2928,1,2,-49,-11,221
fold3_room7_mix002.csv,2929,1,2,-49,-12,220
fold3_room7_mix002.csv,2930,1,2,-49,-12,219
fold3_room7_mix002.csv,2931,1,2,-49,-12,218
fold3_room7_mix002.csv,2932,1,2,-49,-12,218
fold3_room7_mix002.csv,2933,1,2,-49,-11,219
fold3_room7_mix002.csv,2934,1,2,-50,-11,220
fold3_room7_mix002.csv,2935,1,2,-49,-11,221
fold3_room7_mix002.csv,2936,1,2,-49,-11,222
fold3_room7_mix002.csv,2937,1,2,-49,-11,223
fold3_room7_mix002.csv,2938,1,2,-49,-11,223
fold3_room7_mix002.csv,2939,1,2,-49,-11,223
fold3_room7_mix002.csv,2940,1,2,-49,-11,224
fold3_room7_mix002.csv,2941,1,2,-49,-11,224
fold3_room7_mix002.csv,2942,1,2,-49,-11,223
fold3_room7_mix002.csv,2943,1,2,-48,-11,224
fold3_room7_mix002.csv,2944,1,2,-48,-11,225
fold3_room7_mix002.csv,2945,1,2,-48,-11,226
fold3_room7_mix002.csv,2946,1,2,-49,-11,226
fold3_room7_mix002.csv,2947,1,2,-49,-11,226
fold3_room7_mix002.csv,2948,1,2,-49,-11,226
fold3_room7_mix002.csv,2949,1,2,-49,-11,225
fold3_room7_mix002.csv,2950,1,2,-49,-11,226
fold3_room7_mix002.csv,2951,1,2,-49,-11,225
fold3_room7_mix002.csv,2952,1,2,-49,-11,225
fold3_room7_mix002.csv,2953,1,2,-49,-11,225
fold3_room7_mix002.csv,2954,1,2,-49,-11,225
fold3_room7_mix002.csv,2955,1,2,-49,-11,225
fold3_room7_mix002.csv,2956,1,2,-49,-11,225
fold3_room7_mix002.csv,2957,1,2,-49,-11,225
fold3_room7_mix002.csv,2958,1,2,-49,-11,225
fold3_room7_mix002.csv,2959,1,2,-49,-11,225
fold3_room7_mix002.csv,2960,1,2,-49,-11,225
fold3_room7_mix002.csv,2961,1,2,-49,-11,225
fold3_room7_mix002.csv,2962,1,2,-49,-11,225
fold3_room7_mix002.csv,2963,1,2,-49,-11,225
fold3_room7_mix002.csv,2964,1,2,-49,-11,225
fold3_room7_mix002.csv,2965,1,2,-49,-11,225
fold3_room7_mix002.csv,2966,1,2,-49,-11,225
fold3_room7_mix002.csv,2967,1,2,-49,-11,225
fold3_room7_mix002.csv,2968,1,2,-49,-11,225
fold3_room7_mix002.csv,2969,1,2,-49,-11,225
fold3_room7_mix002.csv,2970,1,2,-49,-11,225
fold3_room7_mix002.csv,2971,1,2,-49,-11,225
fold3_room7_mix002.csv,2972,1,2,-49,-11,225
fold3_room7_mix002.csv,2973,1,2,-49,-11,225
fold3_room7_mix002.csv,2974,1,2,-49,-11,225
fold3_room7_mix002.csv,2975,1,2,-49,-11,225
fold3_room7_mix002.csv,2976,1,2,-49,-11,225
fold3_room7_mix002.csv,2977,1,2,-49,-11,225
fold3_room7_mix002.csv,2978,1,2,-49,-11,225
fold3_room7_mix002.csv,2979,1,2,-49,-11,225
fold3_room7_mix002.csv,2980,1,2,-49,-11,225
fold3_room7_mix002.csv,2981,1,2,-49,-11,225
fold3_room7_mix002.csv,2982,1,2,-49,-11,225
fold3_room7_mix002.csv,2983,1,2,-49,-11,225
fold3_room7_mix002.csv,2984,1,2,-49,-11,225
fold3_room7_mix002.csv,2985,1,2,-49,-11,225
fold3_room7_mix002.csv,2986,1,2,-49,-11,225
fold3_room7_mix002.csv,2987,1,2,-49,-11,224
fold3_room7_mix002.csv,2988,1,2,-49,-11,224
fold3_room7_mix002.csv,2989,1,2,-49,-11,224
fold3_room7_mix002.csv,2990,1,2,-49,-11,224
fold3_room7_mix002.csv,2991,1,2,-49,-11,224
fold3_room7_mix002.csv,2992,1,2,-49,-11,225
fold3_room7_mix002.csv,2993,1,2,-49,-11,225
fold3_room7_mix002.csv,2994,1,2,-49,-11,225
fold3_room7_mix002.csv,2995,1,2,-49,-11,225
fold3_room7_mix002.csv,2996,1,2,-49,-11,225
fold3_room7_mix002.csv,2997,1,2,-49,-11,225
fold3_room7_mix002.csv,2998,1,2,-48,-11,224
fold3_room7_mix002.csv,2999,1,2,-48,-11,224
fold3_room7_mix002.csv,3000,1,2,-49,-11,225
fold3_room7_mix002.csv,3001,1,2,-49,-11,225
fold3_room7_mix002.csv,3002,1,2,-49,-11,225
fold3_room7_mix002.csv,3003,1,2,-49,-11,225
fold3_room7_mix002.csv,3004,1,2,-49,-11,225
fold3_room7_mix002.csv,3005,1,2,-49,-11,225
fold3_room7_mix002.csv,3006,1,2,-49,-11,225
fold3_room7_mix002.csv,3007,1,2,-49,-11,225
fold3_room7_mix002.csv,3008,1,2,-49,-11,225
fold3_room7_mix002.csv,3009,1,2,-49,-11,225
fold3_room7_mix002.csv,3010,1,2,-49,-11,225
fold3_room7_mix002.csv,3011,1,2,-49,-11,225
fold3_room7_mix002.csv,3012,1,2,-49,-11,225
fold3_room7_mix002.csv,3013,1,2,-49,-11,225
fold3_room7_mix002.csv,3014,1,2,-49,-11,225
fold3_room7_mix002.csv,3015,1,2,-49,-11,225
fold3_room7_mix002.csv,3016,1,2,-49,-11,225
fold3_room7_mix002.csv,3017,1,2,-49,-11,225
fold3_room7_mix002.csv,3018,1,2,-49,-11,225
fold3_room7_mix002.csv,3019,1,2,-49,-11,225
fold3_room7_mix002.csv,3020,1,2,-49,-11,225
fold3_room7_mix002.csv,3021,1,2,-49,-11,225
fold3_room7_mix002.csv,3022,1,2,-49,-11,225
fold3_room7_mix002.csv,3023,1,2,-49,-11,225
fold3_room7_mix002.csv,3024,1,2,-48,-11,225
fold3_room7_mix002.csv,3025,1,2,-49,-11,225
fold3_room7_mix002.csv,3026,1,2,-49,-11,225
fold3_room7_mix002.csv,3027,1,2,-49,-11,225
fold3_room7_mix002.csv,3028,1,2,-49,-11,225
fold3_room7_mix002.csv,3029,1,2,-49,-11,225
fold3_room7_mix002.csv,3040,1,2,-49,-11,225
fold3_room7_mix002.csv,3041,1,2,-49,-11,224
fold3_room7_mix002.csv,3042,1,2,-49,-11,225
fold3_room7_mix002.csv,3043,1,2,-49,-11,225
fold3_room7_mix002.csv,3044,1,2,-49,-11,224
fold3_room7_mix002.csv,3045,1,2,-49,-11,224
fold3_room7_mix002.csv,3046,1,2,-49,-11,223
fold3_room7_mix002.csv,3047,1,2,-49,-11,223
fold3_room7_mix002.csv,3048,1,2,-49,-11,223
fold3_room7_mix002.csv,3049,1,2,-49,-11,224
fold3_room7_mix002.csv,3050,1,2,-49,-11,224
fold3_room7_mix002.csv,3051,1,2,-49,-11,224
fold3_room7_mix002.csv,3052,1,2,-49,-11,224
fold3_room7_mix002.csv,3053,1,2,-49,-11,225
fold3_room7_mix002.csv,3054,1,2,-49,-11,224
fold3_room7_mix002.csv,3055,1,2,-49,-11,224
fold3_room7_mix002.csv,3056,1,2,-49,-11,224
fold3_room7_mix002.csv,3057,1,2,-49,-11,224
fold3_room7_mix002.csv,3058,1,2,-49,-11,224
fold3_room7_mix002.csv,3059,1,2,-49,-11,224
fold3_room7_mix002.csv,3060,1,2,-49,-11,224
fold3_room7_mix002.csv,3061,1,2,-49,-11,224
fold3_room7_mix002.csv,3062,1,2,-49,-11,223
fold3_room7_mix002.csv,3063,1,2,-49,-11,224
fold3_room7_mix002.csv,3064,1,2,-49,-11,224
fold3_room7_mix002.csv,3065,1,2,-49,-11,224
fold3_room7_mix002.csv,3066,1,2,-49,-11,224
fold3_room7_mix002.csv,3067,1,2,-48,-11,224
fold3_room7_mix002.csv,3068,1,2,-48,-11,224
fold3_room7_mix002.csv,3069,1,2,-48,-11,224
fold3_room7_mix002.csv,3075,1,2,-48,-11,223
fold3_room7_mix002.csv,3076,1,2,-48,-11,223
fold3_room7_mix002.csv,3077,1,2,-48,-11,223
fold3_room7_mix002.csv,3078,1,2,-48,-11,224
fold3_room7_mix002.csv,3079,1,2,-48,-11,224
fold3_room7_mix002.csv,3080,1,2,-48,-11,225
fold3_room7_mix002.csv,3081,1,2,-48,-11,225
fold3_room7_mix002.csv,3082,1,2,-48,-11,225
fold3_room7_mix002.csv,3083,1,2,-48,-11,226
fold3_room7_mix002.csv,3084,1,2,-48,-11,226
fold3_room7_mix002.csv,3085,1,2,-48,-11,226
fold3_room7_mix002.csv,3086,1,2,-48,-11,226
fold3_room7_mix002.csv,3087,1,2,-48,-11,226
fold3_room7_mix002.csv,3088,1,2,-48,-11,226
fold3_room7_mix002.csv,3089,1,2,-48,-11,226
fold3_room7_mix002.csv,3105,1,2,-50,-12,200
fold3_room7_mix002.csv,3106,1,2,-50,-12,195
fold3_room7_mix002.csv,3107,1,2,-50,-13,188
fold3_room7_mix002.csv,3108,1,2,-50,-14,181
fold3_room7_mix002.csv,3109,1,2,-49,-15,172
fold3_room7_mix002.csv,3110,1,2,-48,-15,165
fold3_room7_mix002.csv,3111,1,2,-47,-14,160
fold3_room7_mix002.csv,3112,1,2,-46,-11,158
fold3_room7_mix002.csv,3113,1,2,-44,-8,158
fold3_room7_mix002.csv,3114,1,2,-43,-5,159
fold3_room7_mix003.csv,30,1,1,39,-17,258
fold3_room7_mix003.csv,31,1,1,39,-17,258
fold3_room7_mix003.csv,32,1,1,39,-17,258
fold3_room7_mix003.csv,33,1,1,39,-17,258
fold3_room7_mix003.csv,34,1,1,39,-17,258
fold3_room7_mix003.csv,35,1,1,39,-17,258
fold3_room7_mix003.csv,36,1,1,39,-17,258
fold3_room7_mix003.csv,37,1,1,39,-17,256
fold3_room7_mix003.csv,38,1,1,39,-17,255
fold3_room7_mix003.csv,39,1,1,40,-17,254
fold3_room7_mix003.csv,40,1,1,40,-18,253
fold3_room7_mix003.csv,41,1,1,41,-18,253
fold3_room7_mix003.csv,42,1,1,41,-18,253
fold3_room7_mix003.csv,43,1,1,42,-18,253
fold3_room7_mix003.csv,44,1,1,42,-18,253
fold3_room7_mix003.csv,45,1,1,43,-18,254
fold3_room7_mix003.csv,46,1,1,44,-18,254
fold3_room7_mix003.csv,47,1,1,44,-18,254
fold3_room7_mix003.csv,48,1,1,44,-18,254
fold3_room7_mix003.csv,49,1,1,43,-18,254
fold3_room7_mix003.csv,50,1,2,-116,-8,291
fold3_room7_mix003.csv,51,1,2,-116,-8,291
fold3_room7_mix003.csv,52,1,2,-116,-8,291
fold3_room7_mix003.csv,53,1,2,-116,-8,291
fold3_room7_mix003.csv,54,1,2,-116,-8,292
fold3_room7_mix003.csv,55,1,2,-116,-8,292
fold3_room7_mix003.csv,56,1,2,-116,-8,293
fold3_room7_mix003.csv,57,1,2,-115,-8,293
fold3_room7_mix003.csv,58,1,2,-115,-8,294
fold3_room7_mix003.csv,59,1,2,-115,-9,295
fold3_room7_mix003.csv,60,1,1,40,-17,253
fold3_room7_mix003.csv,61,1,1,40,-18,253
fold3_room7_mix003.csv,62,1,1,40,-18,253
fold3_room7_mix003.csv,63,1,1,40,-18,253
fold3_room7_mix003.csv,64,1,1,40,-18,253
fold3_room7_mix003.csv,65,1,1,40,-18,253
fold3_room7_mix003.csv,66,1,1,39,-18,253
fold3_room7_mix003.csv,67,1,1,39,-18,253
fold3_room7_mix003.csv,68,1,1,39,-18,252
fold3_room7_mix003.csv,69,1,1,39,-18,252
fold3_room7_mix003.csv,70,1,1,39,-18,253
fold3_room7_mix003.csv,71,1,1,39,-18,253
fold3_room7_mix003.csv,72,1,1,39,-18,253
fold3_room7_mix003.csv,73,1,1,39,-18,253
fold3_room7_mix003.csv,74,1,1,39,-18,252
fold3_room7_mix003.csv,75,1,1,39,-18,252
fold3_room7_mix003.csv,76,1,1,39,-18,252
fold3_room7_mix003.csv,77,1,1,39,-18,251
fold3_room7_mix003.csv,78,1,1,39,-18,251
fold3_room7_mix003.csv,79,1,1,39,-18,251
fold3_room7_mix003.csv,80,1,1,39,-18,252
fold3_room7_mix003.csv,81,1,1,39,-18,252
fold3_room7_mix003.csv,82,1,1,39,-18,252
fold3_room7_mix003.csv,83,1,1,39,-18,252
fold3_room7_mix003.csv,84,1,1,39,-18,251
fold3_room7_mix003.csv,85,1,1,39,-18,251
fold3_room7_mix003.csv,86,1,1,39,-18,251
fold3_room7_mix003.csv,87,1,1,39,-18,251
fold3_room7_mix003.csv,88,1,1,39,-18,251
fold3_room7_mix003.csv,89,1,1,39,-18,251
fold3_room7_mix003.csv,90,1,1,39,-18,251
fold3_room7_mix003.csv,91,1,1,39,-18,251
fold3_room7_mix003.csv,92,1,1,39,-18,251
fold3_room7_mix003.csv,93,1,1,39,-18,251
fold3_room7_mix003.csv,94,1,1,39,-18,251
fold3_room7_mix003.csv,100,1,2,-115,-8,292
fold3_room7_mix003.csv,101,1,2,-115,-8,292
fold3_room7_mix003.csv,102,1,2,-115,-8,292
fold3_room7_mix003.csv,103,1,2,-115,-8,293
fold3_room7_mix003.csv,104,1,2,-116,-8,294
fold3_room7_mix003.csv,105,1,1,39,-18,251
fold3_room7_mix003.csv,106,1,1,39,-18,252
fold3_room7_mix003.csv,107,1,1,39,-18,253
fold3_room7_mix003.csv,108,1,1,39,-18,254
fold3_room7_mix003.csv,109,1,1,39,-18,254
fold3_room7_mix003.csv,110,1,1,39,-18,254
fold3_room7_mix003.csv,111,1,1,39,-18,252
fold3_room7_mix003.csv,112,1,1,39,-18,251
fold3_room7_mix003.csv,113,1,1,40,-18,251
fold3_room7_mix003.csv,114,1,1,40,-18,250
fold3_room7_mix003.csv,115,1,1,40,-18,250
fold3_room7_mix003.csv,116,1,1,39,-18,250
fold3_room7_mix003.csv,117,1,1,39,-18,250
fold3_room7_mix003.csv,118,1,1,39,-18,250
fold3_room7_mix003.csv,119,1,1,39,-18,250
fold3_room7_mix003.csv,125,1,2,-116,-8,296
fold3_room7_mix003.csv,126,1,2,-116,-8,296
fold3_room7_mix003.csv,127,1,2,-116,-8,296
fold3_room7_mix003.csv,128,1,2,-116,-8,296
fold3_room7_mix003.csv,129,1,2,-116,-8,296
fold3_room7_mix003.csv,130,1,2,-116,-8,296
fold3_room7_mix003.csv,131,1,2,-116,-8,296
fold3_room7_mix003.csv,132,1,2,-116,-8,296
fold3_room7_mix003.csv,133,1,2,-116,-8,296
fold3_room7_mix003.csv,134,1,2,-116,-8,296
fold3_room7_mix003.csv,2080,1,1,41,-17,199
fold3_room7_mix003.csv,2081,1,1,40,-17,200
fold3_room7_mix003.csv,2082,1,1,40,-16,202
fold3_room7_mix003.csv,2083,1,1,39,-16,203
fold3_room7_mix003.csv,2084,1,1,39,-16,205
fold3_room7_mix003.csv,2085,1,1,39,-16,206
fold3_room7_mix003.csv,2086,1,1,39,-16,206
fold3_room7_mix003.csv,2087,1,1,39,-16,206
fold3_room7_mix003.csv,2088,1,1,39,-16,207
fold3_room7_mix003.csv,2089,1,1,39,-16,207
fold3_room7_mix003.csv,2090,1,1,39,-16,207
fold3_room7_mix003.csv,2091,1,1,40,-16,207
fold3_room7_mix003.csv,2092,1,1,40,-16,207
fold3_room7_mix003.csv,2093,1,1,41,-16,207
fold3_room7_mix003.csv,2094,1,1,42,-16,207
fold3_room7_mix003.csv,2095,1,1,42,-16,208
fold3_room7_mix003.csv,2096,1,1,43,-16,210
fold3_room7_mix003.csv,2097,1,1,43,-16,211
fold3_room7_mix003.csv,2098,1,1,44,-16,212
fold3_room7_mix003.csv,2099,1,1,44,-16,214
fold3_room7_mix003.csv,2100,1,1,45,-15,218
fold3_room7_mix003.csv,2101,1,1,44,-15,222
fold3_room7_mix003.csv,2102,1,1,44,-15,224
fold3_room7_mix003.csv,2103,1,1,44,-15,226
fold3_room7_mix003.csv,2104,1,1,43,-15,229
fold3_room7_mix003.csv,2105,1,1,42,-15,232
fold3_room7_mix003.csv,2106,1,1,42,-16,235
fold3_room7_mix003.csv,2107,1,1,41,-16,238
fold3_room7_mix003.csv,2108,1,1,40,-16,240
fold3_room7_mix003.csv,2109,1,1,40,-16,243
fold3_room7_mix003.csv,2110,1,1,40,-16,245
fold3_room7_mix003.csv,2111,1,1,40,-16,248
fold3_room7_mix003.csv,2112,1,1,41,-17,251
fold3_room7_mix003.csv,2113,1,1,41,-16,254
fold3_room7_mix003.csv,2114,1,1,41,-16,257
fold3_room7_mix003.csv,2115,1,2,-116,-9,261
fold3_room7_mix003.csv,2116,1,2,-116,-9,261
fold3_room7_mix003.csv,2117,1,2,-116,-9,262
fold3_room7_mix003.csv,2118,1,2,-116,-9,263
fold3_room7_mix003.csv,2119,1,2,-116,-9,263
fold3_room7_mix003.csv,2120,1,2,-116,-9,263
fold3_room7_mix003.csv,2121,1,2,-116,-9,264
fold3_room7_mix003.csv,2122,1,2,-116,-9,265
fold3_room7_mix003.csv,2123,1,2,-116,-9,267
fold3_room7_mix003.csv,2124,1,2,-116,-9,268
fold3_room7_mix003.csv,2125,1,2,-116,-9,270
fold3_room7_mix003.csv,2126,1,2,-116,-9,273
fold3_room7_mix003.csv,2127,1,2,-116,-8,276
fold3_room7_mix003.csv,2128,1,2,-116,-8,279
fold3_room7_mix003.csv,2129,1,2,-115,-8,282
fold3_room7_mix003.csv,2130,1,2,-115,-8,284
fold3_room7_mix003.csv,2131,1,2,-115,-8,286
fold3_room7_mix003.csv,2132,1,2,-115,-8,287
fold3_room7_mix003.csv,2133,1,2,-115,-8,289
fold3_room7_mix003.csv,2134,1,2,-115,-8,291
fold3_room7_mix003.csv,2135,1,2,-115,-8,292
fold3_room7_mix003.csv,2136,1,2,-115,-8,292
fold3_room7_mix003.csv,2137,1,2,-115,-8,292
fold3_room7_mix003.csv,2138,1,2,-115,-8,290
fold3_room7_mix003.csv,2139,1,2,-115,-8,290
fold3_room7_mix003.csv,2140,1,2,-116,-8,290
fold3_room7_mix003.csv,2141,1,2,-116,-8,290
fold3_room7_mix003.csv,2142,1,2,-116,-8,290
fold3_room7_mix003.csv,2143,1,2,-116,-8,291
fold3_room7_mix003.csv,2144,1,2,-117,-8,291
fold3_room9_mix005.csv,20,1,1,52,-12,199
fold3_room9_mix005.csv,21,1,1,52,-12,198
fold3_room9_mix005.csv,22,1,1,52,-12,198
fold3_room9_mix005.csv,23,1,1,52,-12,198
fold3_room9_mix005.csv,24,1,1,52,-12,198
fold3_room9_mix005.csv,35,1,1,52,-13,197
fold3_room9_mix005.csv,36,1,1,52,-13,197
fold3_room9_mix005.csv,37,1,1,52,-13,196
fold3_room9_mix005.csv,38,1,1,52,-13,196
fold3_room9_mix005.csv,39,1,1,52,-13,196
fold3_room9_mix005.csv,60,1,1,52,-12,197
fold3_room9_mix005.csv,61,1,1,52,-13,197
fold3_room9_mix005.csv,62,1,1,52,-13,196
fold3_room9_mix005.csv,63,1,1,52,-13,196
fold3_room9_mix005.csv,64,1,1,52,-13,196
fold3_room9_mix005.csv,65,1,1,52,-13,196
fold3_room9_mix005.csv,66,1,1,52,-13,196
fold3_room9_mix005.csv,67,1,1,52,-13,196
fold3_room9_mix005.csv,68,1,1,52,-13,196
fold3_room9_mix005.csv,69,1,1,52,-13,196
fold3_room9_mix005.csv,95,1,1,52,-13,194
fold3_room9_mix005.csv,96,1,1,52,-13,195
fold3_room9_mix005.csv,97,1,1,52,-13,194
fold3_room9_mix005.csv,98,1,1,52,-13,194
fold3_room9_mix005.csv,99,1,1,52,-13,194
fold3_room9_mix005.csv,100,1,1,52,-13,194
fold3_room9_mix005.csv,101,1,1,52,-13,194
fold3_room9_mix005.csv,102,1,1,52,-13,194
fold3_room9_mix005.csv,103,1,1,52,-13,194
fold3_room9_mix005.csv,104,1,1,52,-13,194
fold3_room9_mix005.csv,105,1,1,52,-13,194
fold3_room9_mix005.csv,106,1,1,52,-13,194
fold3_room9_mix005.csv,107,1,1,52,-13,194
fold3_room9_mix005.csv,108,1,1,52,-13,194
fold3_room9_mix005.csv,109,1,1,52,-13,194
fold3_room9_mix005.csv,110,1,1,52,-13,194
fold3_room9_mix005.csv,111,1,1,52,-13,194
fold3_room9_mix005.csv,112,1,1,51,-13,194
fold3_room9_mix005.csv,113,1,1,51,-13,195
fold3_room9_mix005.csv,114,1,1,51,-13,195
fold3_room9_mix005.csv,115,1,1,51,-13,195
fold3_room9_mix005.csv,116,1,1,51,-13,195
fold3_room9_mix005.csv,117,1,1,51,-13,195
fold3_room9_mix005.csv,118,1,1,51,-13,195
fold3_room9_mix005.csv,119,1,1,51,-13,195
fold3_room9_mix005.csv,120,1,1,51,-13,195
fold3_room9_mix005.csv,121,1,1,51,-13,195
fold3_room9_mix005.csv,122,1,1,51,-13,196
fold3_room9_mix005.csv,123,1,1,51,-13,196
fold3_room9_mix005.csv,124,1,1,51,-13,196
fold3_room9_mix005.csv,125,1,1,51,-13,196
fold3_room9_mix005.csv,126,1,1,51,-13,196
fold3_room9_mix005.csv,127,1,1,51,-13,195
fold3_room9_mix005.csv,128,1,1,51,-13,195
fold3_room9_mix005.csv,129,1,1,51,-13,195
fold3_room9_mix005.csv,130,1,1,51,-13,195
fold3_room9_mix005.csv,131,1,1,51,-13,195
fold3_room9_mix005.csv,132,1,1,52,-13,195
fold3_room9_mix005.csv,133,1,1,52,-13,195
fold3_room9_mix005.csv,134,1,1,52,-13,195
fold3_room9_mix005.csv,135,1,1,52,-13,194
fold3_room9_mix005.csv,136,1,1,52,-13,194
fold3_room9_mix005.csv,137,1,1,52,-13,195
fold3_room9_mix005.csv,138,1,1,52,-13,195
fold3_room9_mix005.csv,139,1,1,52,-13,195
fold3_room9_mix005.csv,140,1,1,52,-13,195
fold3_room9_mix005.csv,141,1,1,52,-13,194
fold3_room9_mix005.csv,142,1,1,52,-13,194
fold3_room9_mix005.csv,143,1,1,52,-13,194
fold3_room9_mix005.csv,144,1,1,52,-13,194
fold3_room9_mix005.csv,145,1,1,52,-13,194
fold3_room9_mix005.csv,146,1,1,52,-13,194
fold3_room9_mix005.csv,147,1,1,52,-13,194
fold3_room9_mix005.csv,148,1,1,52,-13,194
fold3_room9_mix005.csv,149,1,1,52,-13,194
fold3_room9_mix005.csv,150,1,1,52,-13,194
fold3_room9_mix005.csv,151,1,1,52,-13,195
fold3_room9_mix005.csv,152,1,1,52,-13,195
fold3_room9_mix005.csv,153,1,1,52,-13,195
fold3_room9_mix005.csv,154,1,1,52,-13,196
fold3_room9_mix005.csv,155,1,1,52,-13,196
fold3_room9_mix005.csv,156,1,1,52,-13,196
fold3_room9_mix005.csv,157,1,1,52,-13,196
fold3_room9_mix005.csv,158,1,1,52,-13,196
fold3_room9_mix005.csv,159,1,1,52,-13,197
fold3_room9_mix005.csv,160,1,1,52,-13,197
fold3_room9_mix005.csv,161,1,1,51,-13,197
fold3_room9_mix005.csv,162,1,1,51,-13,196
fold3_room9_mix005.csv,163,1,1,51,-13,196
fold3_room9_mix005.csv,164,1,1,51,-13,196
fold3_room9_mix005.csv,165,1,1,51,-13,196
fold3_room9_mix005.csv,166,1,1,51,-13,196
fold3_room9_mix005.csv,167,1,1,51,-13,196
fold3_room9_mix005.csv,168,1,1,52,-13,196
fold3_room9_mix005.csv,169,1,1,52,-13,195
fold3_room9_mix005.csv,170,1,1,52,-13,194
fold3_room9_mix005.csv,171,1,1,52,-13,194
fold3_room9_mix005.csv,172,1,1,52,-13,194
fold3_room9_mix005.csv,173,1,1,52,-13,194
fold3_room9_mix005.csv,174,1,1,52,-13,194
fold3_room9_mix005.csv,175,1,1,52,-13,194
fold3_room9_mix005.csv,176,1,1,52,-13,194
fold3_room9_mix005.csv,177,1,1,52,-13,194
fold3_room9_mix005.csv,178,1,1,52,-13,194
fold3_room9_mix005.csv,179,1,1,52,-13,194
fold3_room9_mix005.csv,180,1,1,52,-13,195
fold3_room9_mix005.csv,181,1,1,52,-13,195
fold3_room9_mix005.csv,182,1,1,52,-13,195
fold3_room9_mix005.csv,183,1,1,52,-13,195
fold3_room9_mix005.csv,184,1,1,52,-13,195
fold3_room9_mix005.csv,185,1,1,52,-13,195
fold3_room9_mix005.csv,186,1,1,52,-13,196
fold3_room9_mix005.csv,187,1,1,52,-13,195
fold3_room9_mix005.csv,188,1,1,52,-13,195
fold3_room9_mix005.csv,189,1,1,52,-13,195
fold3_room9_mix005.csv,190,1,1,52,-13,195
fold3_room9_mix005.csv,191,1,1,52,-13,195
fold3_room9_mix005.csv,192,1,1,52,-13,195
fold3_room9_mix005.csv,193,1,1,52,-13,196
fold3_room9_mix005.csv,194,1,1,52,-13,196
fold3_room9_mix005.csv,195,1,1,52,-13,196
fold3_room9_mix005.csv,196,1,1,52,-13,196
fold3_room9_mix005.csv,197,1,1,52,-13,195
fold3_room9_mix005.csv,198,1,1,52,-13,195
fold3_room9_mix005.csv,199,1,1,52,-13,195
fold3_room9_mix005.csv,200,1,1,52,-13,195
fold3_room9_mix005.csv,201,1,1,52,-13,194
fold3_room9_mix005.csv,202,1,1,52,-13,194
fold3_room9_mix005.csv,203,1,1,52,-13,194
fold3_room9_mix005.csv,204,1,1,52,-13,194
fold3_room9_mix005.csv,205,1,1,52,-13,193
fold3_room9_mix005.csv,206,1,1,52,-13,194
fold3_room9_mix005.csv,207,1,1,52,-13,194
fold3_room9_mix005.csv,208,1,1,52,-13,194
fold3_room9_mix005.csv,209,1,1,52,-13,194
fold3_room9_mix005.csv,210,1,1,52,-13,194
fold3_room9_mix005.csv,211,1,1,52,-13,195
fold3_room9_mix005.csv,212,1,1,52,-13,195
fold3_room9_mix005.csv,213,1,1,52,-13,195
fold3_room9_mix005.csv,214,1,1,52,-13,195
fold3_room9_mix005.csv,215,1,1,52,-13,196
fold3_room9_mix005.csv,216,1,1,52,-13,196
fold3_room9_mix005.csv,217,1,1,52,-13,196
fold3_room9_mix005.csv,218,1,1,52,-13,196
fold3_room9_mix005.csv,219,1,1,52,-13,196
fold3_room9_mix005.csv,220,1,1,52,-13,195
fold3_room9_mix005.csv,221,1,1,52,-13,195
fold3_room9_mix005.csv,222,1,1,52,-13,195
fold3_room9_mix005.csv,223,1,1,52,-13,195
fold3_room9_mix005.csv,224,1,1,51,-13,195
fold3_room9_mix005.csv,225,1,1,51,-13,195
fold3_room9_mix005.csv,226,1,1,51,-13,195
fold3_room9_mix005.csv,227,1,1,51,-13,196
fold3_room9_mix005.csv,228,1,1,51,-13,196
fold3_room9_mix005.csv,229,1,1,51,-13,196
fold3_room9_mix005.csv,230,1,1,51,-13,195
fold3_room9_mix005.csv,231,1,1,52,-13,195
fold3_room9_mix005.csv,232,1,1,52,-13,196
fold3_room9_mix005.csv,233,1,1,52,-13,196
fold3_room9_mix005.csv,234,1,1,52,-13,196
fold3_room9_mix005.csv,235,1,1,52,-13,195
fold3_room9_mix005.csv,236,1,1,52,-13,195
fold3_room9_mix005.csv,237,1,1,52,-13,195
fold3_room9_mix005.csv,238,1,1,52,-13,195
fold3_room9_mix005.csv,239,1,1,52,-13,195
fold3_room9_mix005.csv,240,1,1,52,-13,195
fold3_room9_mix005.csv,241,1,1,52,-13,195
fold3_room9_mix005.csv,242,1,1,52,-13,195
fold3_room9_mix005.csv,243,1,1,52,-13,196
fold3_room9_mix005.csv,244,1,1,52,-13,195
fold3_room9_mix005.csv,245,1,1,52,-13,195
fold3_room9_mix005.csv,246,1,1,52,-13,195
fold3_room9_mix005.csv,247,1,1,51,-13,195
fold3_room9_mix005.csv,248,1,1,51,-13,195
fold3_room9_mix005.csv,249,1,1,51,-13,195
fold3_room9_mix005.csv,250,1,1,51,-13,195
fold3_room9_mix005.csv,251,1,1,51,-13,195
fold3_room9_mix005.csv,252,1,1,51,-13,195
fold3_room9_mix005.csv,253,1,1,52,-13,195
fold3_room9_mix005.csv,254,1,1,52,-13,195
fold3_room9_mix005.csv,255,1,1,52,-13,195
fold3_room9_mix005.csv,256,1,1,52,-13,195
fold3_room9_mix005.csv,257,1,1,52,-13,195
fold3_room9_mix005.csv,258,1,1,52,-13,195
fold3_room9_mix005.csv,259,1,1,52,-13,195
fold3_room9_mix005.csv,260,1,1,52,-13,195
fold3_room9_mix005.csv,261,1,1,52,-13,195
fold3_room9_mix005.csv,262,1,1,52,-13,195
fold3_room9_mix005.csv,263,1,1,52,-13,194
fold3_room9_mix005.csv,264,1,1,52,-13,194
fold3_room9_mix005.csv,265,1,1,52,-13,194
fold3_room9_mix005.csv,266,1,1,52,-13,194
fold3_room9_mix005.csv,267,1,1,52,-13,194
fold3_room9_mix005.csv,268,1,1,52,-13,194
fold3_room9_mix005.csv,269,1,1,52,-13,194
fold3_room9_mix005.csv,270,1,1,52,-13,194
fold3_room9_mix005.csv,271,1,1,52,-13,194
fold3_room9_mix005.csv,272,1,1,52,-13,195
fold3_room9_mix005.csv,273,1,1,52,-13,195
fold3_room9_mix005.csv,274,1,1,52,-13,195
fold3_room9_mix005.csv,275,1,1,52,-13,195
fold3_room9_mix005.csv,276,1,1,52,-13,195
fold3_room9_mix005.csv,277,1,1,52,-13,194
fold3_room9_mix005.csv,278,1,1,52,-13,195
fold3_room9_mix005.csv,279,1,1,52,-13,195
fold3_room9_mix005.csv,370,1,1,51,-13,198
fold3_room9_mix005.csv,371,1,1,51,-13,198
fold3_room9_mix005.csv,372,1,1,51,-13,199
fold3_room9_mix005.csv,373,1,1,51,-12,200
fold3_room9_mix005.csv,374,1,1,51,-12,200
fold3_room9_mix005.csv,395,1,1,53,-13,202
fold3_room9_mix005.csv,396,1,1,53,-13,202
fold3_room9_mix005.csv,397,1,1,53,-13,202
fold3_room9_mix005.csv,398,1,1,53,-13,202
fold3_room9_mix005.csv,399,1,1,53,-13,202
fold3_room9_mix005.csv,400,1,1,53,-13,202
fold3_room9_mix005.csv,401,1,1,53,-13,202
fold3_room9_mix005.csv,402,1,1,53,-13,202
fold3_room9_mix005.csv,403,1,1,53,-13,202
fold3_room9_mix005.csv,404,1,1,53,-13,202
fold3_room9_mix005.csv,405,1,1,53,-13,203
fold3_room9_mix005.csv,406,1,1,53,-13,203
fold3_room9_mix005.csv,407,1,1,53,-13,203
fold3_room9_mix005.csv,408,1,1,53,-13,203
fold3_room9_mix005.csv,409,1,1,53,-13,203
fold3_room9_mix005.csv,410,1,1,53,-13,203
fold3_room9_mix005.csv,411,1,1,53,-13,203
fold3_room9_mix005.csv,412,1,1,53,-13,203
fold3_room9_mix005.csv,413,1,1,53,-13,203
fold3_room9_mix005.csv,414,1,1,53,-13,203
fold3_room9_mix005.csv,415,1,1,53,-13,203
fold3_room9_mix005.csv,416,1,1,53,-13,203
fold3_room9_mix005.csv,417,1,1,53,-13,203
fold3_room9_mix005.csv,418,1,1,53,-13,203
fold3_room9_mix005.csv,419,1,1,53,-13,203
fold3_room9_mix005.csv,420,1,1,53,-13,203
fold3_room9_mix005.csv,421,1,1,53,-12,204
fold3_room9_mix005.csv,422,1,1,53,-12,204
fold3_room9_mix005.csv,423,1,1,53,-12,204
fold3_room9_mix005.csv,424,1,1,53,-12,204
fold3_room9_mix005.csv,425,1,1,53,-12,204
fold3_room9_mix005.csv,426,1,1,53,-12,204
fold3_room9_mix005.csv,427,1,1,53,-13,203
fold3_room9_mix005.csv,428,1,1,53,-13,203
fold3_room9_mix005.csv,429,1,1,53,-13,202
fold3_room9_mix005.csv,430,1,1,53,-13,202
fold3_room9_mix005.csv,431,1,1,52,-13,201
fold3_room9_mix005.csv,432,1,1,52,-13,201
fold3_room9_mix005.csv,433,1,1,52,-13,201
fold3_room9_mix005.csv,434,1,1,52,-13,202
fold3_room9_mix005.csv,435,1,1,52,-13,202
fold3_room9_mix005.csv,436,1,1,52,-13,202
fold3_room9_mix005.csv,437,1,1,52,-13,202
fold3_room9_mix005.csv,438,1,1,52,-13,202
fold3_room9_mix005.csv,439,1,1,52,-12,202
fold3_room9_mix005.csv,440,1,1,52,-12,203
fold3_room9_mix005.csv,441,1,1,52,-12,203
fold3_room9_mix005.csv,442,1,1,52,-12,204
fold3_room9_mix005.csv,443,1,1,52,-12,203
fold3_room9_mix005.csv,444,1,1,52,-12,203
fold3_room9_mix005.csv,445,1,1,52,-12,203
fold3_room9_mix005.csv,446,1,1,53,-13,203
fold3_room9_mix005.csv,447,1,1,53,-13,203
fold3_room9_mix005.csv,448,1,1,53,-13,203
fold3_room9_mix005.csv,449,1,1,53,-13,203
fold3_room9_mix005.csv,450,1,1,53,-13,203
fold3_room9_mix005.csv,451,1,1,53,-13,203
fold3_room9_mix005.csv,452,1,1,53,-13,203
fold3_room9_mix005.csv,453,1,1,53,-13,203
fold3_room9_mix005.csv,454,1,1,53,-13,203
fold3_room9_mix005.csv,455,1,1,53,-13,203
fold3_room9_mix005.csv,456,1,1,53,-13,203
fold3_room9_mix005.csv,457,1,1,53,-13,203
fold3_room9_mix005.csv,458,1,1,53,-13,203
fold3_room9_mix005.csv,459,1,1,53,-13,203
fold3_room9_mix005.csv,460,1,1,53,-13,203
fold3_room9_mix005.csv,461,1,1,52,-13,203
fold3_room9_mix005.csv,462,1,1,52,-13,203
fold3_room9_mix005.csv,463,1,1,52,-12,204
fold3_room9_mix005.csv,464,1,1,52,-12,205
fold3_room9_mix005.csv,465,1,1,52,-12,205
fold3_room9_mix005.csv,466,1,1,52,-12,204
fold3_room9_mix005.csv,467,1,1,52,-12,204
fold3_room9_mix005.csv,468,1,1,52,-12,205
fold3_room9_mix005.csv,469,1,1,52,-12,206
fold3_room9_mix005.csv,470,1,1,52,-12,207
fold3_room9_mix005.csv,471,1,1,52,-12,207
fold3_room9_mix005.csv,472,1,1,52,-12,208
fold3_room9_mix005.csv,473,1,1,52,-12,208
fold3_room9_mix005.csv,474,1,1,52,-12,208
fold3_room9_mix005.csv,485,1,1,53,-13,201
fold3_room9_mix005.csv,486,1,1,53,-13,201
fold3_room9_mix005.csv,487,1,1,53,-13,201
fold3_room9_mix005.csv,488,1,1,53,-13,201
fold3_room9_mix005.csv,489,1,1,53,-13,201
fold3_room9_mix005.csv,490,1,1,52,-13,202
fold3_room9_mix005.csv,491,1,1,52,-13,202
fold3_room9_mix005.csv,492,1,1,52,-13,202
fold3_room9_mix005.csv,493,1,1,52,-13,202
fold3_room9_mix005.csv,494,1,1,52,-13,201
fold3_room9_mix005.csv,495,1,1,52,-12,202
fold3_room9_mix005.csv,496,1,1,51,-12,202
fold3_room9_mix005.csv,497,1,1,51,-12,202
fold3_room9_mix005.csv,498,1,1,51,-12,202
fold3_room9_mix005.csv,499,1,1,51,-12,202
fold3_room9_mix005.csv,500,1,1,51,-12,202
fold3_room9_mix005.csv,501,1,1,51,-12,202
fold3_room9_mix005.csv,502,1,1,51,-12,202
fold3_room9_mix005.csv,503,1,1,51,-12,203
fold3_room9_mix005.csv,504,1,1,51,-12,202
fold3_room9_mix005.csv,505,1,1,51,-12,202
fold3_room9_mix005.csv,506,1,1,51,-12,202
fold3_room9_mix005.csv,507,1,1,52,-12,202
fold3_room9_mix005.csv,508,1,1,52,-12,202
fold3_room9_mix005.csv,509,1,1,52,-12,202
fold3_room9_mix005.csv,510,1,1,52,-12,203
fold3_room9_mix005.csv,511,1,1,52,-12,204
fold3_room9_mix005.csv,512,1,1,52,-12,204
fold3_room9_mix005.csv,513,1,1,52,-12,204
fold3_room9_mix005.csv,514,1,1,52,-12,204
fold3_room9_mix005.csv,515,1,1,52,-12,205
fold3_room9_mix005.csv,516,1,1,52,-12,206
fold3_room9_mix005.csv,517,1,1,52,-12,206
fold3_room9_mix005.csv,518,1,1,52,-12,207
fold3_room9_mix005.csv,519,1,1,52,-12,207
fold3_room9_mix005.csv,520,1,1,52,-12,207
fold3_room9_mix005.csv,521,1,1,52,-12,207
fold3_room9_mix005.csv,522,1,1,52,-12,207
fold3_room9_mix005.csv,523,1,1,52,-12,206
fold3_room9_mix005.csv,524,1,1,52,-12,206
fold3_room9_mix005.csv,525,1,1,52,-12,204
fold3_room9_mix005.csv,526,1,1,53,-12,203
fold3_room9_mix005.csv,527,1,1,53,-13,203
fold3_room9_mix005.csv,528,1,1,53,-13,203
fold3_room9_mix005.csv,529,1,1,53,-13,202
fold3_room9_mix005.csv,530,1,1,53,-13,202
fold3_room9_mix005.csv,531,1,1,53,-13,202
fold3_room9_mix005.csv,532,1,1,53,-13,202
fold3_room9_mix005.csv,533,1,1,53,-13,202
fold3_room9_mix005.csv,534,1,1,53,-13,202
fold3_room9_mix005.csv,870,1,1,51,-13,195
fold3_room9_mix005.csv,871,1,1,51,-13,195
fold3_room9_mix005.csv,872,1,1,51,-13,196
fold3_room9_mix005.csv,873,1,1,51,-13,196
fold3_room9_mix005.csv,874,1,1,51,-13,196
fold3_room9_mix005.csv,1225,1,1,52,-13,195
fold3_room9_mix005.csv,1226,1,1,51,-13,195
fold3_room9_mix005.csv,1227,1,1,51,-13,196
fold3_room9_mix005.csv,1228,1,1,51,-13,195
fold3_room9_mix005.csv,1229,1,1,51,-13,195
fold3_room9_mix005.csv,1230,1,1,51,-13,195
fold3_room9_mix005.csv,1231,1,1,51,-13,195
fold3_room9_mix005.csv,1232,1,1,51,-13,195
fold3_room9_mix005.csv,1233,1,1,51,-13,195
fold3_room9_mix005.csv,1234,1,1,51,-13,195
fold3_room9_mix005.csv,1235,1,1,51,-13,195
fold3_room9_mix005.csv,1236,1,1,51,-13,195
fold3_room9_mix005.csv,1237,1,1,51,-13,195
fold3_room9_mix005.csv,1238,1,1,51,-13,195
fold3_room9_mix005.csv,1239,1,1,51,-13,196
fold3_room9_mix005.csv,1240,1,1,51,-13,196
fold3_room9_mix005.csv,1241,1,1,51,-13,196
fold3_room9_mix005.csv,1242,1,1,51,-13,196
fold3_room9_mix005.csv,1243,1,1,51,-13,196
fold3_room9_mix005.csv,1244,1,1,51,-13,196
fold3_room9_mix005.csv,1245,1,1,51,-13,195
fold3_room9_mix005.csv,1246,1,1,51,-13,195
fold3_room9_mix005.csv,1247,1,1,51,-13,195
fold3_room9_mix005.csv,1248,1,1,51,-13,195
fold3_room9_mix005.csv,1249,1,1,51,-13,195
fold3_room9_mix005.csv,1250,1,1,51,-13,195
fold3_room9_mix005.csv,1251,1,1,51,-13,195
fold3_room9_mix005.csv,1252,1,1,51,-13,196
fold3_room9_mix005.csv,1253,1,1,51,-13,196
fold3_room9_mix005.csv,1254,1,1,52,-13,196
fold3_room9_mix005.csv,1255,1,1,52,-13,196
fold3_room9_mix005.csv,1256,1,1,52,-13,196
fold3_room9_mix005.csv,1257,1,1,52,-13,196
fold3_room9_mix005.csv,1258,1,1,52,-13,196
fold3_room9_mix005.csv,1259,1,1,52,-13,196
fold3_room9_mix005.csv,1690,1,1,53,-12,201
fold3_room9_mix005.csv,1691,1,1,53,-12,201
fold3_room9_mix005.csv,1692,1,1,53,-12,201
fold3_room9_mix005.csv,1693,1,1,53,-12,200
fold3_room9_mix005.csv,1694,1,1,53,-12,200
fold3_room9_mix005.csv,1695,1,1,53,-12,200
fold3_room9_mix005.csv,1696,1,1,53,-12,199
fold3_room9_mix005.csv,1697,1,1,53,-12,199
fold3_room9_mix005.csv,1698,1,1,53,-12,199
fold3_room9_mix005.csv,1699,1,1,53,-12,198
fold3_room9_mix005.csv,1705,1,1,53,-12,198
fold3_room9_mix005.csv,1706,1,1,53,-12,198
fold3_room9_mix005.csv,1707,1,1,53,-12,198
fold3_room9_mix005.csv,1708,1,1,53,-12,198
fold3_room9_mix005.csv,1709,1,1,53,-12,198
fold3_room9_mix005.csv,1710,1,1,53,-12,198
fold3_room9_mix005.csv,1711,1,1,53,-12,198
fold3_room9_mix005.csv,1712,1,1,52,-12,198
fold3_room9_mix005.csv,1713,1,1,52,-12,198
fold3_room9_mix005.csv,1714,1,1,53,-12,198
fold3_room9_mix005.csv,1715,1,1,53,-12,198
fold3_room9_mix005.csv,1716,1,1,52,-12,197
fold3_room9_mix005.csv,1717,1,1,52,-12,198
fold3_room9_mix005.csv,1718,1,1,52,-12,198
fold3_room9_mix005.csv,1719,1,1,52,-12,197
fold3_room9_mix005.csv,1720,1,1,52,-12,197
fold3_room9_mix005.csv,1721,1,1,52,-12,197
fold3_room9_mix005.csv,1722,1,1,52,-12,197
fold3_room9_mix005.csv,1723,1,1,52,-12,197
fold3_room9_mix005.csv,1724,1,1,52,-12,197
fold3_room9_mix005.csv,1735,1,1,52,-12,197
fold3_room9_mix005.csv,1736,1,1,52,-12,197
fold3_room9_mix005.csv,1737,1,1,52,-12,197
fold3_room9_mix005.csv,1738,1,1,52,-12,197
fold3_room9_mix005.csv,1739,1,1,52,-12,197
fold3_room9_mix005.csv,1740,1,1,52,-12,197
fold3_room9_mix005.csv,1741,1,1,52,-12,197
fold3_room9_mix005.csv,1742,1,1,53,-12,197
fold3_room9_mix005.csv,1743,1,1,53,-12,197
fold3_room9_mix005.csv,1744,1,1,53,-12,197
fold3_room9_mix005.csv,1745,1,1,53,-12,197
fold3_room9_mix005.csv,1746,1,1,53,-12,197
fold3_room9_mix005.csv,1747,1,1,53,-12,197
fold3_room9_mix005.csv,1748,1,1,53,-12,197
fold3_room9_mix005.csv,1749,1,1,53,-12,197
fold3_room9_mix005.csv,1750,1,1,53,-12,197
fold3_room9_mix005.csv,1751,1,1,53,-12,197
fold3_room9_mix005.csv,1752,1,1,53,-12,197
fold3_room9_mix005.csv,1753,1,1,53,-12,197
fold3_room9_mix005.csv,1754,1,1,53,-12,197
fold3_room9_mix005.csv,1755,1,1,53,-12,197
fold3_room9_mix005.csv,1756,1,1,53,-12,197
fold3_room9_mix005.csv,1757,1,1,53,-12,197
fold3_room9_mix005.csv,1758,1,1,53,-12,197
fold3_room9_mix005.csv,1759,1,1,53,-12,197
fold3_room9_mix005.csv,1760,1,1,52,-12,197
fold3_room9_mix005.csv,1761,1,1,52,-12,197
fold3_room9_mix005.csv,1762,1,1,52,-12,197
fold3_room9_mix005.csv,1763,1,1,52,-12,197
fold3_room9_mix005.csv,1764,1,1,52,-12,197
fold3_room9_mix005.csv,1765,1,1,52,-12,197
fold3_room9_mix005.csv,1766,1,1,52,-12,197
fold3_room9_mix005.csv,1767,1,1,52,-12,197
fold3_room9_mix005.csv,1768,1,1,52,-12,197
fold3_room9_mix005.csv,1769,1,1,52,-12,197
fold3_room9_mix005.csv,1775,1,1,53,-12,197
fold3_room9_mix005.csv,1776,1,1,52,-12,197
fold3_room9_mix005.csv,1777,1,1,52,-12,197
fold3_room9_mix005.csv,1778,1,1,52,-12,197
fold3_room9_mix005.csv,1779,1,1,52,-12,197
fold3_room9_mix005.csv,1780,1,1,52,-12,197
fold3_room9_mix005.csv,1781,1,1,52,-12,197
fold3_room9_mix005.csv,1782,1,1,52,-12,197
fold3_room9_mix005.csv,1783,1,1,52,-12,197
fold3_room9_mix005.csv,1784,1,1,52,-12,197
fold3_room9_mix005.csv,1785,1,1,52,-12,197
fold3_room9_mix005.csv,1786,1,1,52,-12,197
fold3_room9_mix005.csv,1787,1,1,52,-12,197
fold3_room9_mix005.csv,1788,1,1,52,-12,197
fold3_room9_mix005.csv,1789,1,1,52,-12,197
fold3_room9_mix005.csv,1790,1,1,52,-12,197
fold3_room9_mix005.csv,1791,1,1,52,-12,197
fold3_room9_mix005.csv,1792,1,1,52,-12,197
fold3_room9_mix005.csv,1793,1,1,52,-12,197
fold3_room9_mix005.csv,1794,1,1,52,-12,197
fold3_room9_mix005.csv,1815,1,1,52,-12,197
fold3_room9_mix005.csv,1816,1,1,52,-12,197
fold3_room9_mix005.csv,1817,1,1,52,-12,197
fold3_room9_mix005.csv,1818,1,1,52,-12,198
fold3_room9_mix005.csv,1819,1,1,52,-12,198
fold3_room9_mix005.csv,1820,1,1,52,-12,198
fold3_room9_mix005.csv,1821,1,1,52,-12,198
fold3_room9_mix005.csv,1822,1,1,52,-12,198
fold3_room9_mix005.csv,1823,1,1,52,-12,198
fold3_room9_mix005.csv,1824,1,1,52,-12,197
fold3_room9_mix005.csv,1825,1,1,52,-13,197
fold3_room9_mix005.csv,1826,1,1,52,-13,197
fold3_room9_mix005.csv,1827,1,1,52,-13,198
fold3_room9_mix005.csv,1828,1,1,52,-13,198
fold3_room9_mix005.csv,1829,1,1,52,-13,198
fold3_room9_mix005.csv,1830,1,1,52,-13,198
fold3_room9_mix005.csv,1831,1,1,52,-13,198
fold3_room9_mix005.csv,1832,1,1,52,-12,198
fold3_room9_mix005.csv,1833,1,1,52,-12,198
fold3_room9_mix005.csv,1834,1,1,53,-12,198
fold3_room9_mix005.csv,1835,1,1,53,-12,198
fold3_room9_mix005.csv,1836,1,1,52,-12,198
fold3_room9_mix005.csv,1837,1,1,52,-13,198
fold3_room9_mix005.csv,1838,1,1,53,-13,198
fold3_room9_mix005.csv,1839,1,1,53,-13,198
fold3_room9_mix005.csv,1840,1,1,53,-13,198
fold3_room9_mix005.csv,1841,1,1,53,-13,198
fold3_room9_mix005.csv,1842,1,1,53,-12,198
fold3_room9_mix005.csv,1843,1,1,53,-12,198
fold3_room9_mix005.csv,1844,1,1,53,-12,198
fold3_room9_mix005.csv,1845,1,1,53,-12,198
fold3_room9_mix005.csv,1846,1,1,52,-12,198
fold3_room9_mix005.csv,1847,1,1,52,-12,198
fold3_room9_mix005.csv,1848,1,1,52,-12,198
fold3_room9_mix005.csv,1849,1,1,52,-12,198
fold3_room9_mix005.csv,1850,1,1,52,-12,198
fold3_room9_mix005.csv,1851,1,1,52,-12,198
fold3_room9_mix005.csv,1852,1,1,52,-12,198
fold3_room9_mix005.csv,1853,1,1,52,-12,198
fold3_room9_mix005.csv,1854,1,1,52,-12,198
fold3_room9_mix005.csv,1855,1,1,52,-12,198
fold3_room9_mix005.csv,1856,1,1,52,-12,198
fold3_room9_mix005.csv,1857,1,1,52,-12,198
fold3_room9_mix005.csv,1858,1,1,52,-12,198
fold3_room9_mix005.csv,1859,1,1,52,-12,198
fold3_room9_mix005.csv,1860,1,1,52,-12,198
fold3_room9_mix005.csv,1861,1,1,52,-12,198
fold3_room9_mix005.csv,1862,1,1,52,-12,198
fold3_room9_mix005.csv,1863,1,1,52,-12,198
fold3_room9_mix005.csv,1864,1,1,52,-12,198
fold3_room9_mix005.csv,1865,1,1,52,-12,198
fold3_room9_mix005.csv,1866,1,1,52,-12,198
fold3_room9_mix005.csv,1867,1,1,52,-12,198
fold3_room9_mix005.csv,1868,1,1,52,-12,198
fold3_room9_mix005.csv,1869,1,1,52,-12,198
fold3_room9_mix005.csv,1885,1,1,53,-13,198
fold3_room9_mix005.csv,1886,1,1,52,-13,198
fold3_room9_mix005.csv,1887,1,1,52,-12,198
fold3_room9_mix005.csv,1888,1,1,52,-12,198
fold3_room9_mix005.csv,1889,1,1,52,-12,198
fold3_room9_mix005.csv,1890,1,1,52,-12,198
fold3_room9_mix005.csv,1891,1,1,52,-12,198
fold3_room9_mix005.csv,1892,1,1,52,-12,198
fold3_room9_mix005.csv,1893,1,1,53,-12,198
fold3_room9_mix005.csv,1894,1,1,53,-13,198
fold3_room9_mix005.csv,1895,1,1,53,-13,198
fold3_room9_mix005.csv,1896,1,1,53,-13,198
fold3_room9_mix005.csv,1897,1,1,53,-13,198
fold3_room9_mix005.csv,1898,1,1,53,-13,198
fold3_room9_mix005.csv,1899,1,1,53,-13,198
fold3_room9_mix005.csv,1900,1,1,53,-13,198
fold3_room9_mix005.csv,1901,1,1,53,-13,198
fold3_room9_mix005.csv,1902,1,1,53,-13,198
fold3_room9_mix005.csv,1903,1,1,52,-12,198
fold3_room9_mix005.csv,1904,1,1,52,-12,198
fold3_room9_mix005.csv,1905,1,1,52,-12,198
fold3_room9_mix005.csv,1906,1,1,52,-12,198
fold3_room9_mix005.csv,1907,1,1,52,-12,198
fold3_room9_mix005.csv,1908,1,1,52,-12,198
fold3_room9_mix005.csv,1909,1,1,52,-12,198
fold3_room9_mix005.csv,1910,1,1,52,-12,198
fold3_room9_mix005.csv,1911,1,1,52,-12,198
fold3_room9_mix005.csv,1912,1,1,52,-12,198
fold3_room9_mix005.csv,1913,1,1,52,-12,198
fold3_room9_mix005.csv,1914,1,1,52,-12,198
fold3_room9_mix005.csv,1915,1,1,52,-12,198
fold3_room9_mix005.csv,1916,1,1,52,-12,198
fold3_room9_mix005.csv,1917,1,1,52,-12,198
fold3_room9_mix005.csv,1918,1,1,52,-12,198
fold3_room9_mix005.csv,1919,1,1,52,-12,198
fold3_room9_mix005.csv,1920,1,1,53,-12,198
fold3_room9_mix005.csv,1921,1,1,53,-12,198
fold3_room9_mix005.csv,1922,1,1,53,-12,198
fold3_room9_mix005.csv,1923,1,1,53,-12,198
fold3_room9_mix005.csv,1924,1,1,53,-12,198
fold3_room9_mix005.csv,1940,1,1,53,-13,197
fold3_room9_mix005.csv,1941,1,1,53,-13,198
fold3_room9_mix005.csv,1942,1,1,53,-13,198
fold3_room9_mix005.csv,1943,1,1,53,-13,198
fold3_room9_mix005.csv,1944,1,1,53,-13,197
fold3_room9_mix005.csv,1945,1,1,53,-13,198
fold3_room9_mix005.csv,1946,1,1,53,-12,198
fold3_room9_mix005.csv,1947,1,1,53,-12,198
fold3_room9_mix005.csv,1948,1,1,53,-12,198
fold3_room9_mix005.csv,1949,1,1,53,-13,198
fold3_room9_mix005.csv,1950,1,1,53,-13,198
fold3_room9_mix005.csv,1951,1,1,53,-13,198
fold3_room9_mix005.csv,1952,1,1,53,-12,198
fold3_room9_mix005.csv,1953,1,1,53,-12,198
fold3_room9_mix005.csv,1954,1,1,53,-12,198
fold3_room9_mix005.csv,1955,1,1,53,-12,198
fold3_room9_mix005.csv,1956,1,1,53,-12,198
fold3_room9_mix005.csv,1957,1,1,53,-12,198
fold3_room9_mix005.csv,1958,1,1,53,-12,198
fold3_room9_mix005.csv,1959,1,1,53,-12,198
fold3_room9_mix005.csv,1960,1,1,53,-12,198
fold3_room9_mix005.csv,1961,1,1,53,-12,198
fold3_room9_mix005.csv,1962,1,1,53,-12,198
fold3_room9_mix005.csv,1963,1,1,53,-12,198
fold3_room9_mix005.csv,1964,1,1,53,-12,198
fold3_room9_mix005.csv,1980,1,1,53,-13,198
fold3_room9_mix005.csv,1981,1,1,53,-13,198
fold3_room9_mix005.csv,1982,1,1,53,-13,198
fold3_room9_mix005.csv,1983,1,1,53,-13,198
fold3_room9_mix005.csv,1984,1,1,53,-13,198
fold3_room9_mix005.csv,1985,1,1,53,-13,198
fold3_room9_mix005.csv,1986,1,1,53,-13,198
fold3_room9_mix005.csv,1987,1,1,53,-13,198
fold3_room9_mix005.csv,1988,1,1,53,-13,198
fold3_room9_mix005.csv,1989,1,1,53,-13,198
fold3_room9_mix005.csv,1990,1,1,53,-13,198
fold3_room9_mix005.csv,1991,1,1,53,-13,198
fold3_room9_mix005.csv,1992,1,1,53,-13,198
fold3_room9_mix005.csv,1993,1,1,53,-13,198
fold3_room9_mix005.csv,1994,1,1,53,-13,198
fold3_room9_mix005.csv,1995,1,1,53,-13,198
fold3_room9_mix005.csv,1996,1,1,53,-13,198
fold3_room9_mix005.csv,1997,1,1,53,-13,197
fold3_room9_mix005.csv,1998,1,1,53,-13,197
fold3_room9_mix005.csv,1999,1,1,53,-13,197
fold3_room9_mix005.csv,2000,1,1,53,-13,197
fold3_room9_mix005.csv,2001,1,1,53,-13,197
fold3_room9_mix005.csv,2002,1,1,53,-13,197
fold3_room9_mix005.csv,2003,1,1,53,-13,197
fold3_room9_mix005.csv,2004,1,1,53,-13,197
fold3_room9_mix005.csv,2005,1,1,53,-13,197
fold3_room9_mix005.csv,2006,1,1,53,-13,198
fold3_room9_mix005.csv,2007,1,1,53,-13,198
fold3_room9_mix005.csv,2008,1,1,53,-13,198
fold3_room9_mix005.csv,2009,1,1,53,-13,197
fold3_room9_mix005.csv,2010,1,1,53,-13,197
fold3_room9_mix005.csv,2011,1,1,53,-13,197
fold3_room9_mix005.csv,2012,1,1,53,-13,197
fold3_room9_mix005.csv,2013,1,1,53,-13,197
fold3_room9_mix005.csv,2014,1,1,53,-13,197
fold3_room9_mix005.csv,2015,1,1,53,-13,197
fold3_room9_mix005.csv,2016,1,1,53,-13,197
fold3_room9_mix005.csv,2017,1,1,53,-13,197
fold3_room9_mix005.csv,2018,1,1,53,-13,197
fold3_room9_mix005.csv,2019,1,1,53,-13,197
fold3_room9_mix005.csv,2020,1,1,53,-13,197
fold3_room9_mix005.csv,2021,1,1,53,-13,197
fold3_room9_mix005.csv,2022,1,1,53,-13,197
fold3_room9_mix005.csv,2023,1,1,53,-13,197
fold3_room9_mix005.csv,2024,1,1,53,-13,197
fold3_room9_mix005.csv,2025,1,1,53,-13,197
fold3_room9_mix005.csv,2026,1,1,53,-13,197
fold3_room9_mix005.csv,2027,1,1,53,-13,197
fold3_room9_mix005.csv,2028,1,1,53,-13,197
fold3_room9_mix005.csv,2029,1,1,53,-13,197
fold3_room9_mix005.csv,2030,1,1,53,-13,197
fold3_room9_mix005.csv,2031,1,1,53,-13,198
fold3_room9_mix005.csv,2032,1,1,53,-13,198
fold3_room9_mix005.csv,2033,1,1,53,-13,198
fold3_room9_mix005.csv,2034,1,1,53,-13,198
fold3_room9_mix005.csv,2035,1,1,53,-13,197
fold3_room9_mix005.csv,2036,1,1,53,-13,197
fold3_room9_mix005.csv,2037,1,1,53,-13,198
fold3_room9_mix005.csv,2038,1,1,53,-13,198
fold3_room9_mix005.csv,2039,1,1,53,-13,197
fold3_room9_mix005.csv,2040,1,1,53,-13,197
fold3_room9_mix005.csv,2041,1,1,53,-13,197
fold3_room9_mix005.csv,2042,1,1,53,-13,198
fold3_room9_mix005.csv,2043,1,1,53,-13,198
fold3_room9_mix005.csv,2044,1,1,53,-13,198
fold3_room9_mix005.csv,2045,1,1,53,-13,198
fold3_room9_mix005.csv,2046,1,1,53,-13,198
fold3_room9_mix005.csv,2047,1,1,53,-13,198
fold3_room9_mix005.csv,2048,1,1,53,-13,198
fold3_room9_mix005.csv,2049,1,1,53,-13,198
fold3_room9_mix005.csv,2050,1,1,53,-13,198
fold3_room9_mix005.csv,2051,1,1,53,-12,198
fold3_room9_mix005.csv,2052,1,1,53,-12,198
fold3_room9_mix005.csv,2053,1,1,53,-12,198
fold3_room9_mix005.csv,2054,1,1,53,-12,198
fold3_room9_mix005.csv,2085,1,1,53,-13,198
fold3_room9_mix005.csv,2086,1,1,53,-13,198
fold3_room9_mix005.csv,2087,1,1,53,-13,198
fold3_room9_mix005.csv,2088,1,1,53,-13,198
fold3_room9_mix005.csv,2089,1,1,53,-13,198
fold3_room9_mix005.csv,2090,1,1,53,-13,198
fold3_room9_mix005.csv,2091,1,1,53,-13,198
fold3_room9_mix005.csv,2092,1,1,53,-13,198
fold3_room9_mix005.csv,2093,1,1,53,-13,197
fold3_room9_mix005.csv,2094,1,1,53,-13,198
fold3_room9_mix005.csv,2095,1,1,53,-13,198
fold3_room9_mix005.csv,2096,1,1,53,-13,198
fold3_room9_mix005.csv,2097,1,1,53,-13,198
fold3_room9_mix005.csv,2098,1,1,53,-13,197
fold3_room9_mix005.csv,2099,1,1,53,-13,197
fold3_room9_mix005.csv,2135,1,1,53,-13,197
fold3_room9_mix005.csv,2136,1,1,53,-13,197
fold3_room9_mix005.csv,2137,1,1,53,-13,197
fold3_room9_mix005.csv,2138,1,1,53,-13,197
fold3_room9_mix005.csv,2139,1,1,53,-13,197
fold3_room9_mix005.csv,2140,1,1,53,-13,197
fold3_room9_mix005.csv,2141,1,1,53,-13,197
fold3_room9_mix005.csv,2142,1,1,53,-13,197
fold3_room9_mix005.csv,2143,1,1,53,-13,197
fold3_room9_mix005.csv,2144,1,1,53,-13,197
fold3_room9_mix005.csv,2145,1,1,53,-13,197
fold3_room9_mix005.csv,2146,1,1,53,-13,197
fold3_room9_mix005.csv,2147,1,1,53,-13,197
fold3_room9_mix005.csv,2148,1,1,53,-13,197
fold3_room9_mix005.csv,2149,1,1,53,-13,197
fold3_room9_mix005.csv,2150,1,1,53,-13,197
fold3_room9_mix005.csv,2151,1,1,53,-13,197
fold3_room9_mix005.csv,2152,1,1,52,-13,197
fold3_room9_mix005.csv,2153,1,1,52,-13,197
fold3_room9_mix005.csv,2154,1,1,52,-13,197
fold3_room9_mix005.csv,2155,1,1,52,-13,197
fold3_room9_mix005.csv,2156,1,1,52,-13,197
fold3_room9_mix005.csv,2157,1,1,53,-13,197
fold3_room9_mix005.csv,2158,1,1,53,-13,197
fold3_room9_mix005.csv,2159,1,1,53,-13,197
fold3_room9_mix005.csv,2165,1,1,53,-13,197
fold3_room9_mix005.csv,2166,1,1,53,-13,197
fold3_room9_mix005.csv,2167,1,1,53,-13,197
fold3_room9_mix005.csv,2168,1,1,53,-13,197
fold3_room9_mix005.csv,2169,1,1,53,-13,197
fold3_room9_mix005.csv,2170,1,1,53,-13,197
fold3_room9_mix005.csv,2171,1,1,53,-13,197
fold3_room9_mix005.csv,2172,1,1,53,-13,197
fold3_room9_mix005.csv,2173,1,1,53,-13,197
fold3_room9_mix005.csv,2174,1,1,53,-13,197
fold3_room9_mix005.csv,2180,1,1,53,-13,197
fold3_room9_mix005.csv,2181,1,1,53,-13,197
fold3_room9_mix005.csv,2182,1,1,53,-13,197
fold3_room9_mix005.csv,2183,1,1,53,-13,197
fold3_room9_mix005.csv,2184,1,1,53,-13,197
fold3_room9_mix005.csv,2185,1,1,53,-13,197
fold3_room9_mix005.csv,2186,1,1,53,-13,197
fold3_room9_mix005.csv,2187,1,1,53,-13,197
fold3_room9_mix005.csv,2188,1,1,53,-13,197
fold3_room9_mix005.csv,2189,1,1,53,-13,197
fold3_room9_mix005.csv,2225,1,1,53,-13,197
fold3_room9_mix005.csv,2226,1,1,53,-13,197
fold3_room9_mix005.csv,2227,1,1,53,-13,197
fold3_room9_mix005.csv,2228,1,1,53,-13,197
fold3_room9_mix005.csv,2229,1,1,53,-13,197
fold3_room9_mix005.csv,2230,1,1,53,-13,197
fold3_room9_mix005.csv,2231,1,1,53,-13,197
fold3_room9_mix005.csv,2232,1,1,53,-13,197
fold3_room9_mix005.csv,2233,1,1,53,-13,197
fold3_room9_mix005.csv,2234,1,1,53,-13,197
fold3_room9_mix005.csv,2235,1,1,53,-13,197
fold3_room9_mix005.csv,2236,1,1,53,-13,197
fold3_room9_mix005.csv,2237,1,1,53,-13,197
fold3_room9_mix005.csv,2238,1,1,53,-13,197
fold3_room9_mix005.csv,2239,1,1,53,-13,197
fold3_room9_mix005.csv,2240,1,1,53,-13,197
fold3_room9_mix005.csv,2241,1,1,53,-13,197
fold3_room9_mix005.csv,2242,1,1,53,-13,197
fold3_room9_mix005.csv,2243,1,1,53,-13,197
fold3_room9_mix005.csv,2244,1,1,53,-13,197
fold3_room9_mix005.csv,2245,1,1,53,-13,197
fold3_room9_mix005.csv,2246,1,1,53,-13,197
fold3_room9_mix005.csv,2247,1,1,53,-13,197
fold3_room9_mix005.csv,2248,1,1,53,-13,197
fold3_room9_mix005.csv,2249,1,1,53,-13,197
fold3_room9_mix006.csv,230,1,2,-99,-10,227
fold3_room9_mix006.csv,231,1,2,-99,-10,227
fold3_room9_mix006.csv,232,1,2,-99,-10,227
fold3_room9_mix006.csv,233,1,2,-99,-10,227
fold3_room9_mix006.csv,234,1,2,-99,-10,227
fold3_room9_mix006.csv,235,1,2,-99,-10,227
fold3_room9_mix006.csv,236,1,2,-99,-10,226
fold3_room9_mix006.csv,237,1,2,-99,-10,226
fold3_room9_mix006.csv,238,1,2,-99,-10,225
fold3_room9_mix006.csv,239,1,2,-100,-10,224
fold3_room9_mix006.csv,250,1,2,-100,-11,223
fold3_room9_mix006.csv,251,1,2,-100,-11,223
fold3_room9_mix006.csv,252,1,2,-100,-11,223
fold3_room9_mix006.csv,253,1,2,-100,-11,223
fold3_room9_mix006.csv,254,1,2,-100,-11,223
fold3_room9_mix006.csv,255,1,2,-100,-11,223
fold3_room9_mix006.csv,256,1,2,-100,-10,224
fold3_room9_mix006.csv,257,1,2,-100,-10,224
fold3_room9_mix006.csv,258,1,2,-100,-10,224
fold3_room9_mix006.csv,259,1,2,-100,-10,224
fold3_room9_mix006.csv,260,1,2,-100,-10,225
fold3_room9_mix006.csv,261,1,2,-100,-10,225
fold3_room9_mix006.csv,262,1,2,-100,-10,225
fold3_room9_mix006.csv,263,1,2,-100,-10,226
fold3_room9_mix006.csv,264,1,2,-100,-10,226
fold3_room9_mix006.csv,275,1,2,-100,-11,224
fold3_room9_mix006.csv,276,1,2,-100,-11,224
fold3_room9_mix006.csv,277,1,2,-100,-11,224
fold3_room9_mix006.csv,278,1,2,-100,-11,224
fold3_room9_mix006.csv,279,1,2,-100,-11,224
fold3_room9_mix006.csv,280,1,2,-100,-11,224
fold3_room9_mix006.csv,281,1,2,-100,-11,224
fold3_room9_mix006.csv,282,1,2,-100,-11,224
fold3_room9_mix006.csv,283,1,2,-100,-11,224
fold3_room9_mix006.csv,284,1,2,-100,-11,224
fold3_room9_mix006.csv,285,1,2,-100,-11,224
fold3_room9_mix006.csv,286,1,2,-100,-11,224
fold3_room9_mix006.csv,287,1,2,-100,-11,224
fold3_room9_mix006.csv,288,1,2,-100,-11,224
fold3_room9_mix006.csv,289,1,2,-100,-11,224
fold3_room9_mix006.csv,300,1,2,-100,-10,225
fold3_room9_mix006.csv,301,1,2,-100,-11,224
fold3_room9_mix006.csv,302,1,2,-100,-11,224
fold3_room9_mix006.csv,303,1,2,-100,-11,224
fold3_room9_mix006.csv,304,1,2,-100,-11,224
fold3_room9_mix006.csv,315,1,2,-100,-11,224
fold3_room9_mix006.csv,316,1,2,-100,-11,224
fold3_room9_mix006.csv,317,1,2,-100,-11,224
fold3_room9_mix006.csv,318,1,2,-100,-11,224
fold3_room9_mix006.csv,319,1,2,-100,-11,224
fold3_room9_mix006.csv,320,1,2,-100,-11,224
fold3_room9_mix006.csv,321,1,2,-100,-11,224
fold3_room9_mix006.csv,322,1,2,-100,-11,224
fold3_room9_mix006.csv,323,1,2,-100,-11,224
fold3_room9_mix006.csv,324,1,2,-100,-11,224
fold3_room9_mix006.csv,325,1,2,-100,-11,224
fold3_room9_mix006.csv,326,1,2,-100,-11,224
fold3_room9_mix006.csv,327,1,2,-100,-11,224
fold3_room9_mix006.csv,328,1,2,-100,-11,224
fold3_room9_mix006.csv,329,1,2,-100,-11,224
fold3_room9_mix006.csv,330,1,2,-100,-11,224
fold3_room9_mix006.csv,331,1,2,-100,-11,224
fold3_room9_mix006.csv,332,1,2,-100,-11,224
fold3_room9_mix006.csv,333,1,2,-100,-11,224
fold3_room9_mix006.csv,334,1,2,-100,-11,224
fold3_room9_mix006.csv,335,1,2,-100,-11,224
fold3_room9_mix006.csv,336,1,2,-100,-11,224
fold3_room9_mix006.csv,337,1,2,-100,-11,224
fold3_room9_mix006.csv,338,1,2,-100,-11,224
fold3_room9_mix006.csv,339,1,2,-100,-11,224
fold3_room9_mix006.csv,340,1,2,-100,-11,224
fold3_room9_mix006.csv,341,1,2,-100,-11,224
fold3_room9_mix006.csv,342,1,2,-100,-11,224
fold3_room9_mix006.csv,343,1,2,-100,-11,224
fold3_room9_mix006.csv,344,1,2,-100,-11,224
fold3_room9_mix006.csv,345,1,2,-100,-11,224
fold3_room9_mix006.csv,346,1,2,-100,-11,224
fold3_room9_mix006.csv,347,1,2,-100,-11,224
fold3_room9_mix006.csv,348,1,2,-100,-11,224
fold3_room9_mix006.csv,349,1,2,-100,-11,224
fold3_room9_mix006.csv,350,1,2,-100,-11,224
fold3_room9_mix006.csv,351,1,2,-100,-11,224
fold3_room9_mix006.csv,352,1,2,-100,-11,224
fold3_room9_mix006.csv,353,1,2,-100,-11,224
fold3_room9_mix006.csv,354,1,2,-100,-11,224
fold3_room9_mix006.csv,360,1,2,-100,-11,223
fold3_room9_mix006.csv,361,1,2,-100,-11,223
fold3_room9_mix006.csv,362,1,2,-100,-11,223
fold3_room9_mix006.csv,363,1,2,-100,-11,223
fold3_room9_mix006.csv,364,1,2,-100,-11,223
fold3_room9_mix006.csv,365,1,2,-100,-11,224
fold3_room9_mix006.csv,366,1,2,-100,-11,224
fold3_room9_mix006.csv,367,1,2,-100,-11,224
fold3_room9_mix006.csv,368,1,2,-100,-11,224
fold3_room9_mix006.csv,369,1,2,-100,-11,224
fold3_room9_mix006.csv,370,1,2,-100,-11,224
fold3_room9_mix006.csv,371,1,2,-100,-11,224
fold3_room9_mix006.csv,372,1,2,-100,-11,224
fold3_room9_mix006.csv,373,1,2,-100,-11,224
fold3_room9_mix006.csv,374,1,2,-100,-11,224
fold3_room9_mix006.csv,375,1,2,-100,-11,224
fold3_room9_mix006.csv,376,1,2,-100,-11,224
fold3_room9_mix006.csv,377,1,2,-100,-11,224
fold3_room9_mix006.csv,378,1,2,-100,-11,224
fold3_room9_mix006.csv,379,1,2,-100,-11,224
fold3_room9_mix006.csv,380,1,2,-100,-11,224
fold3_room9_mix006.csv,381,1,2,-100,-11,224
fold3_room9_mix006.csv,382,1,2,-100,-11,224
fold3_room9_mix006.csv,383,1,2,-100,-11,224
fold3_room9_mix006.csv,384,1,2,-100,-11,224
fold3_room9_mix006.csv,385,1,2,-100,-11,224
fold3_room9_mix006.csv,386,1,2,-100,-10,224
fold3_room9_mix006.csv,387,1,2,-100,-10,224
fold3_room9_mix006.csv,388,1,2,-100,-10,224
fold3_room9_mix006.csv,389,1,2,-100,-11,224
fold3_room9_mix006.csv,390,1,2,-100,-11,224
fold3_room9_mix006.csv,391,1,2,-100,-11,224
fold3_room9_mix006.csv,392,1,2,-100,-11,224
fold3_room9_mix006.csv,393,1,2,-100,-11,224
fold3_room9_mix006.csv,394,1,2,-100,-11,224
fold3_room9_mix006.csv,395,1,2,-100,-11,224
fold3_room9_mix006.csv,396,1,2,-100,-10,224
fold3_room9_mix006.csv,397,1,2,-100,-10,224
fold3_room9_mix006.csv,398,1,2,-100,-11,224
fold3_room9_mix006.csv,399,1,2,-100,-11,224
fold3_room9_mix006.csv,400,1,2,-100,-11,224
fold3_room9_mix006.csv,401,1,2,-100,-11,224
fold3_room9_mix006.csv,402,1,2,-100,-11,224
fold3_room9_mix006.csv,403,1,2,-100,-11,224
fold3_room9_mix006.csv,404,1,2,-100,-11,224
fold3_room9_mix006.csv,405,1,2,-100,-11,224
fold3_room9_mix006.csv,406,1,2,-100,-11,224
fold3_room9_mix006.csv,407,1,2,-100,-11,224
fold3_room9_mix006.csv,408,1,2,-100,-11,224
fold3_room9_mix006.csv,409,1,2,-100,-11,224
fold3_room9_mix006.csv,415,1,2,-100,-11,224
fold3_room9_mix006.csv,416,1,2,-100,-11,224
fold3_room9_mix006.csv,417,1,2,-100,-11,224
fold3_room9_mix006.csv,418,1,2,-100,-11,224
fold3_room9_mix006.csv,419,1,2,-100,-11,224
fold3_room9_mix006.csv,420,1,2,-100,-11,223
fold3_room9_mix006.csv,421,1,2,-100,-11,224
fold3_room9_mix006.csv,422,1,2,-100,-11,224
fold3_room9_mix006.csv,423,1,2,-100,-11,224
fold3_room9_mix006.csv,424,1,2,-100,-11,224
fold3_room9_mix006.csv,425,1,2,-100,-11,224
fold3_room9_mix006.csv,426,1,2,-100,-11,224
fold3_room9_mix006.csv,427,1,2,-100,-11,224
fold3_room9_mix006.csv,428,1,2,-100,-11,224
fold3_room9_mix006.csv,429,1,2,-100,-11,224
fold3_room9_mix006.csv,430,1,2,-100,-11,224
fold3_room9_mix006.csv,431,1,2,-100,-11,224
fold3_room9_mix006.csv,432,1,2,-100,-11,223
fold3_room9_mix006.csv,433,1,2,-100,-11,223
fold3_room9_mix006.csv,434,1,2,-100,-11,223
fold3_room9_mix006.csv,445,1,2,-100,-11,223
fold3_room9_mix006.csv,446,1,2,-100,-11,223
fold3_room9_mix006.csv,447,1,2,-100,-11,223
fold3_room9_mix006.csv,448,1,2,-100,-11,223
fold3_room9_mix006.csv,449,1,2,-100,-11,223
fold3_room9_mix006.csv,450,1,2,-100,-11,223
fold3_room9_mix006.csv,451,1,2,-100,-11,223
fold3_room9_mix006.csv,452,1,2,-100,-11,223
fold3_room9_mix006.csv,453,1,2,-100,-11,223
fold3_room9_mix006.csv,454,1,2,-100,-11,223
fold3_room9_mix006.csv,465,1,2,-100,-11,223
fold3_room9_mix006.csv,466,1,2,-100,-11,223
fold3_room9_mix006.csv,467,1,2,-100,-11,223
fold3_room9_mix006.csv,468,1,2,-100,-11,223
fold3_room9_mix006.csv,469,1,2,-100,-11,223
fold3_room9_mix006.csv,470,1,2,-100,-11,223
fold3_room9_mix006.csv,471,1,2,-100,-11,223
fold3_room9_mix006.csv,472,1,2,-100,-11,223
fold3_room9_mix006.csv,473,1,2,-100,-11,223
fold3_room9_mix006.csv,474,1,2,-100,-11,223
fold3_room9_mix006.csv,475,1,2,-100,-11,223
fold3_room9_mix006.csv,476,1,2,-100,-11,223
fold3_room9_mix006.csv,477,1,2,-100,-11,223
fold3_room9_mix006.csv,478,1,2,-100,-11,223
fold3_room9_mix006.csv,479,1,2,-100,-10,223
fold3_room9_mix006.csv,495,1,2,-100,-11,223
fold3_room9_mix006.csv,496,1,2,-100,-11,223
fold3_room9_mix006.csv,497,1,2,-100,-11,223
fold3_room9_mix006.csv,498,1,2,-100,-11,223
fold3_room9_mix006.csv,499,1,2,-100,-11,223
fold3_room9_mix006.csv,500,1,2,-100,-11,223
fold3_room9_mix006.csv,501,1,2,-100,-11,223
fold3_room9_mix006.csv,502,1,2,-100,-11,223
fold3_room9_mix006.csv,503,1,2,-100,-11,223
fold3_room9_mix006.csv,504,1,2,-100,-11,223
fold3_room9_mix006.csv,505,1,2,-100,-11,223
fold3_room9_mix006.csv,506,1,2,-100,-11,223
fold3_room9_mix006.csv,507,1,2,-100,-11,223
fold3_room9_mix006.csv,508,1,2,-100,-11,223
fold3_room9_mix006.csv,509,1,2,-100,-11,223
fold3_room9_mix006.csv,510,1,2,-100,-11,223
fold3_room9_mix006.csv,511,1,2,-100,-11,223
fold3_room9_mix006.csv,512,1,2,-100,-11,223
fold3_room9_mix006.csv,513,1,2,-100,-11,223
fold3_room9_mix006.csv,514,1,2,-100,-11,223
fold3_room9_mix006.csv,515,1,2,-100,-11,223
fold3_room9_mix006.csv,516,1,2,-100,-11,223
fold3_room9_mix006.csv,517,1,2,-100,-11,223
fold3_room9_mix006.csv,518,1,2,-100,-11,223
fold3_room9_mix006.csv,519,1,2,-100,-11,223
fold3_room9_mix006.csv,520,1,2,-100,-11,223
fold3_room9_mix006.csv,521,1,2,-100,-11,223
fold3_room9_mix006.csv,522,1,2,-100,-11,223
fold3_room9_mix006.csv,523,1,2,-100,-11,223
fold3_room9_mix006.csv,524,1,2,-100,-11,223
fold3_room9_mix006.csv,525,1,2,-100,-11,223
fold3_room9_mix006.csv,526,1,2,-100,-11,223
fold3_room9_mix006.csv,527,1,2,-100,-11,223
fold3_room9_mix006.csv,528,1,2,-100,-11,223
fold3_room9_mix006.csv,529,1,2,-100,-11,223
fold3_room9_mix006.csv,530,1,2,-100,-11,223
fold3_room9_mix006.csv,531,1,2,-100,-11,223
fold3_room9_mix006.csv,532,1,2,-100,-11,223
fold3_room9_mix006.csv,533,1,2,-100,-11,223
fold3_room9_mix006.csv,534,1,2,-99,-11,223
fold3_room9_mix006.csv,535,1,2,-100,-11,222
fold3_room9_mix006.csv,536,1,2,-100,-11,223
fold3_room9_mix006.csv,537,1,2,-100,-11,223
fold3_room9_mix006.csv,538,1,2,-100,-11,223
fold3_room9_mix006.csv,539,1,2,-100,-11,223
fold3_room9_mix006.csv,540,1,2,-100,-11,223
fold3_room9_mix006.csv,541,1,2,-100,-11,223
fold3_room9_mix006.csv,542,1,2,-100,-11,223
fold3_room9_mix006.csv,543,1,2,-100,-11,223
fold3_room9_mix006.csv,544,1,2,-100,-11,223
fold3_room9_mix006.csv,545,1,2,-100,-11,223
fold3_room9_mix006.csv,546,1,2,-100,-11,223
fold3_room9_mix006.csv,547,1,2,-100,-11,223
fold3_room9_mix006.csv,548,1,2,-99,-11,223
fold3_room9_mix006.csv,549,1,2,-100,-11,223
fold3_room9_mix006.csv,550,1,2,-99,-11,223
fold3_room9_mix006.csv,551,1,2,-99,-11,223
fold3_room9_mix006.csv,552,1,2,-99,-11,223
fold3_room9_mix006.csv,553,1,2,-99,-11,223
fold3_room9_mix006.csv,554,1,2,-99,-11,223
fold3_room9_mix006.csv,555,1,2,-100,-11,223
fold3_room9_mix006.csv,556,1,2,-100,-11,223
fold3_room9_mix006.csv,557,1,2,-100,-11,223
fold3_room9_mix006.csv,558,1,2,-100,-11,223
fold3_room9_mix006.csv,559,1,2,-100,-11,223
fold3_room9_mix006.csv,560,1,2,-99,-11,223
fold3_room9_mix006.csv,561,1,2,-99,-11,223
fold3_room9_mix006.csv,562,1,2,-99,-11,223
fold3_room9_mix006.csv,563,1,2,-99,-11,223
fold3_room9_mix006.csv,564,1,2,-99,-11,223
fold3_room9_mix006.csv,565,1,2,-99,-11,223
fold3_room9_mix006.csv,566,1,2,-99,-11,223
fold3_room9_mix006.csv,567,1,2,-99,-11,223
fold3_room9_mix006.csv,568,1,2,-99,-11,223
fold3_room9_mix006.csv,569,1,2,-99,-11,223
fold3_room9_mix006.csv,570,1,2,-100,-11,223
fold3_room9_mix006.csv,571,1,2,-100,-11,223
fold3_room9_mix006.csv,572,1,2,-100,-11,223
fold3_room9_mix006.csv,573,1,2,-100,-11,223
fold3_room9_mix006.csv,574,1,2,-100,-11,223
fold3_room9_mix006.csv,575,1,2,-100,-11,223
fold3_room9_mix006.csv,576,1,2,-100,-11,223
fold3_room9_mix006.csv,577,1,2,-100,-11,223
fold3_room9_mix006.csv,578,1,2,-99,-11,223
fold3_room9_mix006.csv,579,1,2,-99,-11,223
fold3_room9_mix006.csv,580,1,2,-99,-11,223
fold3_room9_mix006.csv,581,1,2,-99,-11,223
fold3_room9_mix006.csv,582,1,2,-99,-11,223
fold3_room9_mix006.csv,583,1,2,-99,-11,223
fold3_room9_mix006.csv,584,1,2,-99,-11,223
fold3_room9_mix006.csv,585,1,2,-99,-11,223
fold3_room9_mix006.csv,586,1,2,-99,-11,223
fold3_room9_mix006.csv,587,1,2,-99,-11,223
fold3_room9_mix006.csv,588,1,2,-99,-11,223
fold3_room9_mix006.csv,589,1,2,-99,-11,223
fold3_room9_mix006.csv,590,1,2,-99,-11,223
fold3_room9_mix006.csv,591,1,2,-99,-11,223
fold3_room9_mix006.csv,592,1,2,-99,-11,223
fold3_room9_mix006.csv,593,1,2,-99,-11,223
fold3_room9_mix006.csv,594,1,2,-99,-11,223
fold3_room9_mix006.csv,595,1,2,-99,-11,223
fold3_room9_mix006.csv,596,1,2,-99,-11,223
fold3_room9_mix006.csv,597,1,2,-99,-11,223
fold3_room9_mix006.csv,598,1,2,-99,-11,223
fold3_room9_mix006.csv,599,1,2,-99,-11,223
fold3_room9_mix006.csv,600,1,2,-99,-11,223
fold3_room9_mix006.csv,601,1,2,-99,-11,223
fold3_room9_mix006.csv,602,1,2,-99,-11,223
fold3_room9_mix006.csv,603,1,2,-99,-11,223
fold3_room9_mix006.csv,604,1,2,-99,-11,223
fold3_room9_mix006.csv,605,1,2,-99,-11,223
fold3_room9_mix006.csv,606,1,2,-99,-11,223
fold3_room9_mix006.csv,607,1,2,-99,-11,223
fold3_room9_mix006.csv,608,1,2,-99,-11,223
fold3_room9_mix006.csv,609,1,2,-99,-11,223
fold3_room9_mix006.csv,610,1,2,-99,-11,223
fold3_room9_mix006.csv,611,1,2,-99,-11,223
fold3_room9_mix006.csv,612,1,2,-99,-11,223
fold3_room9_mix006.csv,613,1,2,-99,-11,223
fold3_room9_mix006.csv,614,1,2,-99,-11,223
fold3_room9_mix006.csv,615,1,2,-99,-11,223
fold3_room9_mix006.csv,616,1,2,-99,-11,223
fold3_room9_mix006.csv,617,1,2,-99,-11,223
fold3_room9_mix006.csv,618,1,2,-99,-11,223
fold3_room9_mix006.csv,619,1,2,-99,-11,223
fold3_room9_mix006.csv,620,1,2,-99,-11,223
fold3_room9_mix006.csv,621,1,2,-100,-11,223
fold3_room9_mix006.csv,622,1,2,-100,-11,223
fold3_room9_mix006.csv,623,1,2,-100,-11,223
fold3_room9_mix006.csv,624,1,2,-99,-11,223
fold3_room9_mix006.csv,625,1,2,-99,-11,223
fold3_room9_mix006.csv,626,1,2,-99,-11,223
fold3_room9_mix006.csv,627,1,2,-99,-11,223
fold3_room9_mix006.csv,628,1,2,-100,-11,223
fold3_room9_mix006.csv,629,1,2,-100,-11,223
fold3_room9_mix006.csv,630,1,2,-100,-11,223
fold3_room9_mix006.csv,631,1,2,-99,-11,223
fold3_room9_mix006.csv,632,1,2,-99,-11,223
fold3_room9_mix006.csv,633,1,2,-99,-11,223
fold3_room9_mix006.csv,634,1,2,-99,-11,223
fold3_room9_mix006.csv,645,1,2,-99,-11,223
fold3_room9_mix006.csv,646,1,2,-99,-11,223
fold3_room9_mix006.csv,647,1,2,-99,-11,223
fold3_room9_mix006.csv,648,1,2,-99,-11,223
fold3_room9_mix006.csv,649,1,2,-99,-11,223
fold3_room9_mix006.csv,650,1,2,-99,-11,223
fold3_room9_mix006.csv,651,1,2,-99,-11,223
fold3_room9_mix006.csv,652,1,2,-99,-11,223
fold3_room9_mix006.csv,653,1,2,-99,-11,223
fold3_room9_mix006.csv,654,1,2,-99,-11,223
fold3_room9_mix006.csv,665,1,2,-99,-11,223
fold3_room9_mix006.csv,666,1,2,-99,-11,223
fold3_room9_mix006.csv,667,1,2,-99,-11,223
fold3_room9_mix006.csv,668,1,2,-99,-11,223
fold3_room9_mix006.csv,669,1,2,-99,-11,223
fold3_room9_mix006.csv,670,1,2,-99,-11,223
fold3_room9_mix006.csv,671,1,2,-99,-11,223
fold3_room9_mix006.csv,672,1,2,-99,-11,223
fold3_room9_mix006.csv,673,1,2,-99,-11,223
fold3_room9_mix006.csv,674,1,2,-99,-11,223
fold3_room9_mix006.csv,675,1,2,-99,-11,223
fold3_room9_mix006.csv,676,1,2,-99,-11,223
fold3_room9_mix006.csv,677,1,2,-99,-11,223
fold3_room9_mix006.csv,678,1,2,-99,-11,223
fold3_room9_mix006.csv,679,1,2,-99,-11,223
fold3_room9_mix006.csv,700,1,2,-99,-11,223
fold3_room9_mix006.csv,701,1,2,-99,-11,223
fold3_room9_mix006.csv,702,1,2,-99,-11,223
fold3_room9_mix006.csv,703,1,2,-99,-11,223
fold3_room9_mix006.csv,704,1,2,-99,-11,223
fold3_room9_mix006.csv,705,1,2,-99,-11,223
fold3_room9_mix006.csv,706,1,2,-99,-11,223
fold3_room9_mix006.csv,707,1,2,-99,-11,223
fold3_room9_mix006.csv,708,1,2,-99,-11,222
fold3_room9_mix006.csv,709,1,2,-99,-11,222
fold3_room9_mix006.csv,730,1,2,-99,-10,229
fold3_room9_mix006.csv,731,1,2,-98,-10,230
fold3_room9_mix006.csv,732,1,2,-98,-10,231
fold3_room9_mix006.csv,733,1,2,-98,-10,232
fold3_room9_mix006.csv,734,1,2,-98,-9,233
fold3_room9_mix006.csv,735,1,2,-98,-9,233
fold3_room9_mix006.csv,736,1,2,-98,-9,234
fold3_room9_mix006.csv,737,1,2,-98,-9,235
fold3_room9_mix006.csv,738,1,2,-98,-9,235
fold3_room9_mix006.csv,739,1,2,-98,-9,236
fold3_room9_mix006.csv,740,1,2,-98,-9,236
fold3_room9_mix006.csv,741,1,2,-98,-9,236
fold3_room9_mix006.csv,742,1,2,-98,-9,235
fold3_room9_mix006.csv,743,1,2,-99,-9,234
fold3_room9_mix006.csv,744,1,2,-99,-9,233
fold3_room9_mix006.csv,745,1,2,-99,-9,232
fold3_room9_mix006.csv,746,1,2,-99,-10,231
fold3_room9_mix006.csv,747,1,2,-99,-10,230
fold3_room9_mix006.csv,748,1,2,-99,-10,230
fold3_room9_mix006.csv,749,1,2,-99,-10,229
fold3_room9_mix006.csv,810,1,2,-100,-9,238
fold3_room9_mix006.csv,811,1,2,-100,-9,238
fold3_room9_mix006.csv,812,1,2,-100,-9,237
fold3_room9_mix006.csv,813,1,2,-100,-9,237
fold3_room9_mix006.csv,814,1,2,-100,-9,237
fold3_room9_mix006.csv,815,1,2,-100,-9,237
fold3_room9_mix006.csv,816,1,2,-99,-9,237
fold3_room9_mix006.csv,817,1,2,-99,-9,237
fold3_room9_mix006.csv,818,1,2,-99,-9,237
fold3_room9_mix006.csv,819,1,2,-99,-10,237
fold3_room9_mix006.csv,820,1,2,-99,-10,237
fold3_room9_mix006.csv,821,1,2,-99,-10,237
fold3_room9_mix006.csv,822,1,2,-100,-9,237
fold3_room9_mix006.csv,823,1,2,-100,-10,237
fold3_room9_mix006.csv,824,1,2,-100,-10,237
fold3_room9_mix006.csv,825,1,2,-100,-10,236
fold3_room9_mix006.csv,826,1,2,-100,-10,236
fold3_room9_mix006.csv,827,1,2,-100,-9,236
fold3_room9_mix006.csv,828,1,2,-101,-9,236
fold3_room9_mix006.csv,829,1,2,-101,-9,237
fold3_room9_mix006.csv,830,1,2,-101,-9,237
fold3_room9_mix006.csv,831,1,2,-101,-9,238
fold3_room9_mix006.csv,832,1,2,-101,-9,239
fold3_room9_mix006.csv,833,1,2,-101,-9,239
fold3_room9_mix006.csv,834,1,2,-101,-9,238
fold3_room9_mix006.csv,835,1,2,-100,-9,238
fold3_room9_mix006.csv,836,1,2,-100,-9,237
fold3_room9_mix006.csv,837,1,2,-100,-10,237
fold3_room9_mix006.csv,838,1,2,-100,-10,236
fold3_room9_mix006.csv,839,1,2,-100,-10,237
fold3_room9_mix006.csv,840,1,2,-100,-9,237
fold3_room9_mix006.csv,841,1,2,-101,-9,238
fold3_room9_mix006.csv,842,1,2,-101,-9,238
fold3_room9_mix006.csv,843,1,2,-101,-9,238
fold3_room9_mix006.csv,844,1,2,-101,-9,238
fold3_room9_mix006.csv,845,1,2,-101,-9,238
fold3_room9_mix006.csv,846,1,2,-101,-9,238
fold3_room9_mix006.csv,847,1,2,-101,-9,237
fold3_room9_mix006.csv,848,1,2,-101,-9,236
fold3_room9_mix006.csv,849,1,2,-101,-10,235
fold3_room9_mix006.csv,850,1,2,-101,-10,233
fold3_room9_mix006.csv,851,1,2,-101,-10,232
fold3_room9_mix006.csv,852,1,2,-101,-10,231
fold3_room9_mix006.csv,853,1,2,-101,-10,232
fold3_room9_mix006.csv,854,1,2,-100,-10,232
fold3_room9_mix006.csv,855,1,2,-100,-10,233
fold3_room9_mix006.csv,856,1,2,-100,-10,234
fold3_room9_mix006.csv,857,1,2,-99,-10,236
fold3_room9_mix006.csv,858,1,2,-99,-10,237
fold3_room9_mix006.csv,859,1,2,-99,-10,238
fold3_room9_mix006.csv,860,1,2,-99,-10,238
fold3_room9_mix006.csv,861,1,2,-99,-9,238
fold3_room9_mix006.csv,862,1,2,-99,-9,237
fold3_room9_mix006.csv,863,1,2,-99,-10,236
fold3_room9_mix006.csv,864,1,2,-99,-10,236
fold3_room9_mix006.csv,865,1,2,-99,-10,236
fold3_room9_mix006.csv,866,1,2,-100,-9,237
fold3_room9_mix006.csv,867,1,2,-100,-9,237
fold3_room9_mix006.csv,868,1,2,-101,-9,237
fold3_room9_mix006.csv,869,1,2,-101,-9,237
fold3_room9_mix006.csv,870,1,2,-101,-9,237
fold3_room9_mix006.csv,871,1,2,-101,-9,237
fold3_room9_mix006.csv,872,1,2,-101,-9,237
fold3_room9_mix006.csv,873,1,2,-101,-9,236
fold3_room9_mix006.csv,874,1,2,-101,-10,236
fold3_room9_mix006.csv,875,1,2,-101,-10,235
fold3_room9_mix006.csv,876,1,2,-101,-10,234
fold3_room9_mix006.csv,877,1,2,-101,-10,233
fold3_room9_mix006.csv,878,1,2,-101,-10,232
fold3_room9_mix006.csv,879,1,2,-101,-10,231
fold3_room9_mix006.csv,880,1,2,-101,-10,230
fold3_room9_mix006.csv,881,1,2,-101,-10,230
fold3_room9_mix006.csv,882,1,2,-101,-10,230
fold3_room9_mix006.csv,883,1,2,-101,-10,231
fold3_room9_mix006.csv,884,1,2,-100,-10,233
fold3_room9_mix006.csv,885,1,2,-100,-10,235
fold3_room9_mix006.csv,886,1,2,-100,-10,236
fold3_room9_mix006.csv,887,1,2,-100,-10,237
fold3_room9_mix006.csv,888,1,2,-100,-10,238
fold3_room9_mix006.csv,889,1,2,-100,-9,237
fold3_room9_mix006.csv,890,1,2,-100,-9,237
fold3_room9_mix006.csv,891,1,2,-100,-9,237
fold3_room9_mix006.csv,892,1,2,-100,-10,237
fold3_room9_mix006.csv,893,1,2,-100,-10,237
fold3_room9_mix006.csv,894,1,2,-100,-10,237
fold3_room9_mix006.csv,895,1,2,-100,-9,237
fold3_room9_mix006.csv,896,1,2,-100,-10,237
fold3_room9_mix006.csv,897,1,2,-100,-10,237
fold3_room9_mix006.csv,898,1,2,-100,-10,237
fold3_room9_mix006.csv,899,1,2,-100,-10,237
fold3_room9_mix006.csv,900,1,2,-100,-10,237
fold3_room9_mix006.csv,901,1,2,-100,-9,237
fold3_room9_mix006.csv,902,1,2,-100,-10,237
fold3_room9_mix006.csv,903,1,2,-100,-10,236
fold3_room9_mix006.csv,904,1,2,-100,-10,237
fold3_room9_mix006.csv,905,1,2,-100,-10,237
fold3_room9_mix006.csv,906,1,2,-100,-10,237
fold3_room9_mix006.csv,907,1,2,-100,-10,237
fold3_room9_mix006.csv,908,1,2,-100,-10,236
fold3_room9_mix006.csv,909,1,2,-100,-10,236
fold3_room9_mix006.csv,910,1,2,-100,-10,236
fold3_room9_mix006.csv,911,1,2,-100,-10,236
fold3_room9_mix006.csv,912,1,2,-100,-10,236
fold3_room9_mix006.csv,913,1,2,-100,-10,236
fold3_room9_mix006.csv,914,1,2,-100,-10,235
fold3_room9_mix006.csv,915,1,2,-100,-10,234
fold3_room9_mix006.csv,916,1,2,-100,-10,234
fold3_room9_mix006.csv,917,1,2,-100,-10,234
fold3_room9_mix006.csv,918,1,2,-100,-10,233
fold3_room9_mix006.csv,919,1,2,-100,-10,233
fold3_room9_mix006.csv,930,1,2,-100,-10,238
fold3_room9_mix006.csv,931,1,2,-100,-10,238
fold3_room9_mix006.csv,932,1,2,-100,-9,238
fold3_room9_mix006.csv,933,1,2,-100,-10,237
fold3_room9_mix006.csv,934,1,2,-100,-10,236
fold3_room9_mix006.csv,935,1,2,-100,-10,235
fold3_room9_mix006.csv,936,1,2,-100,-10,234
fold3_room9_mix006.csv,937,1,2,-100,-10,234
fold3_room9_mix006.csv,938,1,2,-100,-10,234
fold3_room9_mix006.csv,939,1,2,-100,-10,235
fold3_room9_mix006.csv,940,1,2,-101,-10,235
fold3_room9_mix006.csv,941,1,2,-101,-10,235
fold3_room9_mix006.csv,942,1,2,-101,-10,235
fold3_room9_mix006.csv,943,1,2,-101,-10,235
fold3_room9_mix006.csv,944,1,2,-101,-10,235
fold3_room9_mix006.csv,995,1,2,-100,-9,238
fold3_room9_mix006.csv,996,1,2,-100,-10,238
fold3_room9_mix006.csv,997,1,2,-100,-10,237
fold3_room9_mix006.csv,998,1,2,-100,-10,237
fold3_room9_mix006.csv,999,1,2,-100,-10,236
fold3_room9_mix006.csv,1000,1,2,-100,-10,236
fold3_room9_mix006.csv,1001,1,2,-100,-10,235
fold3_room9_mix006.csv,1002,1,2,-100,-10,236
fold3_room9_mix006.csv,1003,1,2,-100,-10,235
fold3_room9_mix006.csv,1004,1,2,-100,-10,235
fold3_room9_mix006.csv,1005,1,2,-100,-10,235
fold3_room9_mix006.csv,1006,1,2,-100,-10,235
fold3_room9_mix006.csv,1007,1,2,-100,-10,235
fold3_room9_mix006.csv,1008,1,2,-100,-10,235
fold3_room9_mix006.csv,1009,1,2,-100,-10,236
fold3_room9_mix006.csv,1010,1,2,-101,-10,236
fold3_room9_mix006.csv,1011,1,2,-101,-9,237
fold3_room9_mix006.csv,1012,1,2,-101,-9,237
fold3_room9_mix006.csv,1013,1,2,-101,-9,238
fold3_room9_mix006.csv,1014,1,2,-101,-9,238
fold3_room9_mix006.csv,1015,1,2,-100,-9,238
fold3_room9_mix006.csv,1016,1,2,-100,-9,238
fold3_room9_mix006.csv,1017,1,2,-100,-9,238
fold3_room9_mix006.csv,1018,1,2,-100,-9,238
fold3_room9_mix006.csv,1019,1,2,-100,-10,237
fold3_room9_mix006.csv,1020,1,2,-100,-10,237
fold3_room9_mix006.csv,1021,1,2,-100,-10,236
fold3_room9_mix006.csv,1022,1,2,-100,-10,236
fold3_room9_mix006.csv,1023,1,2,-100,-10,236
fold3_room9_mix006.csv,1024,1,2,-100,-10,235
fold3_room9_mix006.csv,1025,1,2,-100,-10,235
fold3_room9_mix006.csv,1026,1,2,-100,-10,235
fold3_room9_mix006.csv,1027,1,2,-100,-10,235
fold3_room9_mix006.csv,1028,1,2,-100,-10,236
fold3_room9_mix006.csv,1029,1,2,-100,-10,236
fold3_room9_mix006.csv,1030,1,2,-100,-10,237
fold3_room9_mix006.csv,1031,1,2,-100,-10,238
fold3_room9_mix006.csv,1032,1,2,-100,-10,239
fold3_room9_mix006.csv,1033,1,2,-100,-9,240
fold3_room9_mix006.csv,1034,1,2,-100,-9,240
fold3_room9_mix006.csv,1035,1,2,-100,-9,240
fold3_room9_mix006.csv,1036,1,2,-100,-9,240
fold3_room9_mix006.csv,1037,1,2,-100,-9,239
fold3_room9_mix006.csv,1038,1,2,-100,-9,238
fold3_room9_mix006.csv,1039,1,2,-101,-9,237
fold3_room9_mix006.csv,1040,1,2,-101,-10,236
fold3_room9_mix006.csv,1041,1,2,-101,-9,236
fold3_room9_mix006.csv,1042,1,2,-101,-9,236
fold3_room9_mix006.csv,1043,1,2,-101,-9,236
fold3_room9_mix006.csv,1044,1,2,-101,-9,236
fold3_room9_mix006.csv,1045,1,2,-101,-9,236
fold3_room9_mix006.csv,1046,1,2,-101,-9,236
fold3_room9_mix006.csv,1047,1,2,-101,-9,236
fold3_room9_mix006.csv,1048,1,2,-101,-10,236
fold3_room9_mix006.csv,1049,1,2,-101,-10,235
fold3_room9_mix006.csv,1085,1,2,-100,-10,236
fold3_room9_mix006.csv,1086,1,2,-100,-10,236
fold3_room9_mix006.csv,1087,1,2,-100,-10,236
fold3_room9_mix006.csv,1088,1,2,-100,-10,236
fold3_room9_mix006.csv,1089,1,2,-100,-10,236
fold3_room9_mix006.csv,1090,1,2,-100,-10,235
fold3_room9_mix006.csv,1091,1,2,-100,-10,235
fold3_room9_mix006.csv,1092,1,2,-100,-10,236
fold3_room9_mix006.csv,1093,1,2,-100,-10,236
fold3_room9_mix006.csv,1094,1,2,-100,-10,236
fold3_room9_mix006.csv,1095,1,2,-100,-10,236
fold3_room9_mix006.csv,1096,1,2,-100,-10,236
fold3_room9_mix006.csv,1097,1,2,-100,-10,236
fold3_room9_mix006.csv,1098,1,2,-99,-10,236
fold3_room9_mix006.csv,1099,1,2,-99,-10,237
fold3_room9_mix006.csv,1100,1,2,-100,-10,238
fold3_room9_mix006.csv,1101,1,2,-100,-9,238
fold3_room9_mix006.csv,1102,1,2,-100,-9,239
fold3_room9_mix006.csv,1103,1,2,-101,-9,239
fold3_room9_mix006.csv,1104,1,2,-101,-9,238
fold3_room9_mix006.csv,1105,1,2,-101,-9,238
fold3_room9_mix006.csv,1106,1,2,-100,-9,238
fold3_room9_mix006.csv,1107,1,2,-101,-9,238
fold3_room9_mix006.csv,1108,1,2,-101,-9,238
fold3_room9_mix006.csv,1109,1,2,-101,-9,238
fold3_room9_mix006.csv,1110,1,2,-101,-10,237
fold3_room9_mix006.csv,1111,1,2,-101,-10,236
fold3_room9_mix006.csv,1112,1,2,-100,-10,235
fold3_room9_mix006.csv,1113,1,2,-100,-10,235
fold3_room9_mix006.csv,1114,1,2,-101,-10,235
fold3_room9_mix006.csv,1115,1,2,-101,-10,235
fold3_room9_mix006.csv,1116,1,2,-101,-10,235
fold3_room9_mix006.csv,1117,1,2,-101,-10,236
fold3_room9_mix006.csv,1118,1,2,-101,-10,236
fold3_room9_mix006.csv,1119,1,2,-101,-10,237
fold3_room9_mix006.csv,1120,1,2,-100,-10,237
fold3_room9_mix006.csv,1121,1,2,-100,-10,237
fold3_room9_mix006.csv,1122,1,2,-100,-9,238
fold3_room9_mix006.csv,1123,1,2,-100,-9,238
fold3_room9_mix006.csv,1124,1,2,-100,-10,238
fold3_room9_mix006.csv,1125,1,2,-100,-10,238
fold3_room9_mix006.csv,1126,1,2,-100,-10,238
fold3_room9_mix006.csv,1127,1,2,-100,-10,237
fold3_room9_mix006.csv,1128,1,2,-101,-10,236
fold3_room9_mix006.csv,1129,1,2,-101,-10,236
fold3_room9_mix006.csv,1130,1,2,-101,-10,236
fold3_room9_mix006.csv,1131,1,2,-101,-10,236
fold3_room9_mix006.csv,1132,1,2,-101,-10,236
fold3_room9_mix006.csv,1133,1,2,-101,-10,237
fold3_room9_mix006.csv,1134,1,2,-100,-10,238
fold3_room9_mix006.csv,1135,1,2,-100,-10,238
fold3_room9_mix006.csv,1136,1,2,-101,-10,237
fold3_room9_mix006.csv,1137,1,2,-101,-10,236
fold3_room9_mix006.csv,1138,1,2,-101,-10,235
fold3_room9_mix006.csv,1139,1,2,-101,-10,235
fold3_room9_mix006.csv,1150,1,2,-101,-10,234
fold3_room9_mix006.csv,1151,1,2,-101,-10,233
fold3_room9_mix006.csv,1152,1,2,-101,-10,232
fold3_room9_mix006.csv,1153,1,2,-101,-10,232
fold3_room9_mix006.csv,1154,1,2,-100,-10,233
fold3_room9_mix006.csv,1155,1,2,-101,-10,233
fold3_room9_mix006.csv,1156,1,2,-101,-10,234
fold3_room9_mix006.csv,1157,1,2,-100,-10,235
fold3_room9_mix006.csv,1158,1,2,-100,-10,236
fold3_room9_mix006.csv,1159,1,2,-100,-10,237
fold3_room9_mix006.csv,1160,1,2,-100,-9,238
fold3_room9_mix006.csv,1161,1,2,-100,-9,238
fold3_room9_mix006.csv,1162,1,2,-100,-9,239
fold3_room9_mix006.csv,1163,1,2,-100,-9,239
fold3_room9_mix006.csv,1164,1,2,-100,-9,238
fold3_room9_mix006.csv,1165,1,2,-100,-10,238
fold3_room9_mix006.csv,1166,1,2,-100,-10,237
fold3_room9_mix006.csv,1167,1,2,-100,-10,236
fold3_room9_mix006.csv,1168,1,2,-100,-10,235
fold3_room9_mix006.csv,1169,1,2,-100,-10,235
fold3_room9_mix006.csv,1170,1,2,-101,-10,234
fold3_room9_mix006.csv,1171,1,2,-101,-10,234
fold3_room9_mix006.csv,1172,1,2,-101,-10,234
fold3_room9_mix006.csv,1173,1,2,-100,-10,235
fold3_room9_mix006.csv,1174,1,2,-100,-10,235
fold3_room9_mix006.csv,1250,1,2,-100,-10,237
fold3_room9_mix006.csv,1251,1,2,-100,-10,236
fold3_room9_mix006.csv,1252,1,2,-100,-10,236
fold3_room9_mix006.csv,1253,1,2,-100,-10,236
fold3_room9_mix006.csv,1254,1,2,-100,-10,236
fold3_room9_mix006.csv,1255,1,2,-100,-10,236
fold3_room9_mix006.csv,1256,1,2,-99,-10,237
fold3_room9_mix006.csv,1257,1,2,-100,-10,237
fold3_room9_mix006.csv,1258,1,2,-99,-10,238
fold3_room9_mix006.csv,1259,1,2,-99,-10,238
fold3_room9_mix006.csv,1260,1,2,-99,-10,239
fold3_room9_mix006.csv,1261,1,2,-99,-9,239
fold3_room9_mix006.csv,1262,1,2,-99,-9,239
fold3_room9_mix006.csv,1263,1,2,-99,-9,239
fold3_room9_mix006.csv,1264,1,2,-99,-9,239
fold3_room9_mix006.csv,1265,1,2,-100,-9,239
fold3_room9_mix006.csv,1266,1,2,-100,-9,239
fold3_room9_mix006.csv,1267,1,2,-100,-9,239
fold3_room9_mix006.csv,1268,1,2,-100,-9,238
fold3_room9_mix006.csv,1269,1,2,-100,-9,238
fold3_room9_mix006.csv,1270,1,2,-100,-9,238
fold3_room9_mix006.csv,1271,1,2,-100,-9,238
fold3_room9_mix006.csv,1272,1,2,-100,-9,238
fold3_room9_mix006.csv,1273,1,2,-100,-9,238
fold3_room9_mix006.csv,1274,1,2,-100,-9,238
fold3_room9_mix006.csv,1275,1,2,-100,-9,238
fold3_room9_mix006.csv,1276,1,2,-100,-9,238
fold3_room9_mix006.csv,1277,1,2,-100,-9,238
fold3_room9_mix006.csv,1278,1,2,-100,-10,238
fold3_room9_mix006.csv,1279,1,2,-100,-10,238
fold3_room9_mix006.csv,1280,1,2,-100,-10,238
fold3_room9_mix006.csv,1281,1,2,-100,-9,238
fold3_room9_mix006.csv,1282,1,2,-100,-9,238
fold3_room9_mix006.csv,1283,1,2,-100,-9,238
fold3_room9_mix006.csv,1284,1,2,-100,-9,238
fold3_room9_mix006.csv,1285,1,2,-100,-9,239
fold3_room9_mix006.csv,1286,1,2,-100,-9,239
fold3_room9_mix006.csv,1287,1,2,-100,-9,239
fold3_room9_mix006.csv,1288,1,2,-100,-9,239
fold3_room9_mix006.csv,1289,1,2,-100,-9,238
fold3_room9_mix006.csv,1290,1,2,-100,-9,238
fold3_room9_mix006.csv,1291,1,2,-100,-9,238
fold3_room9_mix006.csv,1292,1,2,-100,-9,238
fold3_room9_mix006.csv,1293,1,2,-100,-9,238
fold3_room9_mix006.csv,1294,1,2,-100,-9,238
fold3_room9_mix006.csv,1295,1,2,-100,-9,238
fold3_room9_mix006.csv,1296,1,2,-100,-10,238
fold3_room9_mix006.csv,1297,1,2,-100,-10,237
fold3_room9_mix006.csv,1298,1,2,-100,-10,237
fold3_room9_mix006.csv,1299,1,2,-100,-10,236
fold3_room9_mix006.csv,1300,1,2,-100,-10,236
fold3_room9_mix006.csv,1301,1,2,-100,-10,235
fold3_room9_mix006.csv,1302,1,2,-100,-10,235
fold3_room9_mix006.csv,1303,1,2,-100,-10,236
fold3_room9_mix006.csv,1304,1,2,-99,-10,236
fold3_room9_mix006.csv,1305,1,2,-99,-10,237
fold3_room9_mix006.csv,1306,1,2,-100,-10,237
fold3_room9_mix006.csv,1307,1,2,-99,-10,237
fold3_room9_mix006.csv,1308,1,2,-99,-10,238
fold3_room9_mix006.csv,1309,1,2,-99,-10,238
fold3_room9_mix006.csv,1310,1,2,-99,-10,238
fold3_room9_mix006.csv,1311,1,2,-99,-10,238
fold3_room9_mix006.csv,1312,1,2,-99,-10,238
fold3_room9_mix006.csv,1313,1,2,-100,-10,238
fold3_room9_mix006.csv,1314,1,2,-100,-10,238
fold3_room9_mix006.csv,1315,1,2,-100,-10,238
fold3_room9_mix006.csv,1316,1,2,-100,-10,238
fold3_room9_mix006.csv,1317,1,2,-100,-10,238
fold3_room9_mix006.csv,1318,1,2,-100,-9,238
fold3_room9_mix006.csv,1319,1,2,-100,-9,239
fold3_room9_mix006.csv,1320,1,2,-100,-9,239
fold3_room9_mix006.csv,1321,1,2,-100,-9,239
fold3_room9_mix006.csv,1322,1,2,-100,-9,239
fold3_room9_mix006.csv,1323,1,2,-100,-9,239
fold3_room9_mix006.csv,1324,1,2,-99,-9,239
fold3_room9_mix006.csv,1325,1,2,-100,-9,239
fold3_room9_mix006.csv,1326,1,2,-100,-9,239
fold3_room9_mix006.csv,1327,1,2,-100,-9,238
fold3_room9_mix006.csv,1328,1,2,-100,-9,238
fold3_room9_mix006.csv,1329,1,2,-100,-9,238
fold3_room9_mix006.csv,1330,1,2,-100,-9,237
fold3_room9_mix006.csv,1331,1,2,-100,-9,237
fold3_room9_mix006.csv,1332,1,2,-100,-9,238
fold3_room9_mix006.csv,1333,1,2,-100,-9,238
fold3_room9_mix006.csv,1334,1,2,-100,-10,238
fold3_room9_mix006.csv,1410,1,2,-100,-10,231
fold3_room9_mix006.csv,1411,1,2,-100,-10,231
fold3_room9_mix006.csv,1412,1,2,-100,-10,231
fold3_room9_mix006.csv,1413,1,2,-100,-10,231
fold3_room9_mix006.csv,1414,1,2,-100,-10,232
fold3_room9_mix006.csv,1415,1,2,-99,-10,231
fold3_room9_mix006.csv,1416,1,2,-99,-10,231
fold3_room9_mix006.csv,1417,1,2,-99,-11,229
fold3_room9_mix006.csv,1418,1,2,-99,-11,228
fold3_room9_mix006.csv,1419,1,2,-99,-11,227
fold3_room9_mix007.csv,25,1,1,-114,-10,219
fold3_room9_mix007.csv,26,1,1,-114,-10,219
fold3_room9_mix007.csv,27,1,1,-114,-10,219
fold3_room9_mix007.csv,28,1,1,-114,-10,219
fold3_room9_mix007.csv,29,1,1,-114,-10,219
fold3_room9_mix007.csv,50,1,1,-114,-10,218
fold3_room9_mix007.csv,51,1,1,-114,-10,218
fold3_room9_mix007.csv,52,1,1,-114,-10,218
fold3_room9_mix007.csv,53,1,1,-114,-10,218
fold3_room9_mix007.csv,54,1,1,-114,-10,218
fold3_room9_mix007.csv,55,1,1,-114,-10,217
fold3_room9_mix007.csv,56,1,1,-114,-10,217
fold3_room9_mix007.csv,57,1,1,-114,-10,217
fold3_room9_mix007.csv,58,1,1,-114,-10,217
fold3_room9_mix007.csv,59,1,1,-114,-10,216
fold3_room9_mix007.csv,60,1,1,-114,-10,216
fold3_room9_mix007.csv,61,1,1,-115,-10,216
fold3_room9_mix007.csv,62,1,1,-115,-10,217
fold3_room9_mix007.csv,63,1,1,-115,-10,217
fold3_room9_mix007.csv,64,1,1,-115,-10,217
fold3_room9_mix007.csv,65,1,1,-115,-10,217
fold3_room9_mix007.csv,66,1,1,-114,-10,217
fold3_room9_mix007.csv,67,1,1,-114,-10,217
fold3_room9_mix007.csv,68,1,1,-114,-10,218
fold3_room9_mix007.csv,69,1,1,-114,-10,218
fold3_room9_mix007.csv,70,1,1,-114,-10,218
fold3_room9_mix007.csv,71,1,1,-114,-10,218
fold3_room9_mix007.csv,72,1,1,-114,-10,218
fold3_room9_mix007.csv,73,1,1,-114,-10,217
fold3_room9_mix007.csv,74,1,1,-114,-10,217
fold3_room9_mix007.csv,75,1,1,-114,-10,217
fold3_room9_mix007.csv,76,1,1,-114,-10,217
fold3_room9_mix007.csv,77,1,1,-114,-10,218
fold3_room9_mix007.csv,78,1,1,-114,-10,218
fold3_room9_mix007.csv,79,1,1,-114,-10,218
fold3_room9_mix007.csv,80,1,1,-114,-10,218
fold3_room9_mix007.csv,81,1,1,-114,-11,217
fold3_room9_mix007.csv,82,1,1,-114,-11,217
fold3_room9_mix007.csv,83,1,1,-114,-11,217
fold3_room9_mix007.csv,84,1,1,-114,-11,217
fold3_room9_mix007.csv,135,1,1,-114,-10,219
fold3_room9_mix007.csv,136,1,1,-114,-10,219
fold3_room9_mix007.csv,137,1,1,-114,-10,219
fold3_room9_mix007.csv,138,1,1,-114,-10,219
fold3_room9_mix007.csv,139,1,1,-114,-10,219
fold3_room9_mix007.csv,140,1,1,-114,-10,219
fold3_room9_mix007.csv,141,1,1,-114,-10,219
fold3_room9_mix007.csv,142,1,1,-114,-10,219
fold3_room9_mix007.csv,143,1,1,-114,-10,219
fold3_room9_mix007.csv,144,1,1,-113,-10,219
fold3_room9_mix007.csv,145,1,1,-113,-10,219
fold3_room9_mix007.csv,146,1,1,-113,-10,219
fold3_room9_mix007.csv,147,1,1,-113,-11,218
fold3_room9_mix007.csv,148,1,1,-113,-10,218
fold3_room9_mix007.csv,149,1,1,-113,-10,219
fold3_room9_mix007.csv,150,1,1,-113,-10,219
fold3_room9_mix007.csv,151,1,1,-113,-10,219
fold3_room9_mix007.csv,152,1,1,-113,-10,220
fold3_room9_mix007.csv,153,1,1,-113,-10,220
fold3_room9_mix007.csv,154,1,1,-113,-10,221
fold3_room9_mix007.csv,155,1,1,-113,-10,221
fold3_room9_mix007.csv,156,1,1,-113,-10,221
fold3_room9_mix007.csv,157,1,1,-113,-10,220
fold3_room9_mix007.csv,158,1,1,-113,-10,219
fold3_room9_mix007.csv,159,1,1,-113,-10,219
fold3_room9_mix007.csv,220,1,1,-113,-10,221
fold3_room9_mix007.csv,221,1,1,-113,-10,221
fold3_room9_mix007.csv,222,1,1,-113,-10,221
fold3_room9_mix007.csv,223,1,1,-113,-10,221
fold3_room9_mix007.csv,224,1,1,-113,-10,221
fold3_room9_mix007.csv,225,1,1,-113,-10,221
fold3_room9_mix007.csv,226,1,1,-113,-10,221
fold3_room9_mix007.csv,227,1,1,-113,-10,221
fold3_room9_mix007.csv,228,1,1,-113,-10,221
fold3_room9_mix007.csv,229,1,1,-113,-10,221
fold3_room9_mix007.csv,230,1,1,-113,-10,221
fold3_room9_mix007.csv,231,1,1,-114,-10,222
fold3_room9_mix007.csv,232,1,1,-114,-10,222
fold3_room9_mix007.csv,233,1,1,-114,-10,222
fold3_room9_mix007.csv,234,1,1,-114,-10,222
fold3_room9_mix007.csv,235,1,1,-114,-10,222
fold3_room9_mix007.csv,236,1,1,-114,-10,222
fold3_room9_mix007.csv,237,1,1,-114,-10,222
fold3_room9_mix007.csv,238,1,1,-114,-10,222
fold3_room9_mix007.csv,239,1,1,-114,-10,221
fold3_room9_mix007.csv,240,1,1,-114,-10,221
fold3_room9_mix007.csv,241,1,1,-114,-10,221
fold3_room9_mix007.csv,242,1,1,-114,-10,221
fold3_room9_mix007.csv,243,1,1,-114,-10,221
fold3_room9_mix007.csv,244,1,1,-114,-10,220
fold3_room9_mix007.csv,245,1,1,-114,-10,220
fold3_room9_mix007.csv,246,1,1,-114,-10,220
fold3_room9_mix007.csv,247,1,1,-114,-10,219
fold3_room9_mix007.csv,248,1,1,-114,-10,219
fold3_room9_mix007.csv,249,1,1,-114,-10,219
fold3_room9_mix007.csv,335,1,1,-113,-11,217
fold3_room9_mix007.csv,336,1,1,-114,-11,217
fold3_room9_mix007.csv,337,1,1,-114,-10,218
fold3_room9_mix007.csv,338,1,1,-114,-10,219
fold3_room9_mix007.csv,339,1,1,-114,-10,219
fold3_room9_mix007.csv,350,1,1,-113,-12,216
fold3_room9_mix007.csv,351,1,1,-113,-11,217
fold3_room9_mix007.csv,352,1,1,-113,-11,218
fold3_room9_mix007.csv,353,1,1,-113,-11,219
fold3_room9_mix007.csv,354,1,1,-113,-10,219
fold3_room9_mix007.csv,355,1,1,-114,-11,218
fold3_room9_mix007.csv,356,1,1,-114,-10,219
fold3_room9_mix007.csv,357,1,1,-114,-10,221
fold3_room9_mix007.csv,358,1,1,-114,-10,222
fold3_room9_mix007.csv,359,1,1,-115,-10,222
fold3_room9_mix007.csv,435,1,1,-113,-11,218
fold3_room9_mix007.csv,436,1,1,-113,-11,217
fold3_room9_mix007.csv,437,1,1,-113,-11,215
fold3_room9_mix007.csv,438,1,1,-113,-11,214
fold3_room9_mix007.csv,439,1,1,-113,-11,214
fold3_room9_mix007.csv,440,1,1,-113,-11,214
fold3_room9_mix007.csv,441,1,1,-113,-11,213
fold3_room9_mix007.csv,442,1,1,-113,-11,213
fold3_room9_mix007.csv,443,1,1,-113,-11,213
fold3_room9_mix007.csv,444,1,1,-113,-10,214
fold3_room9_mix007.csv,455,1,1,-113,-11,211
fold3_room9_mix007.csv,456,1,1,-112,-11,210
fold3_room9_mix007.csv,457,1,1,-111,-11,208
fold3_room9_mix007.csv,458,1,1,-110,-12,207
fold3_room9_mix007.csv,459,1,1,-110,-12,206
fold3_room9_mix007.csv,460,1,1,-109,-12,205
fold3_room9_mix007.csv,461,1,1,-108,-13,205
fold3_room9_mix007.csv,462,1,1,-108,-12,206
fold3_room9_mix007.csv,463,1,1,-109,-12,207
fold3_room9_mix007.csv,464,1,1,-109,-11,209
fold3_room9_mix007.csv,510,1,1,-114,-10,213
fold3_room9_mix007.csv,511,1,1,-114,-10,213
fold3_room9_mix007.csv,512,1,1,-113,-10,211
fold3_room9_mix007.csv,513,1,1,-111,-11,210
fold3_room9_mix007.csv,514,1,1,-110,-11,209
fold3_room9_mix007.csv,605,1,1,-113,-12,216
fold3_room9_mix007.csv,606,1,1,-112,-12,216
fold3_room9_mix007.csv,607,1,1,-112,-12,216
fold3_room9_mix007.csv,608,1,1,-112,-12,216
fold3_room9_mix007.csv,609,1,1,-113,-12,216
fold3_room9_mix007.csv,610,1,1,-113,-12,216
fold3_room9_mix007.csv,611,1,1,-112,-12,216
fold3_room9_mix007.csv,612,1,1,-112,-12,216
fold3_room9_mix007.csv,613,1,1,-112,-12,216
fold3_room9_mix007.csv,614,1,1,-113,-12,216
fold3_room9_mix007.csv,615,1,1,-113,-12,216
fold3_room9_mix007.csv,616,1,1,-112,-12,216
fold3_room9_mix007.csv,617,1,1,-113,-12,216
fold3_room9_mix007.csv,618,1,1,-113,-12,216
fold3_room9_mix007.csv,619,1,1,-113,-12,216
fold3_room9_mix007.csv,620,1,1,-112,-12,216
fold3_room9_mix007.csv,621,1,1,-112,-12,216
fold3_room9_mix007.csv,622,1,1,-112,-12,216
fold3_room9_mix007.csv,623,1,1,-112,-12,216
fold3_room9_mix007.csv,624,1,1,-112,-12,216
fold3_room9_mix007.csv,680,1,1,-112,-12,216
fold3_room9_mix007.csv,681,1,1,-112,-12,216
fold3_room9_mix007.csv,682,1,1,-112,-12,217
fold3_room9_mix007.csv,683,1,1,-112,-12,216
fold3_room9_mix007.csv,684,1,1,-113,-12,216
fold3_room9_mix007.csv,685,1,1,-113,-12,216
fold3_room9_mix007.csv,686,1,1,-112,-12,215
fold3_room9_mix007.csv,687,1,1,-113,-12,215
fold3_room9_mix007.csv,688,1,1,-113,-12,214
fold3_room9_mix007.csv,689,1,1,-113,-12,214
fold3_room9_mix007.csv,690,1,1,-112,-12,213
fold3_room9_mix007.csv,691,1,1,-112,-11,212
fold3_room9_mix007.csv,692,1,1,-112,-11,211
fold3_room9_mix007.csv,693,1,1,-111,-11,210
fold3_room9_mix007.csv,694,1,1,-111,-11,210
fold3_room9_mix007.csv,770,1,1,-114,-10,215
fold3_room9_mix007.csv,771,1,1,-114,-10,216
fold3_room9_mix007.csv,772,1,1,-115,-11,216
fold3_room9_mix007.csv,773,1,1,-114,-11,216
fold3_room9_mix007.csv,774,1,1,-114,-11,216
fold3_room9_mix007.csv,775,1,1,-114,-11,216
fold3_room9_mix007.csv,776,1,1,-114,-11,217
fold3_room9_mix007.csv,777,1,1,-114,-11,217
fold3_room9_mix007.csv,778,1,1,-114,-11,216
fold3_room9_mix007.csv,779,1,1,-114,-11,216
fold3_room9_mix007.csv,805,1,1,-112,-11,218
fold3_room9_mix007.csv,806,1,1,-112,-11,218
fold3_room9_mix007.csv,807,1,1,-112,-11,218
fold3_room9_mix007.csv,808,1,1,-112,-11,218
fold3_room9_mix007.csv,809,1,1,-113,-11,218
fold3_room9_mix007.csv,810,1,1,-113,-11,218
fold3_room9_mix007.csv,811,1,1,-113,-11,218
fold3_room9_mix007.csv,812,1,1,-113,-11,218
fold3_room9_mix007.csv,813,1,1,-113,-11,218
fold3_room9_mix007.csv,814,1,1,-113,-11,218
fold3_room9_mix007.csv,815,1,1,-113,-11,218
fold3_room9_mix007.csv,816,1,1,-113,-11,218
fold3_room9_mix007.csv,817,1,1,-113,-11,218
fold3_room9_mix007.csv,818,1,1,-113,-11,218
fold3_room9_mix007.csv,819,1,1,-113,-11,218
fold3_room9_mix007.csv,880,1,1,-113,-11,217
fold3_room9_mix007.csv,881,1,1,-113,-11,218
fold3_room9_mix007.csv,882,1,1,-113,-11,218
fold3_room9_mix007.csv,883,1,1,-113,-10,218
fold3_room9_mix007.csv,884,1,1,-113,-10,218
fold3_room9_mix007.csv,885,1,1,-113,-10,218
fold3_room9_mix007.csv,886,1,1,-113,-11,218
fold3_room9_mix007.csv,887,1,1,-113,-11,218
fold3_room9_mix007.csv,888,1,1,-113,-11,218
fold3_room9_mix007.csv,889,1,1,-113,-11,218
fold3_room9_mix007.csv,890,1,1,-113,-11,218
fold3_room9_mix007.csv,891,1,1,-113,-11,218
fold3_room9_mix007.csv,892,1,1,-113,-11,218
fold3_room9_mix007.csv,893,1,1,-113,-11,218
fold3_room9_mix007.csv,894,1,1,-113,-11,217
fold3_room9_mix007.csv,895,1,1,-113,-11,217
fold3_room9_mix007.csv,896,1,1,-113,-11,217
fold3_room9_mix007.csv,897,1,1,-113,-11,218
fold3_room9_mix007.csv,898,1,1,-113,-11,218
fold3_room9_mix007.csv,899,1,1,-113,-11,218
fold3_room9_mix007.csv,925,1,1,-113,-11,217
fold3_room9_mix007.csv,926,1,1,-113,-11,217
fold3_room9_mix007.csv,927,1,1,-113,-11,217
fold3_room9_mix007.csv,928,1,1,-113,-11,217
fold3_room9_mix007.csv,929,1,1,-113,-11,217
fold3_room9_mix007.csv,930,1,1,-113,-11,217
fold3_room9_mix007.csv,931,1,1,-113,-11,217
fold3_room9_mix007.csv,932,1,1,-113,-11,216
fold3_room9_mix007.csv,933,1,1,-113,-11,216
fold3_room9_mix007.csv,934,1,1,-113,-11,216
fold3_room9_mix007.csv,940,1,1,-112,-11,213
fold3_room9_mix007.csv,941,1,1,-112,-11,212
fold3_room9_mix007.csv,942,1,1,-111,-11,211
fold3_room9_mix007.csv,943,1,1,-111,-11,211
fold3_room9_mix007.csv,944,1,1,-111,-11,210
fold3_room9_mix007.csv,945,1,1,-110,-11,210
fold3_room9_mix007.csv,946,1,1,-110,-11,209
fold3_room9_mix007.csv,947,1,1,-110,-11,209
fold3_room9_mix007.csv,948,1,1,-110,-11,210
fold3_room9_mix007.csv,949,1,1,-111,-11,212
fold3_room9_mix007.csv,1010,1,1,-113,-11,216
fold3_room9_mix007.csv,1011,1,1,-113,-11,216
fold3_room9_mix007.csv,1012,1,1,-113,-11,216
fold3_room9_mix007.csv,1013,1,1,-113,-11,217
fold3_room9_mix007.csv,1014,1,1,-113,-11,217
fold3_room9_mix007.csv,1015,1,1,-113,-11,217
fold3_room9_mix007.csv,1016,1,1,-113,-11,217
fold3_room9_mix007.csv,1017,1,1,-113,-11,217
fold3_room9_mix007.csv,1018,1,1,-113,-11,217
fold3_room9_mix007.csv,1019,1,1,-113,-11,217
fold3_room9_mix007.csv,1105,1,1,-113,-11,217
fold3_room9_mix007.csv,1106,1,1,-113,-11,217
fold3_room9_mix007.csv,1107,1,1,-113,-11,218
fold3_room9_mix007.csv,1108,1,1,-113,-11,218
fold3_room9_mix007.csv,1109,1,1,-113,-11,218
fold3_room9_mix007.csv,1110,1,1,-113,-11,218
fold3_room9_mix007.csv,1111,1,1,-113,-11,218
fold3_room9_mix007.csv,1112,1,1,-113,-11,218
fold3_room9_mix007.csv,1113,1,1,-113,-11,218
fold3_room9_mix007.csv,1114,1,1,-113,-11,218
fold3_room9_mix007.csv,1115,1,1,-113,-11,217
fold3_room9_mix007.csv,1116,1,1,-113,-11,217
fold3_room9_mix007.csv,1117,1,1,-113,-11,218
fold3_room9_mix007.csv,1118,1,1,-113,-11,218
fold3_room9_mix007.csv,1119,1,1,-113,-11,218
fold3_room9_mix007.csv,1120,1,1,-113,-11,219
fold3_room9_mix007.csv,1121,1,1,-113,-11,219
fold3_room9_mix007.csv,1122,1,1,-113,-11,220
fold3_room9_mix007.csv,1123,1,1,-113,-11,220
fold3_room9_mix007.csv,1124,1,1,-113,-11,220
fold3_room9_mix007.csv,1160,1,1,-113,-11,217
fold3_room9_mix007.csv,1161,1,1,-113,-11,217
fold3_room9_mix007.csv,1162,1,1,-113,-11,217
fold3_room9_mix007.csv,1163,1,1,-113,-12,216
fold3_room9_mix007.csv,1164,1,1,-113,-12,216
fold3_room9_mix007.csv,1165,1,1,-113,-12,216
fold3_room9_mix007.csv,1166,1,1,-113,-12,216
fold3_room9_mix007.csv,1167,1,1,-113,-12,216
fold3_room9_mix007.csv,1168,1,1,-113,-12,216
fold3_room9_mix007.csv,1169,1,1,-113,-12,215
fold3_room9_mix007.csv,1170,1,1,-113,-12,215
fold3_room9_mix007.csv,1171,1,1,-113,-12,215
fold3_room9_mix007.csv,1172,1,1,-113,-12,215
fold3_room9_mix007.csv,1173,1,1,-113,-12,215
fold3_room9_mix007.csv,1174,1,1,-113,-12,215
fold3_room9_mix007.csv,1175,1,1,-113,-12,215
fold3_room9_mix007.csv,1176,1,1,-113,-12,215
fold3_room9_mix007.csv,1177,1,1,-113,-12,215
fold3_room9_mix007.csv,1178,1,1,-113,-12,215
fold3_room9_mix007.csv,1179,1,1,-113,-12,215
fold3_room9_mix007.csv,1180,1,1,-113,-12,215
fold3_room9_mix007.csv,1181,1,1,-113,-12,215
fold3_room9_mix007.csv,1182,1,1,-113,-12,215
fold3_room9_mix007.csv,1183,1,1,-113,-12,215
fold3_room9_mix007.csv,1184,1,1,-113,-12,215
fold3_room9_mix007.csv,1205,1,1,-113,-12,215
fold3_room9_mix007.csv,1206,1,1,-113,-12,215
fold3_room9_mix007.csv,1207,1,1,-113,-12,215
fold3_room9_mix007.csv,1208,1,1,-113,-12,215
fold3_room9_mix007.csv,1209,1,1,-113,-12,215
fold3_room9_mix007.csv,1220,1,1,-113,-12,214
fold3_room9_mix007.csv,1221,1,1,-113,-12,214
fold3_room9_mix007.csv,1222,1,1,-113,-12,214
fold3_room9_mix007.csv,1223,1,1,-113,-12,214
fold3_room9_mix007.csv,1224,1,1,-113,-12,214
fold3_room9_mix007.csv,1230,1,1,-113,-12,214
fold3_room9_mix007.csv,1231,1,1,-113,-12,214
fold3_room9_mix007.csv,1232,1,1,-113,-11,214
fold3_room9_mix007.csv,1233,1,1,-113,-11,212
fold3_room9_mix007.csv,1234,1,1,-112,-11,211
fold3_room9_mix007.csv,1235,1,1,-111,-11,209
fold3_room9_mix007.csv,1236,1,1,-111,-12,207
fold3_room9_mix007.csv,1237,1,1,-111,-12,207
fold3_room9_mix007.csv,1238,1,1,-111,-12,208
fold3_room9_mix007.csv,1239,1,1,-112,-11,210
fold3_room9_mix007.csv,1350,1,1,-113,-11,215
fold3_room9_mix007.csv,1351,1,1,-113,-11,216
fold3_room9_mix007.csv,1352,1,1,-113,-11,216
fold3_room9_mix007.csv,1353,1,1,-114,-11,217
fold3_room9_mix007.csv,1354,1,1,-114,-11,217
fold3_room9_mix007.csv,1355,1,1,-114,-11,217
fold3_room9_mix007.csv,1356,1,1,-114,-11,216
fold3_room9_mix007.csv,1357,1,1,-114,-11,216
fold3_room9_mix007.csv,1358,1,1,-114,-11,217
fold3_room9_mix007.csv,1359,1,1,-114,-11,217
fold3_room9_mix007.csv,1390,1,1,-114,-11,216
fold3_room9_mix007.csv,1391,1,1,-114,-11,216
fold3_room9_mix007.csv,1392,1,1,-114,-11,217
fold3_room9_mix007.csv,1393,1,1,-114,-11,218
fold3_room9_mix007.csv,1394,1,1,-115,-10,219
fold3_room9_mix007.csv,1395,1,1,-115,-10,220
fold3_room9_mix007.csv,1396,1,1,-115,-10,221
fold3_room9_mix007.csv,1397,1,1,-115,-10,221
fold3_room9_mix007.csv,1398,1,1,-115,-10,221
fold3_room9_mix007.csv,1399,1,1,-115,-10,220
fold3_room9_mix007.csv,1405,1,1,-115,-10,218
fold3_room9_mix007.csv,1406,1,1,-115,-10,219
fold3_room9_mix007.csv,1407,1,1,-114,-10,219
fold3_room9_mix007.csv,1408,1,1,-114,-10,220
fold3_room9_mix007.csv,1409,1,1,-114,-10,220
fold3_room9_mix007.csv,1410,1,1,-114,-10,220
fold3_room9_mix007.csv,1411,1,1,-114,-10,220
fold3_room9_mix007.csv,1412,1,1,-114,-10,219
fold3_room9_mix007.csv,1413,1,1,-114,-10,219
fold3_room9_mix007.csv,1414,1,1,-114,-11,219
fold3_room9_mix007.csv,1495,1,1,-114,-10,220
fold3_room9_mix007.csv,1496,1,1,-114,-10,219
fold3_room9_mix007.csv,1497,1,1,-114,-10,219
fold3_room9_mix007.csv,1498,1,1,-114,-10,219
fold3_room9_mix007.csv,1499,1,1,-114,-10,219
fold3_room9_mix007.csv,1515,1,1,-117,-10,222
fold3_room9_mix007.csv,1516,1,1,-117,-10,223
fold3_room9_mix007.csv,1517,1,1,-117,-10,222
fold3_room9_mix007.csv,1518,1,1,-117,-10,222
fold3_room9_mix007.csv,1519,1,1,-117,-10,220
fold3_room9_mix007.csv,1520,1,1,-117,-10,219
fold3_room9_mix007.csv,1521,1,1,-116,-10,217
fold3_room9_mix007.csv,1522,1,1,-116,-11,216
fold3_room9_mix007.csv,1523,1,1,-115,-11,214
fold3_room9_mix007.csv,1524,1,1,-115,-11,212
fold3_room9_mix007.csv,1560,1,1,-113,-11,219
fold3_room9_mix007.csv,1561,1,1,-113,-11,220
fold3_room9_mix007.csv,1562,1,1,-113,-11,220
fold3_room9_mix007.csv,1563,1,1,-114,-11,220
fold3_room9_mix007.csv,1564,1,1,-114,-10,220
fold3_room9_mix008.csv,25,1,2,-63,-14,159
fold3_room9_mix008.csv,26,1,2,-64,-14,159
fold3_room9_mix008.csv,27,1,2,-64,-14,158
fold3_room9_mix008.csv,28,1,2,-64,-15,158
fold3_room9_mix008.csv,29,1,2,-64,-15,157
fold3_room9_mix008.csv,45,1,2,-63,-15,153
fold3_room9_mix008.csv,46,1,2,-63,-15,153
fold3_room9_mix008.csv,47,1,2,-63,-15,154
fold3_room9_mix008.csv,48,1,2,-63,-15,154
fold3_room9_mix008.csv,49,1,2,-63,-15,155
fold3_room9_mix008.csv,50,1,2,-63,-15,155
fold3_room9_mix008.csv,51,1,2,-63,-15,154
fold3_room9_mix008.csv,52,1,2,-63,-15,155
fold3_room9_mix008.csv,53,1,2,-63,-15,155
fold3_room9_mix008.csv,54,1,2,-64,-15,155
fold3_room9_mix008.csv,85,1,2,-65,-15,153
fold3_room9_mix008.csv,86,1,2,-65,-15,153
fold3_room9_mix008.csv,87,1,2,-65,-15,153
fold3_room9_mix008.csv,88,1,2,-65,-15,154
fold3_room9_mix008.csv,89,1,2,-65,-15,154
fold3_room9_mix008.csv,160,1,2,-65,-15,153
fold3_room9_mix008.csv,161,1,2,-65,-15,153
fold3_room9_mix008.csv,162,1,2,-65,-15,153
fold3_room9_mix008.csv,163,1,2,-64,-15,153
fold3_room9_mix008.csv,164,1,2,-64,-15,154
fold3_room9_mix008.csv,340,1,2,-64,-15,153
fold3_room9_mix008.csv,341,1,2,-64,-15,153
fold3_room9_mix008.csv,342,1,2,-64,-15,153
fold3_room9_mix008.csv,343,1,2,-63,-15,154
fold3_room9_mix008.csv,344,1,2,-63,-15,154
fold3_room9_mix008.csv,390,1,2,-63,-16,150
fold3_room9_mix008.csv,391,1,2,-63,-16,150
fold3_room9_mix008.csv,392,1,2,-63,-16,151
fold3_room9_mix008.csv,393,1,2,-63,-16,151
fold3_room9_mix008.csv,394,1,2,-63,-16,152
fold3_room9_mix008.csv,395,1,2,-63,-16,152
fold3_room9_mix008.csv,396,1,2,-62,-15,153
fold3_room9_mix008.csv,397,1,2,-62,-15,153
fold3_room9_mix008.csv,398,1,2,-62,-15,154
fold3_room9_mix008.csv,399,1,2,-62,-15,154
fold3_room9_mix008.csv,430,1,2,-64,-15,156
fold3_room9_mix008.csv,431,1,2,-64,-15,157
fold3_room9_mix008.csv,432,1,2,-64,-15,158
fold3_room9_mix008.csv,433,1,2,-64,-14,159
fold3_room9_mix008.csv,434,1,2,-64,-14,159
fold3_room9_mix008.csv,445,1,2,-63,-14,161
fold3_room9_mix008.csv,446,1,2,-63,-14,160
fold3_room9_mix008.csv,447,1,2,-64,-14,160
fold3_room9_mix008.csv,448,1,2,-64,-14,159
fold3_room9_mix008.csv,449,1,2,-64,-14,158
fold3_room9_mix008.csv,450,1,2,-64,-14,158
fold3_room9_mix008.csv,451,1,2,-63,-14,157
fold3_room9_mix008.csv,452,1,2,-63,-15,157
fold3_room9_mix008.csv,453,1,2,-63,-15,158
fold3_room9_mix008.csv,454,1,2,-63,-14,158
fold3_room9_mix008.csv,455,1,2,-63,-14,159
fold3_room9_mix008.csv,456,1,2,-64,-14,159
fold3_room9_mix008.csv,457,1,2,-64,-14,158
fold3_room9_mix008.csv,458,1,2,-64,-14,158
fold3_room9_mix008.csv,459,1,2,-64,-14,158
fold3_room9_mix008.csv,470,1,2,-64,-14,158
fold3_room9_mix008.csv,471,1,2,-64,-15,158
fold3_room9_mix008.csv,472,1,2,-64,-15,158
fold3_room9_mix008.csv,473,1,2,-64,-15,157
fold3_room9_mix008.csv,474,1,2,-64,-15,157
fold3_room9_mix008.csv,475,1,2,-64,-15,157
fold3_room9_mix008.csv,476,1,2,-64,-15,157
fold3_room9_mix008.csv,477,1,2,-64,-15,157
fold3_room9_mix008.csv,478,1,2,-64,-15,157
fold3_room9_mix008.csv,479,1,2,-64,-15,157
fold3_room9_mix008.csv,520,1,2,-64,-14,158
fold3_room9_mix008.csv,521,1,2,-64,-14,158
fold3_room9_mix008.csv,522,1,2,-64,-14,158
fold3_room9_mix008.csv,523,1,2,-64,-14,158
fold3_room9_mix008.csv,524,1,2,-64,-14,158
fold3_room9_mix008.csv,525,1,2,-64,-15,157
fold3_room9_mix008.csv,526,1,2,-64,-15,156
fold3_room9_mix008.csv,527,1,2,-64,-15,155
fold3_room9_mix008.csv,528,1,2,-64,-15,156
fold3_room9_mix008.csv,529,1,2,-64,-15,156
fold3_room9_mix008.csv,600,1,2,-64,-15,158
fold3_room9_mix008.csv,601,1,2,-64,-14,158
fold3_room9_mix008.csv,602,1,2,-64,-14,158
fold3_room9_mix008.csv,603,1,2,-64,-14,158
fold3_room9_mix008.csv,604,1,2,-64,-14,158
fold3_room9_mix008.csv,605,1,2,-64,-15,158
fold3_room9_mix008.csv,606,1,2,-64,-15,157
fold3_room9_mix008.csv,607,1,2,-64,-15,157
fold3_room9_mix008.csv,608,1,2,-64,-15,156
fold3_room9_mix008.csv,609,1,2,-64,-15,156
fold3_room9_mix008.csv,690,1,2,-63,-15,156
fold3_room9_mix008.csv,691,1,2,-63,-15,156
fold3_room9_mix008.csv,692,1,2,-63,-15,156
fold3_room9_mix008.csv,693,1,2,-63,-15,155
fold3_room9_mix008.csv,694,1,2,-63,-15,155
fold3_room9_mix008.csv,695,1,2,-63,-15,155
fold3_room9_mix008.csv,696,1,2,-63,-15,154
fold3_room9_mix008.csv,697,1,2,-63,-15,154
fold3_room9_mix008.csv,698,1,2,-63,-15,153
fold3_room9_mix008.csv,699,1,2,-63,-15,153
fold3_room9_mix008.csv,730,1,2,-63,-15,155
fold3_room9_mix008.csv,731,1,2,-63,-15,155
fold3_room9_mix008.csv,732,1,2,-63,-15,154
fold3_room9_mix008.csv,733,1,2,-63,-15,154
fold3_room9_mix008.csv,734,1,2,-63,-15,153
fold3_room9_mix008.csv,795,1,2,-63,-15,154
fold3_room9_mix008.csv,796,1,2,-63,-15,155
fold3_room9_mix008.csv,797,1,2,-63,-15,155
fold3_room9_mix008.csv,798,1,2,-63,-15,156
fold3_room9_mix008.csv,799,1,2,-63,-15,157
fold3_room9_mix008.csv,860,1,2,-63,-15,152
fold3_room9_mix008.csv,861,1,2,-63,-15,153
fold3_room9_mix008.csv,862,1,2,-63,-15,153
fold3_room9_mix008.csv,863,1,2,-63,-15,154
fold3_room9_mix008.csv,864,1,2,-63,-15,154
fold3_room9_mix008.csv,900,1,2,-62,-16,153
fold3_room9_mix008.csv,901,1,2,-63,-16,152
fold3_room9_mix008.csv,902,1,2,-63,-16,152
fold3_room9_mix008.csv,903,1,2,-63,-16,151
fold3_room9_mix008.csv,904,1,2,-63,-16,151
fold3_room9_mix008.csv,985,1,2,-66,-15,155
fold3_room9_mix008.csv,986,1,2,-66,-15,155
fold3_room9_mix008.csv,987,1,2,-66,-15,156
fold3_room9_mix008.csv,988,1,2,-65,-15,156
fold3_room9_mix008.csv,989,1,2,-65,-15,156
fold3_room9_mix008.csv,990,1,2,-64,-15,155
fold3_room9_mix008.csv,991,1,2,-64,-15,155
fold3_room9_mix008.csv,992,1,2,-64,-15,154
fold3_room9_mix008.csv,993,1,2,-64,-15,155
fold3_room9_mix008.csv,994,1,2,-64,-15,156
fold3_room9_mix008.csv,995,1,2,-64,-15,157
fold3_room9_mix008.csv,996,1,2,-64,-15,157
fold3_room9_mix008.csv,997,1,2,-63,-15,156
fold3_room9_mix008.csv,998,1,2,-63,-15,155
fold3_room9_mix008.csv,999,1,2,-63,-15,155
fold3_room9_mix008.csv,1000,1,2,-63,-15,154
fold3_room9_mix008.csv,1001,1,2,-64,-15,154
fold3_room9_mix008.csv,1002,1,2,-64,-15,153
fold3_room9_mix008.csv,1003,1,2,-64,-15,153
fold3_room9_mix008.csv,1004,1,2,-64,-15,152
fold3_room9_mix008.csv,1050,1,2,-63,-14,157
fold3_room9_mix008.csv,1051,1,2,-63,-14,157
fold3_room9_mix008.csv,1052,1,2,-63,-14,157
fold3_room9_mix008.csv,1053,1,2,-63,-15,156
fold3_room9_mix008.csv,1054,1,2,-63,-15,156
fold3_room9_mix008.csv,1055,1,2,-63,-15,156
fold3_room9_mix008.csv,1056,1,2,-63,-15,156
fold3_room9_mix008.csv,1057,1,2,-63,-15,156
fold3_room9_mix008.csv,1058,1,2,-63,-15,156
fold3_room9_mix008.csv,1059,1,2,-63,-15,155
fold3_room9_mix008.csv,1100,1,2,-63,-15,154
fold3_room9_mix008.csv,1101,1,2,-63,-15,154
fold3_room9_mix008.csv,1102,1,2,-63,-15,155
fold3_room9_mix008.csv,1103,1,2,-63,-15,155
fold3_room9_mix008.csv,1104,1,2,-63,-15,154
fold3_room9_mix008.csv,1130,1,2,-65,-16,150
fold3_room9_mix008.csv,1131,1,2,-64,-16,150
fold3_room9_mix008.csv,1132,1,2,-64,-16,151
fold3_room9_mix008.csv,1133,1,2,-64,-15,152
fold3_room9_mix008.csv,1134,1,2,-64,-15,152
fold3_room9_mix008.csv,1135,1,2,-64,-15,153
fold3_room9_mix008.csv,1136,1,2,-64,-15,153
fold3_room9_mix008.csv,1137,1,2,-63,-15,154
fold3_room9_mix008.csv,1138,1,2,-63,-15,154
fold3_room9_mix008.csv,1139,1,2,-63,-15,154
fold3_room9_mix008.csv,1140,1,2,-63,-15,154
fold3_room9_mix008.csv,1141,1,2,-63,-15,154
fold3_room9_mix008.csv,1142,1,2,-63,-15,154
fold3_room9_mix008.csv,1143,1,2,-63,-15,154
fold3_room9_mix008.csv,1144,1,2,-63,-15,154
fold3_room9_mix008.csv,1145,1,2,-63,-15,153
fold3_room9_mix008.csv,1146,1,2,-63,-15,153
fold3_room9_mix008.csv,1147,1,2,-63,-15,153
fold3_room9_mix008.csv,1148,1,2,-63,-15,153
fold3_room9_mix008.csv,1149,1,2,-63,-15,153
fold3_room9_mix008.csv,1180,1,2,-64,-16,150
fold3_room9_mix008.csv,1181,1,2,-64,-16,150
fold3_room9_mix008.csv,1182,1,2,-64,-16,149
fold3_room9_mix008.csv,1183,1,2,-63,-16,149
fold3_room9_mix008.csv,1184,1,2,-63,-16,150
fold3_room9_mix008.csv,1310,1,2,-63,-15,154
fold3_room9_mix008.csv,1311,1,2,-62,-15,154
fold3_room9_mix008.csv,1312,1,2,-62,-15,154
fold3_room9_mix008.csv,1313,1,2,-62,-15,155
fold3_room9_mix008.csv,1314,1,2,-62,-15,155
fold3_room9_mix008.csv,1345,1,2,-62,-17,148
fold3_room9_mix008.csv,1346,1,2,-62,-16,149
fold3_room9_mix008.csv,1347,1,2,-62,-16,149
fold3_room9_mix008.csv,1348,1,2,-62,-16,149
fold3_room9_mix008.csv,1349,1,2,-61,-16,149
fold3_room9_mix008.csv,1350,1,2,-61,-16,149
fold3_room9_mix008.csv,1351,1,2,-61,-16,149
fold3_room9_mix008.csv,1352,1,2,-61,-16,150
fold3_room9_mix008.csv,1353,1,2,-61,-16,150
fold3_room9_mix008.csv,1354,1,2,-61,-16,151
fold3_room9_mix008.csv,1360,1,2,-64,-16,150
fold3_room9_mix008.csv,1361,1,2,-63,-16,150
fold3_room9_mix008.csv,1362,1,2,-63,-16,150
fold3_room9_mix008.csv,1363,1,2,-63,-16,150
fold3_room9_mix008.csv,1364,1,2,-63,-16,150
fold3_room9_mix008.csv,1365,1,2,-63,-16,150
fold3_room9_mix008.csv,1366,1,2,-63,-16,150
fold3_room9_mix008.csv,1367,1,2,-63,-16,150
fold3_room9_mix008.csv,1368,1,2,-63,-16,150
fold3_room9_mix008.csv,1369,1,2,-63,-16,150
fold3_room9_mix008.csv,1530,1,2,-64,-16,151
fold3_room9_mix008.csv,1531,1,2,-64,-15,152
fold3_room9_mix008.csv,1532,1,2,-63,-15,152
fold3_room9_mix008.csv,1533,1,2,-63,-15,152
fold3_room9_mix008.csv,1534,1,2,-63,-15,152
fold3_room9_mix008.csv,1535,1,2,-64,-15,152
fold3_room9_mix008.csv,1536,1,2,-64,-15,152
fold3_room9_mix008.csv,1537,1,2,-64,-16,152
fold3_room9_mix008.csv,1538,1,2,-64,-16,151
fold3_room9_mix008.csv,1539,1,2,-64,-16,151
fold3_room9_mix008.csv,1630,1,2,-62,-16,150
fold3_room9_mix008.csv,1631,1,2,-62,-16,150
fold3_room9_mix008.csv,1632,1,2,-62,-16,150
fold3_room9_mix008.csv,1633,1,2,-62,-16,150
fold3_room9_mix008.csv,1634,1,2,-62,-16,150
fold3_room9_mix008.csv,1635,1,2,-62,-16,150
fold3_room9_mix008.csv,1636,1,2,-62,-16,150
fold3_room9_mix008.csv,1637,1,2,-63,-16,149
fold3_room9_mix008.csv,1638,1,2,-63,-16,149
fold3_room9_mix008.csv,1639,1,2,-63,-16,149
fold3_room9_mix008.csv,1810,1,2,-65,-16,149
fold3_room9_mix008.csv,1811,1,2,-65,-16,148
fold3_room9_mix008.csv,1812,1,2,-65,-16,148
fold3_room9_mix008.csv,1813,1,2,-65,-16,148
fold3_room9_mix008.csv,1814,1,2,-65,-16,148
fold3_room9_mix008.csv,1850,1,2,-63,-16,150
fold3_room9_mix008.csv,1851,1,2,-63,-16,150
fold3_room9_mix008.csv,1852,1,2,-63,-16,150
fold3_room9_mix008.csv,1853,1,2,-63,-16,150
fold3_room9_mix008.csv,1854,1,2,-63,-16,149
fold3_room9_mix008.csv,1855,1,2,-63,-16,149
fold3_room9_mix008.csv,1856,1,2,-63,-16,149
fold3_room9_mix008.csv,1857,1,2,-63,-16,148
fold3_room9_mix008.csv,1858,1,2,-63,-16,148
fold3_room9_mix008.csv,1859,1,2,-63,-16,148
fold3_room9_mix008.csv,2055,1,2,-64,-16,151
fold3_room9_mix008.csv,2056,1,2,-64,-16,151
fold3_room9_mix008.csv,2057,1,2,-64,-16,151
fold3_room9_mix008.csv,2058,1,2,-64,-15,151
fold3_room9_mix008.csv,2059,1,2,-65,-15,151
fold3_room9_mix008.csv,2060,1,2,-65,-16,150
fold3_room9_mix008.csv,2061,1,2,-65,-16,149
fold3_room9_mix008.csv,2062,1,2,-65,-16,149
fold3_room9_mix008.csv,2063,1,2,-65,-16,149
fold3_room9_mix008.csv,2064,1,2,-65,-16,148
fold3_room9_mix008.csv,2065,1,2,-65,-16,148
fold3_room9_mix008.csv,2066,1,2,-65,-16,147
fold3_room9_mix008.csv,2067,1,2,-65,-16,147
fold3_room9_mix008.csv,2068,1,2,-64,-16,148
fold3_room9_mix008.csv,2069,1,2,-64,-16,148
fold3_room9_mix008.csv,2085,1,2,-65,-17,147
fold3_room9_mix008.csv,2086,1,2,-65,-17,147
fold3_room9_mix008.csv,2087,1,2,-65,-17,147
fold3_room9_mix008.csv,2088,1,2,-64,-17,147
fold3_room9_mix008.csv,2089,1,2,-64,-16,148
fold3_room9_mix008.csv,2090,1,2,-63,-16,148
fold3_room9_mix008.csv,2091,1,2,-63,-16,149
fold3_room9_mix008.csv,2092,1,2,-63,-16,149
fold3_room9_mix008.csv,2093,1,2,-63,-16,150
fold3_room9_mix008.csv,2094,1,2,-63,-16,150
fold3_room9_mix008.csv,2095,1,2,-63,-16,150
fold3_room9_mix008.csv,2096,1,2,-63,-16,150
fold3_room9_mix008.csv,2097,1,2,-63,-16,150
fold3_room9_mix008.csv,2098,1,2,-64,-16,150
fold3_room9_mix008.csv,2099,1,2,-64,-16,150
fold3_room9_mix008.csv,2100,1,2,-64,-16,150
fold3_room9_mix008.csv,2101,1,2,-64,-16,149
fold3_room9_mix008.csv,2102,1,2,-64,-16,149
fold3_room9_mix008.csv,2103,1,2,-65,-16,148
fold3_room9_mix008.csv,2104,1,2,-65,-16,148
